questions,question_type,zero_shot_answers,zero_shot_contexts
What malware is associated with the 'Industroyer' attack?,factual,<b>The malware associated with the 'Industroyer' attack is known as Industroyer itself.</b>,The malware associated with the 'Industroyer' attack is known as Industroyer itself.
Which group is known for using 'TRITON' malware?,factual,"<b>The group known for using 'TRITON' malware is called ""Charming Kitten.""</b>","The group known for using 'TRITON' malware is called ""Charming Kitten."""
What is the purpose of the 'Havex' malware?,factual,"<b>The purpose of the 'Havex' malware is to facilitate cyber espionage and attacks on industrial control systems. It is designed to infiltrate networks, gather sensitive information, and potentially disrupt operations within critical infrastructure sectors.</b>","The purpose of the 'Havex' malware is to facilitate cyber espionage and attacks on industrial control systems. It is designed to infiltrate networks, gather sensitive information, and potentially disrupt operations within critical infrastructure sectors."
What is the relationship between 'BlackEnergy' malware and the 'Sandworm Team' group?,factual,<b>There is no established relationship between 'BlackEnergy' malware and the 'Sandworm Team' group.</b>,There is no established relationship between 'BlackEnergy' malware and the 'Sandworm Team' group.
What is the goal of 'T0804: block Reporting Message' in ICS environments?,factual,"<b>The goal of 'T0804: block Reporting Message' in ICS environments is to prevent unauthorized or malicious reporting messages from being sent or received. This helps to ensure the integrity and security of the communication within the control system, protecting it from potential threats that could disrupt operations or compromise data.</b>","The goal of 'T0804: block Reporting Message' in ICS environments is to prevent unauthorized or malicious reporting messages from being sent or received. This helps to ensure the integrity and security of the communication within the control system, protecting it from potential threats that could disrupt operations or compromise data."
Which malware is designed to target Schneider Electric Triconex Safety Instrumented Systems (SIS)?,factual,"<b>The malware designed to target Schneider Electric Triconex Safety Instrumented Systems (SIS) is known as ""TRITON.""</b>","The malware designed to target Schneider Electric Triconex Safety Instrumented Systems (SIS) is known as ""TRITON."""
What is 'T0812: Module Firmware' used for in ICS attacks?,factual,<b>'T0812: Module Firmware' is used in ICS attacks to exploit vulnerabilities in the firmware of industrial control system modules. This can allow attackers to manipulate or disrupt the operation of critical infrastructure by targeting the software that controls hardware components within these systems.</b>,'T0812: Module Firmware' is used in ICS attacks to exploit vulnerabilities in the firmware of industrial control system modules. This can allow attackers to manipulate or disrupt the operation of critical infrastructure by targeting the software that controls hardware components within these systems.
Which group is associated with the 'Industroyer' attack?,factual,<b>The group associated with the 'Industroyer' attack is known as Sandworm.</b>,The group associated with the 'Industroyer' attack is known as Sandworm.
What does 'T0806: Brute Force I/O' entail in ICS environments?,factual,"<b>'T0806: Brute Force I/O' in ICS environments refers to a technique where an attacker attempts to gain unauthorized access to systems by systematically trying various input combinations or credentials. This method exploits the input/output operations of industrial control systems, aiming to bypass security measures and gain control over critical infrastructure. The process can involve repeated attempts to access devices or systems, often leading to potential disruptions or unauthorized control if successful.</b>","'T0806: Brute Force I/O' in ICS environments refers to a technique where an attacker attempts to gain unauthorized access to systems by systematically trying various input combinations or credentials. This method exploits the input/output operations of industrial control systems, aiming to bypass security measures and gain control over critical infrastructure. The process can involve repeated attempts to access devices or systems, often leading to potential disruptions or unauthorized control if successful."
What role does 'T0835: Manipulate I/O Image' play in ICS attacks?,factual,"<b>'T0835: Manipulate I/O Image' refers to a technique used in industrial control system (ICS) attacks where an attacker alters the input/output (I/O) images of devices. This manipulation can lead to incorrect readings or commands being executed, potentially causing physical damage, operational disruptions, or safety hazards. By changing the I/O images, attackers can mislead operators or automate processes in a way that benefits their malicious objectives, making it a critical aspect of certain ICS attack strategies.</b>","'T0835: Manipulate I/O Image' refers to a technique used in industrial control system (ICS) attacks where an attacker alters the input/output (I/O) images of devices. This manipulation can lead to incorrect readings or commands being executed, potentially causing physical damage, operational disruptions, or safety hazards. By changing the I/O images, attackers can mislead operators or automate processes in a way that benefits their malicious objectives, making it a critical aspect of certain ICS attack strategies."
What is the function of 'T0886: Remote Services' in ICS attacks?,factual,"<b>'T0886: Remote Services' refers to the use of remote access services in Industrial Control Systems (ICS) attacks. Its function typically involves exploiting remote services to gain unauthorized access to ICS networks. Attackers may use these services to manipulate control systems, disrupt operations, or exfiltrate sensitive data. By leveraging remote access, they can bypass physical security measures and execute attacks from a distance, making it a critical vector in ICS cybersecurity threats.</b>","'T0886: Remote Services' refers to the use of remote access services in Industrial Control Systems (ICS) attacks. Its function typically involves exploiting remote services to gain unauthorized access to ICS networks. Attackers may use these services to manipulate control systems, disrupt operations, or exfiltrate sensitive data. By leveraging remote access, they can bypass physical security measures and execute attacks from a distance, making it a critical vector in ICS cybersecurity threats."
Which group is known for targeting critical infrastructure with 'BlackEnergy'?,factual,"<b>The group known for targeting critical infrastructure with 'BlackEnergy' is APT28, also known as Fancy Bear.</b>","The group known for targeting critical infrastructure with 'BlackEnergy' is APT28, also known as Fancy Bear."
What does the 'Collection' tactic involve in ICS environments?,factual,"<b>The 'Collection' tactic in ICS (Industrial Control Systems) environments involves gathering data from various sources within the system. This can include monitoring network traffic, accessing system logs, and collecting information from devices and sensors. The goal is to obtain valuable insights that can be used for further analysis, threat detection, or operational improvements.</b>","The 'Collection' tactic in ICS (Industrial Control Systems) environments involves gathering data from various sources within the system. This can include monitoring network traffic, accessing system logs, and collecting information from devices and sensors. The goal is to obtain valuable insights that can be used for further analysis, threat detection, or operational improvements."
"What intrusion set uses the ""Alarm Suppression"" attack pattern?",factual,"<b>The intrusion set that uses the ""Alarm Suppression"" attack pattern is APT29.</b>","The intrusion set that uses the ""Alarm Suppression"" attack pattern is APT29."
"Which malware is known to target industrial control systems with ""Data Destruction"" techniques?",factual,"<b>The malware known to target industrial control systems with ""Data Destruction"" techniques is called ""Shamoon.""</b>","The malware known to target industrial control systems with ""Data Destruction"" techniques is called ""Shamoon."""
"What is the primary purpose of the ""Inhibit Response Function"" technique in ICS?",factual,"<b>The primary purpose of the ""Inhibit Response Function"" technique in ICS is to prevent the system from responding to certain inputs or conditions that may lead to undesired or harmful outcomes. This technique is used to enhance safety and control by ensuring that the system does not take action in situations where it could exacerbate a problem or lead to an unsafe state.</b>","The primary purpose of the ""Inhibit Response Function"" technique in ICS is to prevent the system from responding to certain inputs or conditions that may lead to undesired or harmful outcomes. This technique is used to enhance safety and control by ensuring that the system does not take action in situations where it could exacerbate a problem or lead to an unsafe state."
What is the purpose of 'T0885: Commonly Used Port' in ICS attacks?,factual,"<b>'T0885: Commonly Used Port' refers to the identification and exploitation of frequently used network ports in Industrial Control Systems (ICS) during cyber attacks. Attackers often target these ports to gain unauthorized access, disrupt operations, or exfiltrate sensitive data. Understanding which ports are commonly used helps in assessing vulnerabilities and implementing security measures to protect ICS environments from potential threats.</b>","'T0885: Commonly Used Port' refers to the identification and exploitation of frequently used network ports in Industrial Control Systems (ICS) during cyber attacks. Attackers often target these ports to gain unauthorized access, disrupt operations, or exfiltrate sensitive data. Understanding which ports are commonly used helps in assessing vulnerabilities and implementing security measures to protect ICS environments from potential threats."
Which group is known for using the 'NotPetya' ransomware?,factual,"<b>The group known for using the 'NotPetya' ransomware is the Russian cyber group known as APT28, also referred to as Fancy Bear.</b>","The group known for using the 'NotPetya' ransomware is the Russian cyber group known as APT28, also referred to as Fancy Bear."
"What is the alias for the threat group ""CyberAv3ngers""? ",factual,"<b>The alias for the threat group ""CyberAv3ngers"" is ""Cyb3rAv3ngers.""</b>","The alias for the threat group ""CyberAv3ngers"" is ""Cyb3rAv3ngers."""
Which threat group operates the REvil Ransomware-as-a-Service?,factual,<b>The REvil Ransomware-as-a-Service is operated by a threat group known as Sodinokibi.</b>,The REvil Ransomware-as-a-Service is operated by a threat group known as Sodinokibi.
"When was the ""CyberAv3ngers"" group first known to be active?",factual,"<b>The ""CyberAv3ngers"" group was first known to be active in 2020.</b>","The ""CyberAv3ngers"" group was first known to be active in 2020."
"What specific sectors were targeted by the ""HEXANE"" group?",factual,"<b>The ""HEXANE"" group targeted the healthcare and technology sectors.</b>","The ""HEXANE"" group targeted the healthcare and technology sectors."
"What is the MITRE ATT&CK ID for the ""Lazarus Group""?",factual,"<b>The MITRE ATT&CK ID for the ""Lazarus Group"" is T1203.</b>","The MITRE ATT&CK ID for the ""Lazarus Group"" is T1203."
"Which malware was used by the ""Dragonfly"" group against energy companies?",factual,"<b>The ""Dragonfly"" group used the ""Energetic Bear"" malware against energy companies.</b>","The ""Dragonfly"" group used the ""Energetic Bear"" malware against energy companies."
"Which group is associated with the alias ""Pinchy Spider""?",factual,"<b>The group associated with the alias ""Pinchy Spider"" is the ""Lazarus Group.""</b>","The group associated with the alias ""Pinchy Spider"" is the ""Lazarus Group."""
"What kind of interface was defaced by the ""CyberAv3ngers"" group in their 2023 attack?",factual,"<b>The ""CyberAv3ngers"" group defaced a website interface in their 2023 attack.</b>","The ""CyberAv3ngers"" group defaced a website interface in their 2023 attack."
What malware is described as the first to specifically target industrial control systems devices?,factual,<b>The malware described as the first to specifically target industrial control systems devices is Stuxnet.</b>,The malware described as the first to specifically target industrial control systems devices is Stuxnet.
"What threat group is associated with the aliases ""Labyrinth Chollima"" and ""ZINC""? ",factual,"<b>The threat group associated with the aliases ""Labyrinth Chollima"" and ""ZINC"" is North Korea.</b>","The threat group associated with the aliases ""Labyrinth Chollima"" and ""ZINC"" is North Korea."
"In which sectors did the ""EKANS"" ransomware cause significant operational disruptions?",inferential,"<b>The ""EKANS"" ransomware caused significant operational disruptions primarily in the manufacturing and automotive sectors.</b>","The ""EKANS"" ransomware caused significant operational disruptions primarily in the manufacturing and automotive sectors."
 Which group's activities are primarily linked to the Russian origin?,factual,<b>The activities primarily linked to the Russian origin are associated with the Russian group.</b>,The activities primarily linked to the Russian origin are associated with the Russian group.
"What is the alternative name for the malware ""SNAKEHOSE""?",factual,"<b>The alternative name for the malware ""SNAKEHOSE"" is ""SNAKE.""</b>","The alternative name for the malware ""SNAKEHOSE"" is ""SNAKE."""
Which threat group targeted Unitronics Programmable Logic Controllers (PLC) in 2023?,factual,"<b>The threat group that targeted Unitronics Programmable Logic Controllers (PLC) in 2023 is known as ""MuddyWater.""</b>","The threat group that targeted Unitronics Programmable Logic Controllers (PLC) in 2023 is known as ""MuddyWater."""
"What alias is associated with the ""APT33"" group?",factual,"<b>The alias associated with the ""APT33"" group is ""Elfin.""</b>","The alias associated with the ""APT33"" group is ""Elfin."""
"Which threat group is known for the creation and deployment of ""TrickBot""?",factual,"<b>The threat group known for the creation and deployment of ""TrickBot"" is the cybercriminal group known as ""Wizard Spider.""</b>","The threat group known for the creation and deployment of ""TrickBot"" is the cybercriminal group known as ""Wizard Spider."""
"What year was the ""Backdoor.Oldrea"" first used by ""Dragonfly""? ",factual,"<b>The ""Backdoor.Oldrea"" was first used by ""Dragonfly"" in 2018.</b>","The ""Backdoor.Oldrea"" was first used by ""Dragonfly"" in 2018."
" What alias is used by the ""HEXANE"" group, which also refers to the name ""Lyceum""?",factual,"<b>The alias used by the ""HEXANE"" group that also refers to the name ""Lyceum"" is ""Academy.""</b>","The alias used by the ""HEXANE"" group that also refers to the name ""Lyceum"" is ""Academy."""
Which malware is known to have been discovered in 2010 with components used as early as 2008?,factual,<b>The malware known to have been discovered in 2010 with components used as early as 2008 is Stuxnet.</b>,The malware known to have been discovered in 2010 with components used as early as 2008 is Stuxnet.
"Which group is reported to have connections to the IRGC-linked ""Soldiers of Solomon""?",factual,"<b>No relationships have been found regarding connections to the IRGC-linked ""Soldiers of Solomon.""</b>","No relationships have been found regarding connections to the IRGC-linked ""Soldiers of Solomon."""
What is Bad Rabbit?,factual,"<b>Bad Rabbit is a type of ransomware that emerged in 2017. It spreads through malicious software disguised as an Adobe Flash installer, targeting users primarily in Eastern Europe. Once executed, it encrypts files on the infected system and demands a ransom payment in cryptocurrency for decryption.</b>","Bad Rabbit is a type of ransomware that emerged in 2017. It spreads through malicious software disguised as an Adobe Flash installer, targeting users primarily in Eastern Europe. Once executed, it encrypts files on the infected system and demands a ransom payment in cryptocurrency for decryption."
What platform does Bad Rabbit target?,factual,<b>Bad Rabbit targets Windows platforms.</b>,Bad Rabbit targets Windows platforms.
Which malware affected the Ukrainian transportation sector in 2017?,factual,<b>The malware that affected the Ukrainian transportation sector in 2017 is known as NotPetya.</b>,The malware that affected the Ukrainian transportation sector in 2017 is known as NotPetya.
Which sector was targeted by Bad Rabbit in 2017?,factual,<b>The sector targeted by Bad Rabbit in 2017 was the media sector.</b>,The sector targeted by Bad Rabbit in 2017 was the media sector.
Which malware shares aliases with Win32/Diskcoder.D?,factual,"<b>The malware that shares aliases with Win32/Diskcoder.D is known as ""Diskcoder"" and ""Crysis.""</b>","The malware that shares aliases with Win32/Diskcoder.D is known as ""Diskcoder"" and ""Crysis."""
What is the ID for Bad Rabbit in the MITRE ATT&CK framework?,factual,<b>The ID for Bad Rabbit in the MITRE ATT&CK framework is T1203.</b>,The ID for Bad Rabbit in the MITRE ATT&CK framework is T1203.
What does Stuxnet specifically target?,factual,"<b>Stuxnet specifically targets industrial control systems, particularly those used in nuclear facilities.</b>","Stuxnet specifically targets industrial control systems, particularly those used in nuclear facilities."
What is Stuxnet known for?,factual,"<b>Stuxnet is known for being a sophisticated computer worm that specifically targeted industrial control systems, particularly those used in Iran's nuclear program. It is recognized for its ability to cause physical damage to equipment by manipulating the control systems, marking a significant event in the realm of cyber warfare.</b>","Stuxnet is known for being a sophisticated computer worm that specifically targeted industrial control systems, particularly those used in Iran's nuclear program. It is recognized for its ability to cause physical damage to equipment by manipulating the control systems, marking a significant event in the realm of cyber warfare."
Which platform does Stuxnet target?,factual,"<b>Stuxnet targets industrial control systems, specifically those using Siemens software and hardware.</b>","Stuxnet targets industrial control systems, specifically those using Siemens software and hardware."
Which group used NotPetya in a worldwide attack?,factual,"<b>The group that used NotPetya in a worldwide attack is believed to be the Russian military intelligence agency, known as the GRU.</b>","The group that used NotPetya in a worldwide attack is believed to be the Russian military intelligence agency, known as the GRU."
What was the primary purpose of NotPetya?,factual,"<b>The primary purpose of NotPetya was to disrupt and damage the operations of targeted organizations, primarily in Ukraine, by encrypting their data and rendering their systems inoperable. It was designed to cause widespread chaos rather than to generate financial gain.</b>","The primary purpose of NotPetya was to disrupt and damage the operations of targeted organizations, primarily in Ukraine, by encrypting their data and rendering their systems inoperable. It was designed to cause widespread chaos rather than to generate financial gain."
What exploits does NotPetya use to spread?,factual,"<b>NotPetya spreads using several exploits, including the EternalBlue exploit, which targets a vulnerability in the SMB protocol. It also utilizes the EternalRomance exploit and exploits misconfigurations in Windows systems, such as the use of hard-coded credentials and the ability to propagate through network shares. Additionally, it can spread through infected software updates and by leveraging administrative tools like PsExec and Windows Management Instrumentation (WMI).</b>","NotPetya spreads using several exploits, including the EternalBlue exploit, which targets a vulnerability in the SMB protocol. It also utilizes the EternalRomance exploit and exploits misconfigurations in Windows systems, such as the use of hard-coded credentials and the ability to propagate through network shares. Additionally, it can spread through infected software updates and by leveraging administrative tools like PsExec and Windows Management Instrumentation (WMI)."
What platform does NotPetya target?,factual,<b>NotPetya primarily targets Windows operating systems.</b>,NotPetya primarily targets Windows operating systems.
Which malware targets Microsoft Windows and was first detected in November 2008?,factual,<b>The malware that targets Microsoft Windows and was first detected in November 2008 is known as Conficker.</b>,The malware that targets Microsoft Windows and was first detected in November 2008 is known as Conficker.
What is the alias for Conficker?,factual,<b>The alias for Conficker is Downadup.</b>,The alias for Conficker is Downadup.
Which malware ran on Siemens S7 PLCs?,factual,<b>The malware that ran on Siemens S7 PLCs is known as Stuxnet.</b>,The malware that ran on Siemens S7 PLCs is known as Stuxnet.
What is the description of BlackEnergy?,factual,"<b>BlackEnergy is a type of malware that has been associated with various cyber attacks, particularly targeting critical infrastructure. It is known for its ability to conduct distributed denial-of-service (DDoS) attacks, steal sensitive information, and facilitate other malicious activities. BlackEnergy has evolved over time, with different variants being used for various purposes, including espionage and sabotage. Its deployment often involves exploiting vulnerabilities in systems to gain unauthorized access and control.</b>","BlackEnergy is a type of malware that has been associated with various cyber attacks, particularly targeting critical infrastructure. It is known for its ability to conduct distributed denial-of-service (DDoS) attacks, steal sensitive information, and facilitate other malicious activities. BlackEnergy has evolved over time, with different variants being used for various purposes, including espionage and sabotage. Its deployment often involves exploiting vulnerabilities in systems to gain unauthorized access and control."
Which countries were primarily affected by BlackEnergy?,factual,"<b>The countries primarily affected by BlackEnergy include Ukraine, where it was notably involved in cyberattacks against the power grid, as well as other countries in Eastern Europe.</b>","The countries primarily affected by BlackEnergy include Ukraine, where it was notably involved in cyberattacks against the power grid, as well as other countries in Eastern Europe."
What malware toolkit evolved to include a variant of KillDisk?,factual,"<b>The malware toolkit that evolved to include a variant of KillDisk is known as ""Triton.""</b>","The malware toolkit that evolved to include a variant of KillDisk is known as ""Triton."""
Which malware targets engineering workstations?,factual,"<b>The malware that targets engineering workstations is known as ""PIPEDREAM.""</b>","The malware that targets engineering workstations is known as ""PIPEDREAM."""
Which malware was designed to cause impact to high-voltage electrical substations?,inferential,<b>The malware designed to cause impact to high-voltage electrical substations is known as Stuxnet.</b>,The malware designed to cause impact to high-voltage electrical substations is known as Stuxnet.
What is the ID for Industroyer2?,factual,<b>The ID for Industroyer2 is 2021-0001.</b>,The ID for Industroyer2 is 2021-0001.
Which protocol can Industroyer2 communicate over?,factual,<b>Industroyer2 can communicate over the IEC 104 protocol.</b>,Industroyer2 can communicate over the IEC 104 protocol.
What platform does KillDisk target?,factual,<b>KillDisk targets Windows and Linux platforms.</b>,KillDisk targets Windows and Linux platforms.
Which malware was first seen in December 2019 and impacted operations at Honda automotive production facilities?,inferential,"<b>The malware that was first seen in December 2019 and impacted operations at Honda automotive production facilities is known as ""Snake.""</b>","The malware that was first seen in December 2019 and impacted operations at Honda automotive production facilities is known as ""Snake."""
Which processes does EKANS target?,factual,"<b>EKANS targets the processes involved in the regulation of gene expression, specifically those related to the transcription of DNA into RNA.</b>","EKANS targets the processes involved in the regulation of gene expression, specifically those related to the transcription of DNA into RNA."
Which malware was linked to GOLD SOUTHFIELD?,factual,"<b>GOLD SOUTHFIELD was linked to the malware known as ""GOLD SOUTHFIELD.""</b>","GOLD SOUTHFIELD was linked to the malware known as ""GOLD SOUTHFIELD."""
What is the name of the attack framework built to interact with Triconex SIS controllers?,factual,"<b>The name of the attack framework built to interact with Triconex SIS controllers is ""TRITON.""</b>","The name of the attack framework built to interact with Triconex SIS controllers is ""TRITON."""
Which platform does Triton target?,factual,<b>Triton targets the cloud platform.</b>,Triton targets the cloud platform.
Which group was INCONTROLLER developed by?,factual,<b>INCONTROLLER was developed by the INCONTROLLER group.</b>,INCONTROLLER was developed by the INCONTROLLER group.
What does INCONTROLLER have the ability to do?,factual,"<b>INCONTROLLER has the ability to manage and control various processes or systems, although specific functionalities are not detailed in the provided information.</b>","INCONTROLLER has the ability to manage and control various processes or systems, although specific functionalities are not detailed in the provided information."
What platform does INCONTROLLER target?,factual,<b>INCONTROLLER targets the Microsoft Azure platform.</b>,INCONTROLLER targets the Microsoft Azure platform.
Which malware overwrites files with random data to render the OS unbootable?,factual,"<b>The malware that overwrites files with random data to render the operating system unbootable is known as ""wiper"" malware.</b>","The malware that overwrites files with random data to render the operating system unbootable is known as ""wiper"" malware."
What is the alias for KillDisk?,factual,"<b>The alias for KillDisk is ""KillDisk.""</b>","The alias for KillDisk is ""KillDisk."""
Which malware framework was used in the attacks on the Ukrainian power grid in December 2016?,factual,"<b>The malware framework used in the attacks on the Ukrainian power grid in December 2016 was called ""BlackEnergy.""</b>","The malware framework used in the attacks on the Ukrainian power grid in December 2016 was called ""BlackEnergy."""
What is the alias for Industroyer?,factual,"<b>The alias for Industroyer is ""CrashOverride.""</b>","The alias for Industroyer is ""CrashOverride."""
Which malware is a sophisticated toolkit that has been used to collect information since at least 2010?,factual,"<b>The malware that is a sophisticated toolkit used to collect information since at least 2010 is known as ""Zeus.""</b>","The malware that is a sophisticated toolkit used to collect information since at least 2010 is known as ""Zeus."""
What are the aliases for Flame?,factual,"<b>The aliases for Flame are ""Fire"" and ""Inferno.""</b>","The aliases for Flame are ""Fire"" and ""Inferno."""
Which malware was designed to target enterprise environments and has been used in attacks since at least 2018?,factual,"<b>The malware designed to target enterprise environments and has been used in attacks since at least 2018 is known as ""Ransomware.""</b>","The malware designed to target enterprise environments and has been used in attacks since at least 2018 is known as ""Ransomware."""
What is the alias for Ryuk?,factual,"<b>The alias for Ryuk is ""Shinigami.""</b>","The alias for Ryuk is ""Shinigami."""
Which malware targets AutoCAD files with drawings?,factual,"<b>The malware that targets AutoCAD files with drawings is known as ""AutoCAD malware.""</b>","The malware that targets AutoCAD files with drawings is known as ""AutoCAD malware."""
Which malware operates as ransomware-as-a-service (RaaS)?,factual,"<b>Ransomware-as-a-service (RaaS) is a model where developers offer ransomware tools to affiliates for a share of the profits. Specific examples of malware that operate as RaaS include well-known variants like REvil, DarkSide, and LockBit.</b>","Ransomware-as-a-service (RaaS) is a model where developers offer ransomware tools to affiliates for a share of the profits. Specific examples of malware that operate as RaaS include well-known variants like REvil, DarkSide, and LockBit."
Which platform does REvil target?,factual,"<b>REvil targets various platforms, primarily focusing on Windows systems.</b>","REvil targets various platforms, primarily focusing on Windows systems."
Which malware is custom and includes multiple modules tailored towards ICS devices?,factual,"<b>The malware that is custom and includes multiple modules tailored towards ICS devices is known as ""Industroyer.""</b>","The malware that is custom and includes multiple modules tailored towards ICS devices is known as ""Industroyer."""
What are the aliases for INCONTROLLER?,factual,<b>There are no aliases found for INCONTROLLER.</b>,There are no aliases found for INCONTROLLER.
What protocol is used by INCONTROLLER?,factual,<b>The protocol used by INCONTROLLER is the INCONTROLLER protocol.</b>,The protocol used by INCONTROLLER is the INCONTROLLER protocol.
What does the malware VPNFilter collect?,factual,"<b>VPNFilter malware collects information such as network traffic, device information, and credentials. It can also capture data from connected devices and monitor communications.</b>","VPNFilter malware collects information such as network traffic, device information, and credentials. It can also capture data from connected devices and monitor communications."
What platform does VPNFilter target?,factual,<b>VPNFilter targets routers and network-attached storage (NAS) devices.</b>,VPNFilter targets routers and network-attached storage (NAS) devices.
Which country was primarily targeted by Flame?,factual,<b>The country primarily targeted by Flame was Iran.</b>,The country primarily targeted by Flame was Iran.
What is the name of the campaign conducted by CyberAv3ngers in 2023?,factual,"<b>The name of the campaign conducted by CyberAv3ngers in 2023 is ""Operation: Takedown.""</b>","The name of the campaign conducted by CyberAv3ngers in 2023 is ""Operation: Takedown."""
Which threat actor was involved in the Unitronics Defacement Campaign?,factual,"<b>The threat actor involved in the Unitronics Defacement Campaign is known as ""Hackers of the Iranian Cyber Army.""</b>","The threat actor involved in the Unitronics Defacement Campaign is known as ""Hackers of the Iranian Cyber Army."""
What type of devices were targeted in the Unitronics Defacement Campaign?,factual,<b>The devices targeted in the Unitronics Defacement Campaign were programmable logic controllers (PLCs).</b>,The devices targeted in the Unitronics Defacement Campaign were programmable logic controllers (PLCs).
Which sectors were primarily affected by the Unitronics Defacement Campaign?,factual,<b>The sectors primarily affected by the Unitronics Defacement Campaign were the manufacturing and industrial sectors.</b>,The sectors primarily affected by the Unitronics Defacement Campaign were the manufacturing and industrial sectors.
What was the notable feature of the Unitronics Defacement Campaign?,factual,"<b>The notable feature of the Unitronics Defacement Campaign was the use of a specific vulnerability in the web servers of Unitronics products, which allowed attackers to deface the web interfaces of various devices. This campaign highlighted the security weaknesses in industrial control systems and the potential risks associated with inadequate cybersecurity measures in such environments.</b>","The notable feature of the Unitronics Defacement Campaign was the use of a specific vulnerability in the web servers of Unitronics products, which allowed attackers to deface the web interfaces of various devices. This campaign highlighted the security weaknesses in industrial control systems and the potential risks associated with inadequate cybersecurity measures in such environments."
When was the first instance of the Unitronics Defacement Campaign observed?,factual,"<b>The first instance of the Unitronics Defacement Campaign was observed on July 1, 2020.</b>","The first instance of the Unitronics Defacement Campaign was observed on July 1, 2020."
What is the external ID for the Unitronics Defacement Campaign according to MITRE?,factual,"<b>The external ID for the Unitronics Defacement Campaign according to MITRE is ""M2020-005.""</b>","The external ID for the Unitronics Defacement Campaign according to MITRE is ""M2020-005."""
Which publication provided information about IRGC-affiliated hackers in December 2023?,factual,"<b>The publication that provided information about IRGC-affiliated hackers in December 2023 is the ""Washington Post.""</b>","The publication that provided information about IRGC-affiliated hackers in December 2023 is the ""Washington Post."""
What was the first major public attack conducted by the Sandworm Team against Ukraine?,factual,<b>The first major public attack conducted by the Sandworm Team against Ukraine was the cyberattack on the Ukrainian power grid in December 2015. This attack resulted in widespread power outages and marked a significant escalation in cyber warfare targeting critical infrastructure.</b>,The first major public attack conducted by the Sandworm Team against Ukraine was the cyberattack on the Ukrainian power grid in December 2015. This attack resulted in widespread power outages and marked a significant escalation in cyber warfare targeting critical infrastructure.
What malware was used in the 2016 Ukraine Electric Power Attack?,factual,<b>The malware used in the 2016 Ukraine Electric Power Attack was called BlackEnergy.</b>,The malware used in the 2016 Ukraine Electric Power Attack was called BlackEnergy.
Which group conducted the 2016 Ukraine Electric Power Attack?,factual,<b>The group that conducted the 2016 Ukraine Electric Power Attack is known as Sandworm.</b>,The group that conducted the 2016 Ukraine Electric Power Attack is known as Sandworm.
When did the 2016 Ukraine Electric Power Attack occur?,factual,"<b>The 2016 Ukraine Electric Power Attack occurred on December 23, 2016.</b>","The 2016 Ukraine Electric Power Attack occurred on December 23, 2016."
What is the MITRE external ID for the 2016 Ukraine Electric Power Attack?,factual,<b>The MITRE external ID for the 2016 Ukraine Electric Power Attack is ATT&CK ID T1486.</b>,The MITRE external ID for the 2016 Ukraine Electric Power Attack is ATT&CK ID T1486.
Which document detailed the Win32/Industroyer threat for industrial control systems?,factual,"<b>The document that detailed the Win32/Industroyer threat for industrial control systems is the ""Industroyer: The malware that can disrupt critical infrastructure"" report.</b>","The document that detailed the Win32/Industroyer threat for industrial control systems is the ""Industroyer: The malware that can disrupt critical infrastructure"" report."
What campaign did the Sandworm Team launch against Ukraine in 2022?,factual,"<b>The Sandworm Team launched a campaign against Ukraine in 2022 that involved a series of cyberattacks, including the deployment of malware designed to disrupt critical infrastructure and steal sensitive information.</b>","The Sandworm Team launched a campaign against Ukraine in 2022 that involved a series of cyberattacks, including the deployment of malware designed to disrupt critical infrastructure and steal sensitive information."
What techniques were used by the Sandworm Team in the 2022 Ukraine Electric Power Attack?,factual,"<b>The Sandworm Team employed a variety of techniques during the 2022 Ukraine Electric Power Attack, including the use of malware, specifically the Industroyer2 malware, which is designed to target industrial control systems. They also utilized tactics such as spear-phishing to gain initial access, and they executed a coordinated attack that involved disrupting power supply and causing outages. Additionally, the team leveraged advanced persistent threat (APT) strategies to maintain access and control over the targeted systems.</b>","The Sandworm Team employed a variety of techniques during the 2022 Ukraine Electric Power Attack, including the use of malware, specifically the Industroyer2 malware, which is designed to target industrial control systems. They also utilized tactics such as spear-phishing to gain initial access, and they executed a coordinated attack that involved disrupting power supply and causing outages. Additionally, the team leveraged advanced persistent threat (APT) strategies to maintain access and control over the targeted systems."
Which publication provides details about the 2022 Ukraine Electric Power Attack?,factual,"<b>The publication that provides details about the 2022 Ukraine Electric Power Attack is the ""2022 Cybersecurity Annual Report.""</b>","The publication that provides details about the 2022 Ukraine Electric Power Attack is the ""2022 Cybersecurity Annual Report."""
What is the MITRE external ID for the 2022 Ukraine Electric Power Attack?,factual,<b>The MITRE external ID for the 2022 Ukraine Electric Power Attack is T1499.</b>,The MITRE external ID for the 2022 Ukraine Electric Power Attack is T1499.
What mitigation involves restricting code execution to a virtual environment on an endpoint?,factual,<b>The mitigation that involves restricting code execution to a virtual environment on an endpoint is known as application sandboxing.</b>,The mitigation that involves restricting code execution to a virtual environment on an endpoint is known as application sandboxing.
What is the MITRE external ID for Application Isolation and Sandboxing?,factual,<b>The MITRE external ID for Application Isolation and Sandboxing is T1171.</b>,The MITRE external ID for Application Isolation and Sandboxing is T1171.
Which guideline is associated with the mitigation strategy of Application Isolation and Sandboxing?,factual,<b>The guideline associated with the mitigation strategy of Application Isolation and Sandboxing is NIST SP 800-53.</b>,The guideline associated with the mitigation strategy of Application Isolation and Sandboxing is NIST SP 800-53.
What is the purpose of filtering network traffic according to MITRE?,factual,"<b>The purpose of filtering network traffic is to enhance security by controlling the flow of data into and out of a network. This process helps to prevent unauthorized access, detect malicious activities, and ensure that only legitimate traffic is allowed, thereby protecting sensitive information and maintaining the integrity of the network.</b>","The purpose of filtering network traffic is to enhance security by controlling the flow of data into and out of a network. This process helps to prevent unauthorized access, detect malicious activities, and ensure that only legitimate traffic is allowed, thereby protecting sensitive information and maintaining the integrity of the network."
What is the MITRE external ID for the 'Filter Network Traffic' course of action?,factual,<b>The MITRE external ID for the 'Filter Network Traffic' course of action is T1040.</b>,The MITRE external ID for the 'Filter Network Traffic' course of action is T1040.
What document provides guidelines on firewall deployment for SCADA and process control networks?,factual,"<b>The document that provides guidelines on firewall deployment for SCADA and process control networks is the ""NIST Special Publication 800-82.""</b>","The document that provides guidelines on firewall deployment for SCADA and process control networks is the ""NIST Special Publication 800-82."""
What is the focus of the 'Restrict Web-Based Content' course of action?,factual,"<b>The focus of the 'Restrict Web-Based Content' course of action is to limit access to certain online materials and resources. This may involve implementing measures to block or filter specific websites, applications, or types of content that are deemed inappropriate or harmful. The goal is to create a safer and more controlled online environment, particularly in settings such as schools or workplaces.</b>","The focus of the 'Restrict Web-Based Content' course of action is to limit access to certain online materials and resources. This may involve implementing measures to block or filter specific websites, applications, or types of content that are deemed inappropriate or harmful. The goal is to create a safer and more controlled online environment, particularly in settings such as schools or workplaces."
What is the MITRE external ID for 'Restrict Web-Based Content'?,factual,<b>The MITRE external ID for 'Restrict Web-Based Content' is M1027.</b>,The MITRE external ID for 'Restrict Web-Based Content' is M1027.
Which guideline is associated with validating program inputs?,factual,"<b>The guideline associated with validating program inputs is the ""Input Validation"" guideline.</b>","The guideline associated with validating program inputs is the ""Input Validation"" guideline."
What is the purpose of validating program inputs?,factual,"<b>The purpose of validating program inputs is to ensure that the data received by a program is accurate, complete, and in the expected format. This process helps to prevent errors, security vulnerabilities, and unexpected behavior in the program by filtering out invalid or malicious data before it is processed. Validating inputs contributes to the overall reliability and robustness of the software.</b>","The purpose of validating program inputs is to ensure that the data received by a program is accurate, complete, and in the expected format. This process helps to prevent errors, security vulnerabilities, and unexpected behavior in the program by filtering out invalid or malicious data before it is processed. Validating inputs contributes to the overall reliability and robustness of the software."
What publication provides details about secure PLC coding practices?,factual,"<b>The publication that provides details about secure PLC coding practices is ""ISA/IEC 62443-4-2.""</b>","The publication that provides details about secure PLC coding practices is ""ISA/IEC 62443-4-2."""
What is the purpose of network segmentation in ICS environments?,factual,"<b>The purpose of network segmentation in Industrial Control System (ICS) environments is to enhance security and manageability by dividing the network into smaller, isolated segments. This approach helps to limit the spread of potential cyber threats, reduces the attack surface, and allows for more effective monitoring and control of network traffic. Additionally, segmentation can improve system performance and compliance with regulatory requirements by ensuring that critical systems are protected and that access is restricted to authorized users only.</b>","The purpose of network segmentation in Industrial Control System (ICS) environments is to enhance security and manageability by dividing the network into smaller, isolated segments. This approach helps to limit the spread of potential cyber threats, reduces the attack surface, and allows for more effective monitoring and control of network traffic. Additionally, segmentation can improve system performance and compliance with regulatory requirements by ensuring that critical systems are protected and that access is restricted to authorized users only."
What is the MITRE external ID for 'Network Segmentation'?,factual,<b>The MITRE external ID for 'Network Segmentation' is M1030.</b>,The MITRE external ID for 'Network Segmentation' is M1030.
Which guideline is associated with the course of action for Network Segmentation?,factual,<b>The guideline associated with the course of action for Network Segmentation is NIST SP 800-53.</b>,The guideline associated with the course of action for Network Segmentation is NIST SP 800-53.
What mitigation involves restricting the ability to modify certain hives or keys in the Windows Registry?,factual,"<b>The mitigation that involves restricting the ability to modify certain hives or keys in the Windows Registry is known as ""Registry Permissions."" This approach helps to prevent unauthorized changes to critical system settings and enhances overall security by controlling access to specific areas of the registry.</b>","The mitigation that involves restricting the ability to modify certain hives or keys in the Windows Registry is known as ""Registry Permissions."" This approach helps to prevent unauthorized changes to critical system settings and enhances overall security by controlling access to specific areas of the registry."
What is the MITRE external ID for 'Restrict Registry Permissions'?,factual,<b>The MITRE external ID for 'Restrict Registry Permissions' is T1070.</b>,The MITRE external ID for 'Restrict Registry Permissions' is T1070.
Which guideline is associated with Restrict Registry Permissions?,factual,"<b>The guideline associated with Restrict Registry Permissions is the ""Access Control"" guideline.</b>","The guideline associated with Restrict Registry Permissions is the ""Access Control"" guideline."
What is Data Loss Prevention (DLP) used for in ICS environments?,factual,"<b>Data Loss Prevention (DLP) in Industrial Control Systems (ICS) environments is used to protect sensitive data from unauthorized access, loss, or leakage. It helps ensure the integrity and confidentiality of critical information by monitoring and controlling data transfers, both within the organization and externally. DLP solutions can identify, classify, and manage sensitive data, thereby mitigating risks associated with data breaches and ensuring compliance with regulatory requirements.</b>","Data Loss Prevention (DLP) in Industrial Control Systems (ICS) environments is used to protect sensitive data from unauthorized access, loss, or leakage. It helps ensure the integrity and confidentiality of critical information by monitoring and controlling data transfers, both within the organization and externally. DLP solutions can identify, classify, and manage sensitive data, thereby mitigating risks associated with data breaches and ensuring compliance with regulatory requirements."
What is the MITRE external ID for 'Data Loss Prevention'?,factual,<b>The MITRE external ID for 'Data Loss Prevention' is DLP-1.</b>,The MITRE external ID for 'Data Loss Prevention' is DLP-1.
What is the role of Access Management technologies in ICS environments?,factual,"<b>Access Management technologies in Industrial Control System (ICS) environments play a crucial role in ensuring that only authorized personnel can access critical systems and data. They help in defining and enforcing user permissions, managing identities, and controlling access to various components of the ICS. This is essential for maintaining the integrity, confidentiality, and availability of the systems, as well as for protecting against unauthorized access and potential cyber threats. By implementing robust access management practices, organizations can enhance their security posture and ensure compliance with regulatory requirements.</b>","Access Management technologies in Industrial Control System (ICS) environments play a crucial role in ensuring that only authorized personnel can access critical systems and data. They help in defining and enforcing user permissions, managing identities, and controlling access to various components of the ICS. This is essential for maintaining the integrity, confidentiality, and availability of the systems, as well as for protecting against unauthorized access and potential cyber threats. By implementing robust access management practices, organizations can enhance their security posture and ensure compliance with regulatory requirements."
What is the MITRE external ID for 'Access Management'?,factual,<b>The MITRE external ID for 'Access Management' is not provided in the available information.</b>,The MITRE external ID for 'Access Management' is not provided in the available information.
Which document provides guidelines on configuring and managing remote access for industrial control systems?,factual,<b>The document that provides guidelines on configuring and managing remote access for industrial control systems is NIST SP 800-82.</b>,The document that provides guidelines on configuring and managing remote access for industrial control systems is NIST SP 800-82.
What mitigation strategy focuses on detecting and blocking conditions that may lead to software exploits?,factual,"<b>The mitigation strategy that focuses on detecting and blocking conditions that may lead to software exploits is known as ""vulnerability management."" This approach involves identifying, assessing, and prioritizing vulnerabilities in software systems to prevent potential exploits.</b>","The mitigation strategy that focuses on detecting and blocking conditions that may lead to software exploits is known as ""vulnerability management."" This approach involves identifying, assessing, and prioritizing vulnerabilities in software systems to prevent potential exploits."
What is the MITRE external ID for 'Exploit Protection'?,factual,<b>The MITRE external ID for 'Exploit Protection' is T1203.</b>,The MITRE external ID for 'Exploit Protection' is T1203.
Which guideline is associated with Exploit Protection?,factual,"<b>The guideline associated with Exploit Protection is the ""Exploit Protection"" guideline itself.</b>","The guideline associated with Exploit Protection is the ""Exploit Protection"" guideline itself."
What mitigation strategy involves preventing access to file shares and remote access to systems?,factual,"<b>The mitigation strategy that involves preventing access to file shares and remote access to systems is known as ""access control."" This strategy focuses on restricting unauthorized users from accessing sensitive data and systems, thereby enhancing security.</b>","The mitigation strategy that involves preventing access to file shares and remote access to systems is known as ""access control."" This strategy focuses on restricting unauthorized users from accessing sensitive data and systems, thereby enhancing security."
What is the MITRE external ID for 'Limit Access to Resource Over Network'?,factual,<b>The MITRE external ID for 'Limit Access to Resource Over Network' is M1021.</b>,The MITRE external ID for 'Limit Access to Resource Over Network' is M1021.
Which guideline is associated with 'Limit Access to Resource Over Network'?,factual,"<b>The guideline associated with 'Limit Access to Resource Over Network' is the ""Access Control"" guideline.</b>","The guideline associated with 'Limit Access to Resource Over Network' is the ""Access Control"" guideline."
What is the purpose of 'Static Network Configuration' in ICS environments?,factual,"<b>The purpose of 'Static Network Configuration' in ICS (Industrial Control Systems) environments is to ensure that network settings, such as IP addresses and subnet masks, are fixed and do not change over time. This stability is crucial for maintaining reliable communication between devices, ensuring that critical systems can consistently connect and interact without the disruptions that can arise from dynamic IP addressing. Static configurations help enhance security, simplify network management, and reduce the risk of miscommunication or downtime in industrial operations.</b>","The purpose of 'Static Network Configuration' in ICS (Industrial Control Systems) environments is to ensure that network settings, such as IP addresses and subnet masks, are fixed and do not change over time. This stability is crucial for maintaining reliable communication between devices, ensuring that critical systems can consistently connect and interact without the disruptions that can arise from dynamic IP addressing. Static configurations help enhance security, simplify network management, and reduce the risk of miscommunication or downtime in industrial operations."
What is the MITRE external ID for 'Static Network Configuration'?,factual,<b>The MITRE external ID for 'Static Network Configuration' is T1046.</b>,The MITRE external ID for 'Static Network Configuration' is T1046.
Which guideline is associated with 'Static Network Configuration'?,factual,"<b>The guideline associated with 'Static Network Configuration' is the ""Network Configuration"" guideline.</b>","The guideline associated with 'Static Network Configuration' is the ""Network Configuration"" guideline."
What is the purpose of setting and enforcing secure password policies?,factual,"<b>The purpose of setting and enforcing secure password policies is to enhance the security of systems and data by ensuring that passwords are strong, unique, and regularly updated. This helps to protect against unauthorized access, data breaches, and identity theft. Secure password policies also promote user awareness about the importance of password security and encourage best practices in password management.</b>","The purpose of setting and enforcing secure password policies is to enhance the security of systems and data by ensuring that passwords are strong, unique, and regularly updated. This helps to protect against unauthorized access, data breaches, and identity theft. Secure password policies also promote user awareness about the importance of password security and encourage best practices in password management."
What is the MITRE external ID for 'Password Policies'?,factual,<b>The MITRE external ID for 'Password Policies' is M1036.</b>,The MITRE external ID for 'Password Policies' is M1036.
Which guideline is associated with 'Password Policies'?,factual,<b>The guideline associated with 'Password Policies' is NIST SP 800-53.</b>,The guideline associated with 'Password Policies' is NIST SP 800-53.
What is the name of the attack pattern that involves blocking a command message?,factual,"<b>The attack pattern that involves blocking a command message is known as ""Command Injection.""</b>","The attack pattern that involves blocking a command message is known as ""Command Injection."""
What is the description of the 'Block Command Message' attack pattern?,factual,"<b>The 'Block Command Message' attack pattern involves an adversary attempting to disrupt or prevent the execution of commands or messages within a system. This can be achieved by blocking the communication channels or manipulating the command messages to prevent them from being processed correctly. The goal of this attack is to hinder the normal operation of the system, potentially leading to denial of service or other operational failures.</b>","The 'Block Command Message' attack pattern involves an adversary attempting to disrupt or prevent the execution of commands or messages within a system. This can be achieved by blocking the communication channels or manipulating the command messages to prevent them from being processed correctly. The goal of this attack is to hinder the normal operation of the system, potentially leading to denial of service or other operational failures."
Which kill chain phase does the 'Block Command Message' attack pattern belong to?,factual,<b>The 'Block Command Message' attack pattern belongs to the 'Command and Control' phase of the kill chain.</b>,The 'Block Command Message' attack pattern belongs to the 'Command and Control' phase of the kill chain.
What is the external ID for the 'Block Command Message' attack pattern?,factual,<b>The external ID for the 'Block Command Message' attack pattern is T1203.</b>,The external ID for the 'Block Command Message' attack pattern is T1203.
Which data sources are associated with the 'Block Command Message' attack pattern?,factual,<b>No data sources are associated with the 'Block Command Message' attack pattern.</b>,No data sources are associated with the 'Block Command Message' attack pattern.
What is the name of the attack pattern that involves stopping services?,factual,"<b>The attack pattern that involves stopping services is known as ""Service Stop.""</b>","The attack pattern that involves stopping services is known as ""Service Stop."""
What is the description of the 'Service Stop' attack pattern?,factual,"<b>The 'Service Stop' attack pattern involves an adversary attempting to disrupt the availability of a service by stopping it. This can be achieved through various means, such as exploiting vulnerabilities, misconfigurations, or using denial-of-service techniques. The goal is to render the service inoperable, affecting users and potentially causing significant operational impact.</b>","The 'Service Stop' attack pattern involves an adversary attempting to disrupt the availability of a service by stopping it. This can be achieved through various means, such as exploiting vulnerabilities, misconfigurations, or using denial-of-service techniques. The goal is to render the service inoperable, affecting users and potentially causing significant operational impact."
Which kill chain phase does the 'Service Stop' attack pattern belong to?,factual,<b>The 'Service Stop' attack pattern belongs to the 'Delivery' phase of the kill chain.</b>,The 'Service Stop' attack pattern belongs to the 'Delivery' phase of the kill chain.
What is the external ID for the 'Service Stop' attack pattern?,factual,<b>The external ID for the 'Service Stop' attack pattern is T1498.</b>,The external ID for the 'Service Stop' attack pattern is T1498.
Which data sources are associated with the 'Service Stop' attack pattern?,factual,<b>No data sources are associated with the 'Service Stop' attack pattern.</b>,No data sources are associated with the 'Service Stop' attack pattern.
What is the name of the attack pattern that involves modifying parameters?,factual,"<b>The attack pattern that involves modifying parameters is known as ""Parameter Injection.""</b>","The attack pattern that involves modifying parameters is known as ""Parameter Injection."""
What is the description of the 'Modify Parameter' attack pattern?,factual,"<b>The 'Modify Parameter' attack pattern involves an attacker altering parameters in a request to manipulate the behavior of an application. This can lead to unauthorized actions, data exposure, or other unintended consequences. Attackers may exploit this vulnerability by changing values in URL parameters, form fields, or HTTP headers to gain access to restricted functionalities or to modify data inappropriately.</b>","The 'Modify Parameter' attack pattern involves an attacker altering parameters in a request to manipulate the behavior of an application. This can lead to unauthorized actions, data exposure, or other unintended consequences. Attackers may exploit this vulnerability by changing values in URL parameters, form fields, or HTTP headers to gain access to restricted functionalities or to modify data inappropriately."
Which kill chain phase does the 'Modify Parameter' attack pattern belong to?,factual,<b>The 'Modify Parameter' attack pattern belongs to the 'Delivery' phase of the kill chain.</b>,The 'Modify Parameter' attack pattern belongs to the 'Delivery' phase of the kill chain.
What is the external ID for the 'Modify Parameter' attack pattern?,factual,<b>The external ID for the 'Modify Parameter' attack pattern is T1203.</b>,The external ID for the 'Modify Parameter' attack pattern is T1203.
Which data sources are associated with the 'Modify Parameter' attack pattern?,factual,<b>No data sources are associated with the 'Modify Parameter' attack pattern.</b>,No data sources are associated with the 'Modify Parameter' attack pattern.
What is the name of the attack pattern that involves modifying controller tasking?,factual,"<b>The attack pattern that involves modifying controller tasking is known as ""Manipulation of Control.""</b>","The attack pattern that involves modifying controller tasking is known as ""Manipulation of Control."""
What is the description of the 'Modify Controller Tasking' attack pattern?,factual,"<b>The 'Modify Controller Tasking' attack pattern involves an adversary altering the tasking instructions of a controller, which can lead to unauthorized changes in the operation of the system. This manipulation can result in the controller executing unintended commands or behaviors, potentially compromising the integrity and functionality of the system being controlled.</b>","The 'Modify Controller Tasking' attack pattern involves an adversary altering the tasking instructions of a controller, which can lead to unauthorized changes in the operation of the system. This manipulation can result in the controller executing unintended commands or behaviors, potentially compromising the integrity and functionality of the system being controlled."
Which kill chain phase does the 'Modify Controller Tasking' attack pattern belong to?,factual,<b>The 'Modify Controller Tasking' attack pattern belongs to the 'Delivery' phase of the kill chain.</b>,The 'Modify Controller Tasking' attack pattern belongs to the 'Delivery' phase of the kill chain.
What is the external ID for the 'Modify Controller Tasking' attack pattern?,factual,<b>The external ID for the 'Modify Controller Tasking' attack pattern is T1071.</b>,The external ID for the 'Modify Controller Tasking' attack pattern is T1071.
Which data sources are associated with the 'Modify Controller Tasking' attack pattern?,factual,<b>No data sources are associated with the 'Modify Controller Tasking' attack pattern.</b>,No data sources are associated with the 'Modify Controller Tasking' attack pattern.
What is the name of the attack pattern that involves wireless sniffing?,factual,"<b>The attack pattern that involves wireless sniffing is known as ""Wireless Sniffing.""</b>","The attack pattern that involves wireless sniffing is known as ""Wireless Sniffing."""
What is the description of the 'Wireless Sniffing' attack pattern?,factual,"<b>Wireless sniffing is an attack pattern where an attacker intercepts and analyzes wireless network traffic. This can involve capturing data packets transmitted over a wireless network, allowing the attacker to access sensitive information such as passwords, personal data, and other confidential communications. The attack typically exploits vulnerabilities in wireless protocols and can be conducted using specialized software and hardware tools designed for monitoring and analyzing network traffic.</b>","Wireless sniffing is an attack pattern where an attacker intercepts and analyzes wireless network traffic. This can involve capturing data packets transmitted over a wireless network, allowing the attacker to access sensitive information such as passwords, personal data, and other confidential communications. The attack typically exploits vulnerabilities in wireless protocols and can be conducted using specialized software and hardware tools designed for monitoring and analyzing network traffic."
Which kill chain phases does the 'Wireless Sniffing' attack pattern belong to?,factual,<b>The 'Wireless Sniffing' attack pattern belongs to the 'Delivery' and 'Exploitation' phases of the kill chain.</b>,The 'Wireless Sniffing' attack pattern belongs to the 'Delivery' and 'Exploitation' phases of the kill chain.
What is the external ID for the 'Wireless Sniffing' attack pattern?,factual,<b>The external ID for the 'Wireless Sniffing' attack pattern is not provided in the available information.</b>,The external ID for the 'Wireless Sniffing' attack pattern is not provided in the available information.
Which data sources are associated with the 'Wireless Sniffing' attack pattern?,factual,<b>No data sources are associated with the 'Wireless Sniffing' attack pattern.</b>,No data sources are associated with the 'Wireless Sniffing' attack pattern.
What is the name of the attack pattern that involves loss of view?,opinion,"<b>The attack pattern that involves loss of view is known as ""Denial of Service.""</b>","The attack pattern that involves loss of view is known as ""Denial of Service."""
What is the description of the 'Loss of View' attack pattern?,opinion,"<b>The 'Loss of View' attack pattern involves an adversary preventing a user from accessing or perceiving certain information or data. This can occur through various means, such as manipulating the display of information, blocking access to data, or creating distractions that divert attention away from critical information. The goal of this attack is to impair the user's ability to make informed decisions or to act based on the information that is being obscured or hidden.</b>","The 'Loss of View' attack pattern involves an adversary preventing a user from accessing or perceiving certain information or data. This can occur through various means, such as manipulating the display of information, blocking access to data, or creating distractions that divert attention away from critical information. The goal of this attack is to impair the user's ability to make informed decisions or to act based on the information that is being obscured or hidden."
Which kill chain phase does the 'Loss of View' attack pattern belong to?,opinion,"<b>The 'Loss of View' attack pattern belongs to the ""Delivery"" phase of the kill chain.</b>","The 'Loss of View' attack pattern belongs to the ""Delivery"" phase of the kill chain."
What is the external ID for the 'Loss of View' attack pattern?,opinion,<b>The external ID for the 'Loss of View' attack pattern is T1021.</b>,The external ID for the 'Loss of View' attack pattern is T1021.
Which external references are associated with the 'Loss of View' attack pattern?,opinion,<b>There are no external references associated with the 'Loss of View' attack pattern.</b>,There are no external references associated with the 'Loss of View' attack pattern.
What is the name of the attack pattern that involves activating firmware update mode?,factual,"<b>The attack pattern that involves activating firmware update mode is known as ""Firmware Update.""</b>","The attack pattern that involves activating firmware update mode is known as ""Firmware Update."""
What is the description of the 'Activate Firmware Update Mode' attack pattern?,factual,"<b>The 'Activate Firmware Update Mode' attack pattern involves an attacker manipulating a device to enter a state that allows for firmware updates. This can enable the attacker to install malicious firmware, potentially compromising the device's functionality and security. The attack typically exploits vulnerabilities in the update process or the device's firmware management features, allowing unauthorized access and control over the device.</b>","The 'Activate Firmware Update Mode' attack pattern involves an attacker manipulating a device to enter a state that allows for firmware updates. This can enable the attacker to install malicious firmware, potentially compromising the device's functionality and security. The attack typically exploits vulnerabilities in the update process or the device's firmware management features, allowing unauthorized access and control over the device."
Which kill chain phase does the 'Activate Firmware Update Mode' attack pattern belong to?,factual,<b>The 'Activate Firmware Update Mode' attack pattern belongs to the Delivery phase of the kill chain.</b>,The 'Activate Firmware Update Mode' attack pattern belongs to the Delivery phase of the kill chain.
What is the external ID for the 'Activate Firmware Update Mode' attack pattern?,factual,<b>The external ID for the 'Activate Firmware Update Mode' attack pattern is T1552.002.</b>,The external ID for the 'Activate Firmware Update Mode' attack pattern is T1552.002.
Which data sources are associated with the 'Activate Firmware Update Mode' attack pattern?,factual,<b>No data sources are associated with the 'Activate Firmware Update Mode' attack pattern.</b>,No data sources are associated with the 'Activate Firmware Update Mode' attack pattern.
What is the name of the attack pattern that involves manipulation of control?,factual,"<b>The attack pattern that involves manipulation of control is known as ""Control Manipulation.""</b>","The attack pattern that involves manipulation of control is known as ""Control Manipulation."""
What is the description of the 'Manipulation of Control' attack pattern?,factual,"<b>The 'Manipulation of Control' attack pattern involves an adversary gaining unauthorized control over a system or its components, allowing them to manipulate the system's operations or data. This can include altering configurations, bypassing security measures, or executing commands that compromise the integrity and availability of the system. The goal of such an attack is often to disrupt normal functioning, steal sensitive information, or gain further access to the network or system.</b>","The 'Manipulation of Control' attack pattern involves an adversary gaining unauthorized control over a system or its components, allowing them to manipulate the system's operations or data. This can include altering configurations, bypassing security measures, or executing commands that compromise the integrity and availability of the system. The goal of such an attack is often to disrupt normal functioning, steal sensitive information, or gain further access to the network or system."
Which kill chain phase does the 'Manipulation of Control' attack pattern belong to?,factual,<b>The 'Manipulation of Control' attack pattern belongs to the 'Delivery' phase of the kill chain.</b>,The 'Manipulation of Control' attack pattern belongs to the 'Delivery' phase of the kill chain.
What is the external ID for the 'Manipulation of Control' attack pattern?,factual,<b>The external ID for the 'Manipulation of Control' attack pattern is not provided in the available information.</b>,The external ID for the 'Manipulation of Control' attack pattern is not provided in the available information.
Which external references are associated with the 'Manipulation of Control' attack pattern?,factual,<b>There are no external references associated with the 'Manipulation of Control' attack pattern.</b>,There are no external references associated with the 'Manipulation of Control' attack pattern.
What is the name of the attack pattern that involves denial of service?,factual,<b>The attack pattern that involves denial of service is known as a Denial of Service (DoS) attack.</b>,The attack pattern that involves denial of service is known as a Denial of Service (DoS) attack.
What is the description of the 'Denial of Service' attack pattern?,factual,"<b>A 'Denial of Service' attack pattern involves overwhelming a target system, service, or network with a flood of traffic or requests, rendering it unable to respond to legitimate users. This can lead to service unavailability, disruption of operations, and potential financial losses for the affected organization. The attack can be executed through various methods, including sending excessive data packets, exploiting vulnerabilities, or using botnets to amplify the attack's impact.</b>","A 'Denial of Service' attack pattern involves overwhelming a target system, service, or network with a flood of traffic or requests, rendering it unable to respond to legitimate users. This can lead to service unavailability, disruption of operations, and potential financial losses for the affected organization. The attack can be executed through various methods, including sending excessive data packets, exploiting vulnerabilities, or using botnets to amplify the attack's impact."
Which kill chain phase does the 'Denial of Service' attack pattern belong to?,factual,<b>The 'Denial of Service' attack pattern belongs to the 'Delivery' phase of the kill chain.</b>,The 'Denial of Service' attack pattern belongs to the 'Delivery' phase of the kill chain.
What is the external ID for the 'Denial of Service' attack pattern?,factual,<b>The external ID for the 'Denial of Service' attack pattern is not provided in the available information.</b>,The external ID for the 'Denial of Service' attack pattern is not provided in the available information.
Which data sources are associated with the 'Denial of Service' attack pattern?,factual,<b>No data sources are associated with the 'Denial of Service' attack pattern.</b>,No data sources are associated with the 'Denial of Service' attack pattern.
What is the name of the attack pattern that involves blocking serial COM?,factual,"<b>The attack pattern that involves blocking serial COM is known as ""COM Blocking.""</b>","The attack pattern that involves blocking serial COM is known as ""COM Blocking."""
What is the description of the 'Block Serial COM' attack pattern?,factual,"<b>The 'Block Serial COM' attack pattern involves the manipulation or disruption of serial communication protocols. This can include blocking or interfering with the data transmission between devices that communicate over serial ports. The goal of such an attack may be to prevent legitimate communication, intercept data, or cause devices to malfunction. Attackers may exploit vulnerabilities in the serial communication process to achieve their objectives, leading to potential security breaches or operational disruptions.</b>","The 'Block Serial COM' attack pattern involves the manipulation or disruption of serial communication protocols. This can include blocking or interfering with the data transmission between devices that communicate over serial ports. The goal of such an attack may be to prevent legitimate communication, intercept data, or cause devices to malfunction. Attackers may exploit vulnerabilities in the serial communication process to achieve their objectives, leading to potential security breaches or operational disruptions."
Which kill chain phase does the 'Block Serial COM' attack pattern belong to?,factual,<b>The 'Block Serial COM' attack pattern belongs to the 'Delivery' phase of the kill chain.</b>,The 'Block Serial COM' attack pattern belongs to the 'Delivery' phase of the kill chain.
What is the external ID for the 'Block Serial COM' attack pattern?,factual,<b>The external ID for the 'Block Serial COM' attack pattern is T1203.</b>,The external ID for the 'Block Serial COM' attack pattern is T1203.
Which data sources are associated with the 'Block Serial COM' attack pattern?,factual,<b>No data sources are associated with the 'Block Serial COM' attack pattern.</b>,No data sources are associated with the 'Block Serial COM' attack pattern.
What is the name of the technique used by adversaries to bypass process and/or signature-based defenses?,factual,"<b>The technique used by adversaries to bypass process and/or signature-based defenses is known as ""polymorphism.""</b>","The technique used by adversaries to bypass process and/or signature-based defenses is known as ""polymorphism."""
Which technique involves collecting point and tag values to understand the process environment?,factual,<b>The technique that involves collecting point and tag values to understand the process environment is known as data logging or data acquisition.</b>,The technique that involves collecting point and tag values to understand the process environment is known as data logging or data acquisition.
What method do adversaries use to gather information about the physical process state?,factual,"<b>Adversaries use various methods to gather information about the physical process state, including network scanning, monitoring communication channels, and exploiting vulnerabilities in systems to access data. They may also employ social engineering techniques to obtain sensitive information from personnel or utilize malware to infiltrate systems and extract relevant data.</b>","Adversaries use various methods to gather information about the physical process state, including network scanning, monitoring communication channels, and exploiting vulnerabilities in systems to access data. They may also employ social engineering techniques to obtain sensitive information from personnel or utilize malware to infiltrate systems and extract relevant data."
What technique might adversaries use to forcibly restart or shutdown a device in an ICS environment?,factual,"<b>Adversaries might use a technique known as ""Denial of Service"" (DoS) to forcibly restart or shutdown a device in an Industrial Control System (ICS) environment. This can involve overwhelming the device with excessive requests or exploiting vulnerabilities to disrupt its normal operation, leading to a forced restart or shutdown.</b>","Adversaries might use a technique known as ""Denial of Service"" (DoS) to forcibly restart or shutdown a device in an Industrial Control System (ICS) environment. This can involve overwhelming the device with excessive requests or exploiting vulnerabilities to disrupt its normal operation, leading to a forced restart or shutdown."
What is the purpose of the 'System Binary Proxy Execution' technique?,factual,"<b>The 'System Binary Proxy Execution' technique is used to execute malicious payloads by leveraging legitimate system binaries. This technique allows attackers to bypass security measures by disguising their actions as normal system operations, making it harder for security tools to detect the malicious activity.</b>","The 'System Binary Proxy Execution' technique is used to execute malicious payloads by leveraging legitimate system binaries. This technique allows attackers to bypass security measures by disguising their actions as normal system operations, making it harder for security tools to detect the malicious activity."
Which technique involves leveraging weaknesses in public-facing applications?,factual,"<b>The technique that involves leveraging weaknesses in public-facing applications is known as ""web application exploitation.""</b>","The technique that involves leveraging weaknesses in public-facing applications is known as ""web application exploitation."""
What is the potential result of a 'Loss of Protection' in an ICS environment?,inferential,"<b>A 'Loss of Protection' in an ICS (Industrial Control System) environment can lead to several potential results, including unauthorized access to critical systems, disruption of operations, and increased vulnerability to cyberattacks. This situation may result in compromised safety measures, leading to physical damage to equipment, environmental hazards, or even threats to human safety. Additionally, it can cause significant financial losses and damage to the organization's reputation.</b>","A 'Loss of Protection' in an ICS (Industrial Control System) environment can lead to several potential results, including unauthorized access to critical systems, disruption of operations, and increased vulnerability to cyberattacks. This situation may result in compromised safety measures, leading to physical damage to equipment, environmental hazards, or even threats to human safety. Additionally, it can cause significant financial losses and damage to the organization's reputation."
Which technique may involve adversaries suppressing protection function alarms?,factual,"<b>The technique that may involve adversaries suppressing protection function alarms is known as ""alarm suppression.""</b>","The technique that may involve adversaries suppressing protection function alarms is known as ""alarm suppression."""
What type of device is targeted in the 'Transient Cyber Asset' technique?,factual,"<b>The 'Transient Cyber Asset' technique targets devices that are temporary or short-lived in nature, such as cloud instances, containers, or other ephemeral resources that may not have a permanent presence in a network.</b>","The 'Transient Cyber Asset' technique targets devices that are temporary or short-lived in nature, such as cloud instances, containers, or other ephemeral resources that may not have a permanent presence in a network."
What is the role of 'Remote System Information Discovery' in adversarial activities?,factual,"<b>'Remote System Information Discovery' plays a crucial role in adversarial activities by allowing attackers to gather detailed information about a target system's configuration, software, and hardware. This information can be used to identify vulnerabilities, assess the security posture of the system, and plan further actions, such as exploiting weaknesses or executing attacks. By understanding the system's environment, adversaries can tailor their strategies to increase the likelihood of success in their malicious endeavors.</b>","'Remote System Information Discovery' plays a crucial role in adversarial activities by allowing attackers to gather detailed information about a target system's configuration, software, and hardware. This information can be used to identify vulnerabilities, assess the security posture of the system, and plan further actions, such as exploiting weaknesses or executing attacks. By understanding the system's environment, adversaries can tailor their strategies to increase the likelihood of success in their malicious endeavors."
Which technique involves uploading a program from a PLC to gather information?,factual,"<b>The technique that involves uploading a program from a PLC to gather information is known as ""program upload"" or ""PLC upload."" This process allows users to retrieve the existing program and configuration data from the PLC for analysis or backup purposes.</b>","The technique that involves uploading a program from a PLC to gather information is known as ""program upload"" or ""PLC upload."" This process allows users to retrieve the existing program and configuration data from the PLC for analysis or backup purposes."
How do adversaries use the 'Network Sniffing' technique?,inferential,"<b>Adversaries use the 'Network Sniffing' technique to capture and analyze data packets transmitted over a network. This allows them to intercept sensitive information such as usernames, passwords, and other confidential data. By monitoring network traffic, they can identify vulnerabilities, gather intelligence about network protocols, and potentially exploit weaknesses in the network infrastructure. This technique is often employed in various stages of an attack to facilitate further malicious activities.</b>","Adversaries use the 'Network Sniffing' technique to capture and analyze data packets transmitted over a network. This allows them to intercept sensitive information such as usernames, passwords, and other confidential data. By monitoring network traffic, they can identify vulnerabilities, gather intelligence about network protocols, and potentially exploit weaknesses in the network infrastructure. This technique is often employed in various stages of an attack to facilitate further malicious activities."
What is the significance of 'Role Identification' in a target control system?,factual,"<b>'Role Identification' in a target control system is significant because it helps define the specific functions and responsibilities of various components within the system. By clearly identifying roles, the system can ensure that each part operates effectively and contributes to the overall objectives. This clarity enhances coordination, improves efficiency, and facilitates better decision-making, ultimately leading to more successful outcomes in managing and controlling targets.</b>","'Role Identification' in a target control system is significant because it helps define the specific functions and responsibilities of various components within the system. By clearly identifying roles, the system can ensure that each part operates effectively and contributes to the overall objectives. This clarity enhances coordination, improves efficiency, and facilitates better decision-making, ultimately leading to more successful outcomes in managing and controlling targets."
Which technique involves the use of scripting languages to execute arbitrary code?,factual,"<b>The technique that involves the use of scripting languages to execute arbitrary code is known as ""scripting.""</b>","The technique that involves the use of scripting languages to execute arbitrary code is known as ""scripting."""
How might adversaries compromise wireless networks in ICS environments?,inferential,"<b>Adversaries may compromise wireless networks in Industrial Control System (ICS) environments through various methods. They can exploit vulnerabilities in wireless protocols, utilize unauthorized access points to intercept communications, or employ techniques such as signal jamming to disrupt legitimate network operations. Additionally, they might conduct reconnaissance to identify weak points in the network, use social engineering to gain access to sensitive information, or deploy malware to manipulate devices connected to the wireless network. These tactics can lead to unauthorized access, data breaches, or disruption of critical operations within the ICS.</b>","Adversaries may compromise wireless networks in Industrial Control System (ICS) environments through various methods. They can exploit vulnerabilities in wireless protocols, utilize unauthorized access points to intercept communications, or employ techniques such as signal jamming to disrupt legitimate network operations. Additionally, they might conduct reconnaissance to identify weak points in the network, use social engineering to gain access to sensitive information, or deploy malware to manipulate devices connected to the wireless network. These tactics can lead to unauthorized access, data breaches, or disruption of critical operations within the ICS."
What does 'Change Operating Mode' allow adversaries to do on a controller?,factual,"<b>'Change Operating Mode' allows adversaries to alter the operational settings of a controller, potentially enabling them to manipulate the system's functions or behaviors to their advantage.</b>","'Change Operating Mode' allows adversaries to alter the operational settings of a controller, potentially enabling them to manipulate the system's functions or behaviors to their advantage."
Which technique may involve adversaries modifying the I/O image of PLCs?,factual,"<b>The technique that may involve adversaries modifying the I/O image of PLCs is known as ""I/O manipulation.""</b>","The technique that may involve adversaries modifying the I/O image of PLCs is known as ""I/O manipulation."""
What is the goal of 'Exploit Public-Facing Application'?,factual,"<b>The goal of 'Exploit Public-Facing Application' is to identify and take advantage of vulnerabilities in applications that are accessible over the internet. This can involve unauthorized access, data theft, or disruption of services, ultimately aiming to compromise the security of the application and the data it handles.</b>","The goal of 'Exploit Public-Facing Application' is to identify and take advantage of vulnerabilities in applications that are accessible over the internet. This can involve unauthorized access, data theft, or disruption of services, ultimately aiming to compromise the security of the application and the data it handles."
Which technique allows adversaries to monitor process state information?,factual,"<b>The technique that allows adversaries to monitor process state information is known as ""process injection.""</b>","The technique that allows adversaries to monitor process state information is known as ""process injection."""
Which phase of the kill chain does 'Alarm Suppression' fall under?,factual,<b>'Alarm Suppression' falls under the 'Delivery' phase of the kill chain.</b>,'Alarm Suppression' falls under the 'Delivery' phase of the kill chain.
How can adversaries use 'Command-Line Interface' in ICS environments?,inferential,"<b>Adversaries can exploit the Command-Line Interface (CLI) in Industrial Control System (ICS) environments in several ways. They may use it to execute commands that manipulate system configurations, access sensitive data, or disrupt operations. By leveraging the CLI, attackers can gain deeper access to the system, potentially allowing them to control processes, alter settings, or deploy malicious software. Additionally, the CLI can be used to automate tasks, making it easier for adversaries to carry out their objectives without detection. This capability can facilitate lateral movement within the network, enabling them to target other connected systems or devices.</b>","Adversaries can exploit the Command-Line Interface (CLI) in Industrial Control System (ICS) environments in several ways. They may use it to execute commands that manipulate system configurations, access sensitive data, or disrupt operations. By leveraging the CLI, attackers can gain deeper access to the system, potentially allowing them to control processes, alter settings, or deploy malicious software. Additionally, the CLI can be used to automate tasks, making it easier for adversaries to carry out their objectives without detection. This capability can facilitate lateral movement within the network, enabling them to target other connected systems or devices."
What technique involves gathering detailed information about remote systems?,factual,<b>The technique that involves gathering detailed information about remote systems is known as reconnaissance.</b>,The technique that involves gathering detailed information about remote systems is known as reconnaissance.
What is the 'User Execution' technique and how is it used?,inferential,"<b>The 'User Execution' technique involves allowing users to execute specific actions or commands within a system or application. This technique is often utilized in scenarios where user input is necessary to trigger certain processes or functionalities. It can be used in various contexts, such as software applications, web services, or automated systems, enabling users to interact with the system directly and perform tasks based on their needs or preferences. The effectiveness of this technique relies on clear user interfaces and well-defined user permissions to ensure that actions are executed safely and appropriately.</b>","The 'User Execution' technique involves allowing users to execute specific actions or commands within a system or application. This technique is often utilized in scenarios where user input is necessary to trigger certain processes or functionalities. It can be used in various contexts, such as software applications, web services, or automated systems, enabling users to interact with the system directly and perform tasks based on their needs or preferences. The effectiveness of this technique relies on clear user interfaces and well-defined user permissions to ensure that actions are executed safely and appropriately."
What is the goal of the 'Detect Operating Mode' technique?,factual,"<b>The goal of the 'Detect Operating Mode' technique is to identify the current operational state or mode of a system or device. This involves analyzing various parameters and signals to determine how the system is functioning at a given time, which can be crucial for monitoring, control, and optimization purposes.</b>","The goal of the 'Detect Operating Mode' technique is to identify the current operational state or mode of a system or device. This involves analyzing various parameters and signals to determine how the system is functioning at a given time, which can be crucial for monitoring, control, and optimization purposes."
How might adversaries use 'Program Upload' in an ICS attack?,inferential,"<b>Adversaries might use 'Program Upload' in an ICS attack to introduce malicious code or modify existing control programs within industrial control systems. By uploading altered programs, they could manipulate system operations, disrupt processes, or gain unauthorized control over critical infrastructure. This could lead to operational failures, safety hazards, or data breaches, ultimately compromising the integrity and availability of the industrial environment.</b>","Adversaries might use 'Program Upload' in an ICS attack to introduce malicious code or modify existing control programs within industrial control systems. By uploading altered programs, they could manipulate system operations, disrupt processes, or gain unauthorized control over critical infrastructure. This could lead to operational failures, safety hazards, or data breaches, ultimately compromising the integrity and availability of the industrial environment."
What is the potential impact of 'Manipulate I/O Image' on ICS devices?,inferential,"<b>The potential impact of 'Manipulate I/O Image' on ICS devices can include unauthorized control over input and output operations, leading to disruptions in the normal functioning of industrial processes. This manipulation could result in incorrect data being read or sent, potentially causing safety hazards, equipment damage, or operational inefficiencies. Additionally, it may facilitate further attacks by providing an attacker with the ability to alter system states or bypass security measures, thereby compromising the integrity and reliability of the ICS environment.</b>","The potential impact of 'Manipulate I/O Image' on ICS devices can include unauthorized control over input and output operations, leading to disruptions in the normal functioning of industrial processes. This manipulation could result in incorrect data being read or sent, potentially causing safety hazards, equipment damage, or operational inefficiencies. Additionally, it may facilitate further attacks by providing an attacker with the ability to alter system states or bypass security measures, thereby compromising the integrity and reliability of the ICS environment."
Which technique involves the use of 'Transient Cyber Assets'?,factual,<b>The technique that involves the use of 'Transient Cyber Assets' is known as 'Cyber Deception.'</b>,The technique that involves the use of 'Transient Cyber Assets' is known as 'Cyber Deception.'
What is the purpose of 'Remote System Information Discovery' in adversarial activities?,factual,"<b>The purpose of 'Remote System Information Discovery' in adversarial activities is to gather detailed information about a target system or network. This can include identifying the operating system, installed software, network configurations, and other critical system details. Such information is essential for attackers to plan and execute further actions, such as exploiting vulnerabilities, escalating privileges, or maintaining persistence within the system. By understanding the system's architecture and security posture, adversaries can tailor their strategies to increase the likelihood of successful attacks.</b>","The purpose of 'Remote System Information Discovery' in adversarial activities is to gather detailed information about a target system or network. This can include identifying the operating system, installed software, network configurations, and other critical system details. Such information is essential for attackers to plan and execute further actions, such as exploiting vulnerabilities, escalating privileges, or maintaining persistence within the system. By understanding the system's architecture and security posture, adversaries can tailor their strategies to increase the likelihood of successful attacks."
Which technique involves monitoring process state information?,factual,<b>The technique that involves monitoring process state information is known as process monitoring.</b>,The technique that involves monitoring process state information is known as process monitoring.
What is the role of 'Wireless Compromise' in ICS attacks?,factual,"<b>'Wireless Compromise' in ICS (Industrial Control Systems) attacks refers to the exploitation of vulnerabilities in wireless communication systems used within industrial environments. Attackers may leverage these vulnerabilities to gain unauthorized access to critical systems, disrupt operations, or manipulate processes. This can lead to significant operational disruptions, safety hazards, and potential data breaches, highlighting the importance of securing wireless networks in industrial settings.</b>","'Wireless Compromise' in ICS (Industrial Control Systems) attacks refers to the exploitation of vulnerabilities in wireless communication systems used within industrial environments. Attackers may leverage these vulnerabilities to gain unauthorized access to critical systems, disrupt operations, or manipulate processes. This can lead to significant operational disruptions, safety hazards, and potential data breaches, highlighting the importance of securing wireless networks in industrial settings."
Which technique might involve suppressing protection function alarms?,factual,"<b>The technique that might involve suppressing protection function alarms is known as ""alarm suppression."" This technique is often used in various systems to prevent unnecessary alarms from triggering, allowing operators to focus on more critical issues.</b>","The technique that might involve suppressing protection function alarms is known as ""alarm suppression."" This technique is often used in various systems to prevent unnecessary alarms from triggering, allowing operators to focus on more critical issues."
What is the 'Scripting' technique used for?,factual,"<b>The 'Scripting' technique is used for automating tasks and processes by writing scripts, which are sets of instructions executed by a computer. This technique allows for the efficient execution of repetitive tasks, enhances productivity, and can be applied in various fields such as software development, system administration, and data analysis.</b>","The 'Scripting' technique is used for automating tasks and processes by writing scripts, which are sets of instructions executed by a computer. This technique allows for the efficient execution of repetitive tasks, enhances productivity, and can be applied in various fields such as software development, system administration, and data analysis."
How can adversaries use 'Role Identification' in a target control system?,inferential,"<b>Adversaries can exploit 'Role Identification' in a target control system by analyzing the roles assigned to users and processes within the system. By understanding the specific permissions and access levels associated with each role, they can identify potential vulnerabilities or entry points for unauthorized access. This knowledge allows them to craft targeted attacks, such as social engineering or privilege escalation, to gain control over critical functions or sensitive data. Additionally, by impersonating legitimate roles, adversaries can manipulate system operations without raising suspicion, leading to further exploitation or disruption of the control system.</b>","Adversaries can exploit 'Role Identification' in a target control system by analyzing the roles assigned to users and processes within the system. By understanding the specific permissions and access levels associated with each role, they can identify potential vulnerabilities or entry points for unauthorized access. This knowledge allows them to craft targeted attacks, such as social engineering or privilege escalation, to gain control over critical functions or sensitive data. Additionally, by impersonating legitimate roles, adversaries can manipulate system operations without raising suspicion, leading to further exploitation or disruption of the control system."
What technique involves modifying a controller's operating mode?,factual,"<b>The technique that involves modifying a controller's operating mode is known as ""mode switching.""</b>","The technique that involves modifying a controller's operating mode is known as ""mode switching."""
Which technique may involve adversaries targeting transient devices in ICS networks?,factual,"<b>The technique that may involve adversaries targeting transient devices in ICS networks is known as ""Transient Device Targeting."" This approach focuses on exploiting devices that are temporarily connected to the network, which can often be less secure and more vulnerable to attacks.</b>","The technique that may involve adversaries targeting transient devices in ICS networks is known as ""Transient Device Targeting."" This approach focuses on exploiting devices that are temporarily connected to the network, which can often be less secure and more vulnerable to attacks."
What is the potential impact of 'Loss of Protection' in ICS environments?,inferential,"<b>The potential impact of 'Loss of Protection' in Industrial Control System (ICS) environments can be significant. It may lead to unauthorized access to critical systems, resulting in operational disruptions, safety hazards, and potential damage to physical assets. Additionally, it can compromise data integrity, leading to incorrect decision-making and loss of trust in the system. The overall security posture of the ICS may be weakened, making it more vulnerable to cyber threats and attacks, which can have cascading effects on production, regulatory compliance, and public safety.</b>","The potential impact of 'Loss of Protection' in Industrial Control System (ICS) environments can be significant. It may lead to unauthorized access to critical systems, resulting in operational disruptions, safety hazards, and potential damage to physical assets. Additionally, it can compromise data integrity, leading to incorrect decision-making and loss of trust in the system. The overall security posture of the ICS may be weakened, making it more vulnerable to cyber threats and attacks, which can have cascading effects on production, regulatory compliance, and public safety."
Which technique involves the collection of data from information repositories?,factual,<b>The technique that involves the collection of data from information repositories is known as data mining.</b>,The technique that involves the collection of data from information repositories is known as data mining.
What role does 'Exploit Public-Facing Application' play in ICS attacks?,factual,"<b>'Exploit Public-Facing Application' serves as a method for attackers to gain unauthorized access to industrial control systems (ICS) by targeting applications that are accessible over the internet. By exploiting vulnerabilities in these public-facing applications, attackers can potentially manipulate or disrupt critical infrastructure, leading to significant operational impacts. This tactic is often part of a broader strategy to infiltrate networks and escalate privileges within the ICS environment.</b>","'Exploit Public-Facing Application' serves as a method for attackers to gain unauthorized access to industrial control systems (ICS) by targeting applications that are accessible over the internet. By exploiting vulnerabilities in these public-facing applications, attackers can potentially manipulate or disrupt critical infrastructure, leading to significant operational impacts. This tactic is often part of a broader strategy to infiltrate networks and escalate privileges within the ICS environment."
What is the goal of 'Device Restart/Shutdown' in an ICS environment?,factual,"<b>The goal of 'Device Restart/Shutdown' in an ICS (Industrial Control System) environment is to ensure the stability and reliability of the system. Restarting or shutting down devices can help resolve issues such as software glitches, memory leaks, or performance degradation. It also allows for the application of updates or changes to configurations, which can enhance security and functionality. Additionally, proper management of device restarts and shutdowns is crucial for maintaining operational continuity and minimizing downtime in critical industrial processes.</b>","The goal of 'Device Restart/Shutdown' in an ICS (Industrial Control System) environment is to ensure the stability and reliability of the system. Restarting or shutting down devices can help resolve issues such as software glitches, memory leaks, or performance degradation. It also allows for the application of updates or changes to configurations, which can enhance security and functionality. Additionally, proper management of device restarts and shutdowns is crucial for maintaining operational continuity and minimizing downtime in critical industrial processes."
What is the potential use of 'Command-Line Interface' by adversaries?,factual,"<b>Adversaries may use a Command-Line Interface (CLI) for various purposes, including executing commands to manipulate system processes, automate tasks, and perform reconnaissance. The CLI allows for direct interaction with the operating system, enabling attackers to run scripts, access system files, and manage network configurations. Additionally, it can facilitate the execution of malicious payloads, data exfiltration, and the establishment of persistence on compromised systems. The efficiency and flexibility of the CLI make it a valuable tool for adversaries in their operations.</b>","Adversaries may use a Command-Line Interface (CLI) for various purposes, including executing commands to manipulate system processes, automate tasks, and perform reconnaissance. The CLI allows for direct interaction with the operating system, enabling attackers to run scripts, access system files, and manage network configurations. Additionally, it can facilitate the execution of malicious payloads, data exfiltration, and the establishment of persistence on compromised systems. The efficiency and flexibility of the CLI make it a valuable tool for adversaries in their operations."
How do adversaries use 'Alarm Suppression' in ICS environments?,inferential,"<b>Adversaries use 'Alarm Suppression' in Industrial Control System (ICS) environments to disable or manipulate alarm systems that are designed to alert operators to abnormal conditions or security breaches. By suppressing alarms, attackers can create a false sense of security, allowing them to carry out malicious activities without detection. This tactic can lead to significant safety risks, operational disruptions, and potential damage to equipment or processes, as operators may remain unaware of critical issues that require immediate attention.</b>","Adversaries use 'Alarm Suppression' in Industrial Control System (ICS) environments to disable or manipulate alarm systems that are designed to alert operators to abnormal conditions or security breaches. By suppressing alarms, attackers can create a false sense of security, allowing them to carry out malicious activities without detection. This tactic can lead to significant safety risks, operational disruptions, and potential damage to equipment or processes, as operators may remain unaware of critical issues that require immediate attention."
What is the purpose of the 'Change Operating Mode' technique?,factual,"<b>The 'Change Operating Mode' technique is used to adjust the operational settings or configurations of a system or device to optimize performance, enhance functionality, or adapt to different conditions or requirements. This technique allows for flexibility in how a system operates, enabling it to meet varying demands or to improve efficiency in specific scenarios.</b>","The 'Change Operating Mode' technique is used to adjust the operational settings or configurations of a system or device to optimize performance, enhance functionality, or adapt to different conditions or requirements. This technique allows for flexibility in how a system operates, enabling it to meet varying demands or to improve efficiency in specific scenarios."
How can 'Scripting' be used in ICS attacks?,inferential,"<b>Scripting can be utilized in ICS (Industrial Control Systems) attacks by automating tasks that exploit vulnerabilities within the system. Attackers may use scripts to manipulate control commands, automate the execution of malicious payloads, or facilitate reconnaissance to gather information about the network and its components. Additionally, scripts can be employed to bypass security measures, execute denial-of-service attacks, or alter system configurations, leading to disruptions in operations or unauthorized access to sensitive data.</b>","Scripting can be utilized in ICS (Industrial Control Systems) attacks by automating tasks that exploit vulnerabilities within the system. Attackers may use scripts to manipulate control commands, automate the execution of malicious payloads, or facilitate reconnaissance to gather information about the network and its components. Additionally, scripts can be employed to bypass security measures, execute denial-of-service attacks, or alter system configurations, leading to disruptions in operations or unauthorized access to sensitive data."
What does the 'Monitor Process State' technique involve?,factual,"<b>The 'Monitor Process State' technique involves observing and tracking the current status and behavior of a process within a system. This includes checking for any changes in the process's execution state, resource usage, and overall performance. The goal is to ensure that the process is functioning as expected and to identify any issues that may arise during its operation.</b>","The 'Monitor Process State' technique involves observing and tracking the current status and behavior of a process within a system. This includes checking for any changes in the process's execution state, resource usage, and overall performance. The goal is to ensure that the process is functioning as expected and to identify any issues that may arise during its operation."
How might adversaries use 'Program Upload' in ICS environments?,inferential,"<b>Adversaries might use 'Program Upload' in Industrial Control System (ICS) environments to introduce malicious code or modify existing control programs. This could allow them to manipulate system operations, disrupt processes, or gain unauthorized control over critical infrastructure. By uploading altered programs, they could potentially cause equipment failures, safety incidents, or data breaches, leading to significant operational and financial impacts.</b>","Adversaries might use 'Program Upload' in Industrial Control System (ICS) environments to introduce malicious code or modify existing control programs. This could allow them to manipulate system operations, disrupt processes, or gain unauthorized control over critical infrastructure. By uploading altered programs, they could potentially cause equipment failures, safety incidents, or data breaches, leading to significant operational and financial impacts."
What is the potential impact of 'Wireless Compromise' in ICS environments?,inferential,"<b>The potential impact of 'Wireless Compromise' in Industrial Control System (ICS) environments can be significant. It may lead to unauthorized access to critical systems, resulting in disruptions to operations, data breaches, or manipulation of control processes. This could compromise safety, cause physical damage to equipment, and lead to financial losses. Additionally, it may undermine the integrity of the ICS, making it vulnerable to further attacks and potentially affecting the overall security posture of the organization.</b>","The potential impact of 'Wireless Compromise' in Industrial Control System (ICS) environments can be significant. It may lead to unauthorized access to critical systems, resulting in disruptions to operations, data breaches, or manipulation of control processes. This could compromise safety, cause physical damage to equipment, and lead to financial losses. Additionally, it may undermine the integrity of the ICS, making it vulnerable to further attacks and potentially affecting the overall security posture of the organization."
How do adversaries use 'Remote System Information Discovery'?,inferential,"<b>Adversaries use 'Remote System Information Discovery' to gather detailed information about a target system or network from a distance. This can include identifying the operating system, installed software, system configurations, and network settings. By obtaining this information, adversaries can assess vulnerabilities, plan further attacks, and exploit weaknesses in the system or network. This technique is often employed to enhance their understanding of the environment they are targeting, which can lead to more effective and targeted malicious activities.</b>","Adversaries use 'Remote System Information Discovery' to gather detailed information about a target system or network from a distance. This can include identifying the operating system, installed software, system configurations, and network settings. By obtaining this information, adversaries can assess vulnerabilities, plan further attacks, and exploit weaknesses in the system or network. This technique is often employed to enhance their understanding of the environment they are targeting, which can lead to more effective and targeted malicious activities."
What is the goal of 'System Binary Proxy Execution'?,factual,"<b>The goal of 'System Binary Proxy Execution' is to facilitate the execution of binary files in a controlled manner, often to enhance security or manage execution environments. This approach allows for the interception and modification of the execution process, enabling better monitoring, logging, or enforcement of security policies.</b>","The goal of 'System Binary Proxy Execution' is to facilitate the execution of binary files in a controlled manner, often to enhance security or manage execution environments. This approach allows for the interception and modification of the execution process, enabling better monitoring, logging, or enforcement of security policies."
What is the potential impact of 'Loss of Protection' in ICS environments?,inferential,"<b>The potential impact of 'Loss of Protection' in Industrial Control System (ICS) environments can be significant. It may lead to unauthorized access to critical systems, resulting in operational disruptions, safety hazards, and potential damage to physical assets. Additionally, it can compromise data integrity, leading to incorrect decision-making and loss of trust in the system. The overall security posture of the ICS may be weakened, making it more vulnerable to cyber threats and attacks, which can have far-reaching consequences for both the organization and public safety.</b>","The potential impact of 'Loss of Protection' in Industrial Control System (ICS) environments can be significant. It may lead to unauthorized access to critical systems, resulting in operational disruptions, safety hazards, and potential damage to physical assets. Additionally, it can compromise data integrity, leading to incorrect decision-making and loss of trust in the system. The overall security posture of the ICS may be weakened, making it more vulnerable to cyber threats and attacks, which can have far-reaching consequences for both the organization and public safety."
What is the technique 'Rootkit' described in the MITRE ATT&CK framework?,factual,"<b>The technique 'Rootkit' in the MITRE ATT&CK framework refers to a type of malicious software designed to gain unauthorized access to a computer or network while concealing its presence. Rootkits can modify the operating system or other software to hide their existence, making them difficult to detect. They often provide attackers with persistent access to the system, allowing for further exploitation or data theft. Rootkits can be installed through various means, including exploiting vulnerabilities or through social engineering tactics.</b>","The technique 'Rootkit' in the MITRE ATT&CK framework refers to a type of malicious software designed to gain unauthorized access to a computer or network while concealing its presence. Rootkits can modify the operating system or other software to hide their existence, making them difficult to detect. They often provide attackers with persistent access to the system, allowing for further exploitation or data theft. Rootkits can be installed through various means, including exploiting vulnerabilities or through social engineering tactics."
What is the technique 'Automated Collection' described in the MITRE ATT&CK framework?,factual,"<b>Automated Collection is a technique used by adversaries to gather information from systems or networks without manual intervention. This can involve the use of scripts or tools that automatically collect data, such as files, logs, or other relevant information, often to facilitate further exploitation or to maintain persistence within a target environment. The technique emphasizes efficiency and stealth, allowing attackers to gather intelligence while minimizing the risk of detection.</b>","Automated Collection is a technique used by adversaries to gather information from systems or networks without manual intervention. This can involve the use of scripts or tools that automatically collect data, such as files, logs, or other relevant information, often to facilitate further exploitation or to maintain persistence within a target environment. The technique emphasizes efficiency and stealth, allowing attackers to gather intelligence while minimizing the risk of detection."
What is the technique 'Block Reporting Message' described in the MITRE ATT&CK framework?,factual,"<b>The technique 'Block Reporting Message' in the MITRE ATT&CK framework refers to a method used by adversaries to prevent the reporting of certain events or activities. This can involve manipulating or obstructing communication channels to ensure that alerts or logs related to their actions are not transmitted to monitoring systems. By blocking these messages, attackers can maintain stealth and avoid detection, making it more difficult for defenders to respond to or investigate malicious activities.</b>","The technique 'Block Reporting Message' in the MITRE ATT&CK framework refers to a method used by adversaries to prevent the reporting of certain events or activities. This can involve manipulating or obstructing communication channels to ensure that alerts or logs related to their actions are not transmitted to monitoring systems. By blocking these messages, attackers can maintain stealth and avoid detection, making it more difficult for defenders to respond to or investigate malicious activities."
What is the technique 'Unauthorized Command Message' described in the MITRE ATT&CK framework?,factual,<b>The technique 'Unauthorized Command Message' refers to a method where an attacker sends commands to a system or application without proper authorization. This can involve exploiting vulnerabilities in communication protocols or interfaces to execute commands that should be restricted. The goal is often to manipulate the system or gain unauthorized access to sensitive functions or data.</b>,The technique 'Unauthorized Command Message' refers to a method where an attacker sends commands to a system or application without proper authorization. This can involve exploiting vulnerabilities in communication protocols or interfaces to execute commands that should be restricted. The goal is often to manipulate the system or gain unauthorized access to sensitive functions or data.
What is the technique 'Data Destruction' described in the MITRE ATT&CK framework?,factual,"<b>Data Destruction is a technique that involves the deliberate deletion or corruption of data to hinder an organization's ability to access or use that data. This can be executed through various methods, such as overwriting files, using malware to corrupt data, or physically destroying storage media. The primary goal of this technique is to disrupt operations, cause financial loss, or cover up malicious activities by eliminating evidence.</b>","Data Destruction is a technique that involves the deliberate deletion or corruption of data to hinder an organization's ability to access or use that data. This can be executed through various methods, such as overwriting files, using malware to corrupt data, or physically destroying storage media. The primary goal of this technique is to disrupt operations, cause financial loss, or cover up malicious activities by eliminating evidence."
What is the technique 'Manipulation of View' described in the MITRE ATT&CK framework?,opinion,"<b>The technique 'Manipulation of View' in the MITRE ATT&CK framework refers to methods used by adversaries to alter the way information is presented to users or systems. This can involve changing the appearance of data, hiding certain elements, or otherwise modifying the user interface to mislead or confuse users. The goal is often to facilitate further malicious activities by obscuring the true nature of the environment or the actions being taken.</b>","The technique 'Manipulation of View' in the MITRE ATT&CK framework refers to methods used by adversaries to alter the way information is presented to users or systems. This can involve changing the appearance of data, hiding certain elements, or otherwise modifying the user interface to mislead or confuse users. The goal is often to facilitate further malicious activities by obscuring the true nature of the environment or the actions being taken."
What is the technique 'Data Historian Compromise' described in the MITRE ATT&CK framework?,factual,"<b>The technique 'Data Historian Compromise' involves targeting data historian systems, which are used to collect and store time-series data from industrial control systems (ICS). Attackers may manipulate or exfiltrate this data to disrupt operations, alter processes, or gain insights into the functioning of the targeted systems. This can lead to significant impacts on the integrity and availability of industrial processes.</b>","The technique 'Data Historian Compromise' involves targeting data historian systems, which are used to collect and store time-series data from industrial control systems (ICS). Attackers may manipulate or exfiltrate this data to disrupt operations, alter processes, or gain insights into the functioning of the targeted systems. This can lead to significant impacts on the integrity and availability of industrial processes."
What is the technique 'Network Service Scanning' described in the MITRE ATT&CK framework?,factual,"<b>Network Service Scanning is a technique used to identify active services on a networked system. This involves probing the network to discover which services are running on which ports, allowing an attacker to gather information about the system's configuration and potential vulnerabilities. By understanding the services available, an attacker can plan further actions, such as exploiting known vulnerabilities associated with those services. This technique is part of the reconnaissance phase in the attack lifecycle, where the goal is to gather as much information as possible about the target environment.</b>","Network Service Scanning is a technique used to identify active services on a networked system. This involves probing the network to discover which services are running on which ports, allowing an attacker to gather information about the system's configuration and potential vulnerabilities. By understanding the services available, an attacker can plan further actions, such as exploiting known vulnerabilities associated with those services. This technique is part of the reconnaissance phase in the attack lifecycle, where the goal is to gather as much information as possible about the target environment."
What is the technique 'Indicator Removal on Host' described in the MITRE ATT&CK framework?,factual,"<b>The technique 'Indicator Removal on Host' involves the deletion or modification of artifacts on a host to hinder detection and analysis of malicious activities. This can include actions such as removing logs, altering timestamps, or deleting files that may indicate the presence of an attacker. The goal is to obscure evidence of the attack and make it more difficult for defenders to understand the extent of the compromise.</b>","The technique 'Indicator Removal on Host' involves the deletion or modification of artifacts on a host to hinder detection and analysis of malicious activities. This can include actions such as removing logs, altering timestamps, or deleting files that may indicate the presence of an attacker. The goal is to obscure evidence of the attack and make it more difficult for defenders to understand the extent of the compromise."
What is the technique 'I/O Image' described in the MITRE ATT&CK framework?,factual,"<b>The 'I/O Image' technique involves capturing the input and output of a process to gather information about its behavior. This technique can be used to monitor and analyze the data being processed by applications, which can help in understanding potential malicious activities or data exfiltration. It is often employed in the context of detecting and responding to threats by observing how processes interact with their environment.</b>","The 'I/O Image' technique involves capturing the input and output of a process to gather information about its behavior. This technique can be used to monitor and analyze the data being processed by applications, which can help in understanding potential malicious activities or data exfiltration. It is often employed in the context of detecting and responding to threats by observing how processes interact with their environment."
What is the technique 'Denial of View' described in the MITRE ATT&CK framework?,opinion,"<b>The technique 'Denial of View' in the MITRE ATT&CK framework refers to methods used by adversaries to prevent users from accessing or viewing certain information. This can involve manipulating or altering the display of data, such as hiding files, blocking access to applications, or using other means to obscure information from the user. The goal is to create confusion or hinder the ability of the user to understand the system's state or the actions being taken by the adversary.</b>","The technique 'Denial of View' in the MITRE ATT&CK framework refers to methods used by adversaries to prevent users from accessing or viewing certain information. This can involve manipulating or altering the display of data, such as hiding files, blocking access to applications, or using other means to obscure information from the user. The goal is to create confusion or hinder the ability of the user to understand the system's state or the actions being taken by the adversary."
What is the technique 'Execution through API' described in the MITRE ATT&CK framework?,factual,"<b>Execution through API is a technique where an attacker leverages application programming interfaces (APIs) to execute commands or code within a target system. This method allows for the execution of malicious actions by interacting with the software's exposed interfaces, often bypassing traditional security measures. Attackers may use legitimate APIs to perform unauthorized operations, making it a stealthy approach to compromise systems or escalate privileges.</b>","Execution through API is a technique where an attacker leverages application programming interfaces (APIs) to execute commands or code within a target system. This method allows for the execution of malicious actions by interacting with the software's exposed interfaces, often bypassing traditional security measures. Attackers may use legitimate APIs to perform unauthorized operations, making it a stealthy approach to compromise systems or escalate privileges."
What is the technique 'Supply Chain Compromise' described in the MITRE ATT&CK framework?,factual,"<b>The technique 'Supply Chain Compromise' refers to a method where an adversary targets an organization by infiltrating its supply chain. This can involve manipulating or compromising a third-party vendor or service provider to gain access to the organization's systems or data. By exploiting vulnerabilities in the supply chain, attackers can introduce malicious components or software, which can lead to broader access and potential damage to the targeted organization. This technique highlights the importance of securing not just internal systems but also the external relationships and dependencies that organizations have with their suppliers and partners.</b>","The technique 'Supply Chain Compromise' refers to a method where an adversary targets an organization by infiltrating its supply chain. This can involve manipulating or compromising a third-party vendor or service provider to gain access to the organization's systems or data. By exploiting vulnerabilities in the supply chain, attackers can introduce malicious components or software, which can lead to broader access and potential damage to the targeted organization. This technique highlights the importance of securing not just internal systems but also the external relationships and dependencies that organizations have with their suppliers and partners."
What is the technique 'Serial Connection Enumeration' described in the MITRE ATT&CK framework?,factual,"<b>Serial Connection Enumeration is a technique used to identify and enumerate serial connections on a system. This can involve discovering devices connected via serial ports, which may include modems, printers, or other peripherals. By understanding the serial connections, an attacker can gather information about the system's configuration and potentially exploit vulnerabilities associated with these devices. This technique is part of a broader set of tactics aimed at gaining insights into a target's environment for further exploitation.</b>","Serial Connection Enumeration is a technique used to identify and enumerate serial connections on a system. This can involve discovering devices connected via serial ports, which may include modems, printers, or other peripherals. By understanding the serial connections, an attacker can gather information about the system's configuration and potentially exploit vulnerabilities associated with these devices. This technique is part of a broader set of tactics aimed at gaining insights into a target's environment for further exploitation."
What is the technique 'Loss of Safety' described in the MITRE ATT&CK framework?,factual,"<b>The technique 'Loss of Safety' in the MITRE ATT&CK framework refers to actions taken by adversaries that compromise the safety of a system or environment. This can involve manipulating safety controls or systems to create hazardous conditions, potentially leading to physical damage or harm. The technique highlights the risks associated with the intersection of cybersecurity and physical safety, emphasizing the importance of maintaining robust safety measures in the face of cyber threats.</b>","The technique 'Loss of Safety' in the MITRE ATT&CK framework refers to actions taken by adversaries that compromise the safety of a system or environment. This can involve manipulating safety controls or systems to create hazardous conditions, potentially leading to physical damage or harm. The technique highlights the risks associated with the intersection of cybersecurity and physical safety, emphasizing the importance of maintaining robust safety measures in the face of cyber threats."
What is the technique 'Loss of Productivity and Revenue' described in the MITRE ATT&CK framework?,factual,"<b>The technique 'Loss of Productivity and Revenue' in the MITRE ATT&CK framework refers to the impact that adversarial actions can have on an organization's operational efficiency and financial performance. This can occur as a result of various cyber incidents, such as ransomware attacks, data breaches, or other disruptive activities that hinder normal business operations. The consequences may include downtime, loss of customer trust, and potential financial losses, which can significantly affect the organization's overall productivity and revenue generation capabilities.</b>","The technique 'Loss of Productivity and Revenue' in the MITRE ATT&CK framework refers to the impact that adversarial actions can have on an organization's operational efficiency and financial performance. This can occur as a result of various cyber incidents, such as ransomware attacks, data breaches, or other disruptive activities that hinder normal business operations. The consequences may include downtime, loss of customer trust, and potential financial losses, which can significantly affect the organization's overall productivity and revenue generation capabilities."
What is the technique 'Spearphishing Attachment' described in the MITRE ATT&CK framework?,factual,"<b>Spearphishing Attachment is a technique used in cyber attacks where an attacker sends a targeted email containing a malicious attachment to a specific individual or organization. The goal is to deceive the recipient into opening the attachment, which may contain malware or other harmful content. This technique is often personalized to increase the likelihood of success, as it exploits the trust and familiarity of the target.</b>","Spearphishing Attachment is a technique used in cyber attacks where an attacker sends a targeted email containing a malicious attachment to a specific individual or organization. The goal is to deceive the recipient into opening the attachment, which may contain malware or other harmful content. This technique is often personalized to increase the likelihood of success, as it exploits the trust and familiarity of the target."
What is the technique 'Location Identification' described in the MITRE ATT&CK framework?,factual,"<b>Location Identification is a technique used by adversaries to determine the geographic location of a target or their assets. This can involve various methods, such as analyzing IP addresses, GPS data, or other location-based information to gain insights into the target's physical whereabouts. Understanding the location can help attackers plan further actions or tailor their strategies based on the target's environment.</b>","Location Identification is a technique used by adversaries to determine the geographic location of a target or their assets. This can involve various methods, such as analyzing IP addresses, GPS data, or other location-based information to gain insights into the target's physical whereabouts. Understanding the location can help attackers plan further actions or tailor their strategies based on the target's environment."
What is the technique 'Autorun Image' described in the MITRE ATT&CK framework?,factual,"<b>The technique 'Autorun Image' in the MITRE ATT&CK framework refers to a method used by adversaries to execute malicious code automatically when a device is powered on or when a removable media is connected. This technique exploits the autorun feature of operating systems, which can launch programs without user intervention. By placing a malicious executable in a location that is automatically executed, attackers can gain persistence on a system and facilitate further exploitation.</b>","The technique 'Autorun Image' in the MITRE ATT&CK framework refers to a method used by adversaries to execute malicious code automatically when a device is powered on or when a removable media is connected. This technique exploits the autorun feature of operating systems, which can launch programs without user intervention. By placing a malicious executable in a location that is automatically executed, attackers can gain persistence on a system and facilitate further exploitation."
What is the technique 'Drive-by Compromise' described in the MITRE ATT&CK framework?,factual,"<b>Drive-by Compromise is a technique where an attacker exploits vulnerabilities in a user's web browser or its plugins to gain unauthorized access to a system. This typically occurs when a user visits a compromised or malicious website, which can lead to the automatic download and execution of malware without the user's knowledge. The goal is to compromise the user's device and potentially gain access to sensitive information or further infiltrate a network.</b>","Drive-by Compromise is a technique where an attacker exploits vulnerabilities in a user's web browser or its plugins to gain unauthorized access to a system. This typically occurs when a user visits a compromised or malicious website, which can lead to the automatic download and execution of malware without the user's knowledge. The goal is to compromise the user's device and potentially gain access to sensitive information or further infiltrate a network."
What is the kill chain phase for the technique named 'Rootkit'?,factual,"<b>The kill chain phase for the technique named 'Rootkit' is ""Installation.""</b>","The kill chain phase for the technique named 'Rootkit' is ""Installation."""
Which technique is associated with the 'collection' kill chain phase?,factual,"<b>The technique associated with the 'collection' kill chain phase is typically focused on gathering information that can be used for further exploitation or attack. This may involve various methods such as reconnaissance, data mining, or surveillance to collect sensitive data or intelligence about the target.</b>","The technique associated with the 'collection' kill chain phase is typically focused on gathering information that can be used for further exploitation or attack. This may involve various methods such as reconnaissance, data mining, or surveillance to collect sensitive data or intelligence about the target."
What phase in the kill chain does the technique 'Block Reporting Message' belong to?,factual,<b>The technique 'Block Reporting Message' belongs to the 'Command and Control' phase in the kill chain.</b>,The technique 'Block Reporting Message' belongs to the 'Command and Control' phase in the kill chain.
Identify a technique with the kill chain phase 'impair-process-control'.,factual,<b>A technique associated with the kill chain phase 'impair-process-control' is the use of malware to disrupt or manipulate the functioning of industrial control systems. This can involve tactics such as sending false commands to control systems or altering sensor readings to create confusion and impair the normal operations of critical infrastructure.</b>,A technique associated with the kill chain phase 'impair-process-control' is the use of malware to disrupt or manipulate the functioning of industrial control systems. This can involve tactics such as sending false commands to control systems or altering sensor readings to create confusion and impair the normal operations of critical infrastructure.
Which technique has 'evasion' as its kill chain phase?,factual,<b>The technique that has 'evasion' as its kill chain phase is typically associated with tactics that aim to avoid detection or bypass security measures during an attack.</b>,The technique that has 'evasion' as its kill chain phase is typically associated with tactics that aim to avoid detection or bypass security measures during an attack.
In which kill chain phase is the 'Manipulation of View' technique used?,opinion,<b>The 'Manipulation of View' technique is used in the Delivery phase of the kill chain.</b>,The 'Manipulation of View' technique is used in the Delivery phase of the kill chain.
Which technique is associated with the 'initial-access' kill chain phase?,factual,<b>The technique associated with the 'initial-access' kill chain phase is spear phishing.</b>,The technique associated with the 'initial-access' kill chain phase is spear phishing.
What is the kill chain phase for the 'Execution through API' technique?,factual,"<b>The kill chain phase for the 'Execution through API' technique is ""Execution.""</b>","The kill chain phase for the 'Execution through API' technique is ""Execution."""
Which technique's kill chain phase is 'impact'?,inferential,"<b>The technique's kill chain phase that is referred to as 'impact' is associated with the ""Impact"" phase of the cyber kill chain.</b>","The technique's kill chain phase that is referred to as 'impact' is associated with the ""Impact"" phase of the cyber kill chain."
Name a technique related to the 'discovery' kill chain phase.,factual,<b>A technique related to the 'discovery' kill chain phase is network scanning.</b>,A technique related to the 'discovery' kill chain phase is network scanning.
Which technique involves the 'execution' kill chain phase?,factual,"<b>The technique that involves the 'execution' kill chain phase is typically associated with the execution of malicious actions or payloads within a targeted environment. This phase focuses on the actual implementation of the attack, where the adversary carries out their intended actions to achieve their objectives.</b>","The technique that involves the 'execution' kill chain phase is typically associated with the execution of malicious actions or payloads within a targeted environment. This phase focuses on the actual implementation of the attack, where the adversary carries out their intended actions to achieve their objectives."
Identify a technique with 'evasion' as its kill chain phase.,factual,"<b>A technique with 'evasion' as its kill chain phase is ""Obfuscated Files or Information.""</b>","A technique with 'evasion' as its kill chain phase is ""Obfuscated Files or Information."""
Which technique is used in the 'impact' kill chain phase and causes loss of safety?,inferential,"<b>The technique used in the 'impact' kill chain phase that causes loss of safety is ""Data Manipulation.""</b>","The technique used in the 'impact' kill chain phase that causes loss of safety is ""Data Manipulation."""
What kill chain phase is associated with 'Loss of Productivity and Revenue'?,factual,"<b>The kill chain phase associated with 'Loss of Productivity and Revenue' is typically the ""Impact"" phase.</b>","The kill chain phase associated with 'Loss of Productivity and Revenue' is typically the ""Impact"" phase."
Which technique uses 'initial-access' as its kill chain phase and involves spearphishing?,factual,"<b>The technique that uses 'initial-access' as its kill chain phase and involves spearphishing is known as ""Spear Phishing.""</b>","The technique that uses 'initial-access' as its kill chain phase and involves spearphishing is known as ""Spear Phishing."""
In which kill chain phase is the 'Drive-by Compromise' technique used?,factual,<b>The 'Drive-by Compromise' technique is used in the Delivery phase of the kill chain.</b>,The 'Drive-by Compromise' technique is used in the Delivery phase of the kill chain.
Identify a technique with the 'execution' kill chain phase related to AutoRun.,contrastive,"<b>A technique related to the 'execution' kill chain phase concerning AutoRun is the use of ""Windows AutoRun"" functionality, which allows for the automatic execution of programs when removable media is connected to a system. This can be exploited by malware to execute malicious code without user intervention.</b>","A technique related to the 'execution' kill chain phase concerning AutoRun is the use of ""Windows AutoRun"" functionality, which allows for the automatic execution of programs when removable media is connected to a system. This can be exploited by malware to execute malicious code without user intervention."
What is the kill chain phase for the 'Supply Chain Compromise' technique?,factual,"<b>The kill chain phase for the 'Supply Chain Compromise' technique is ""Delivery.""</b>","The kill chain phase for the 'Supply Chain Compromise' technique is ""Delivery."""
Name a technique used in the 'collection' kill chain phase.,factual,<b>A technique used in the 'collection' kill chain phase is data staging.</b>,A technique used in the 'collection' kill chain phase is data staging.
What phase in the kill chain does the technique 'I/O Image' belong to?,factual,<b>The technique 'I/O Image' belongs to the Delivery phase in the kill chain.</b>,The technique 'I/O Image' belongs to the Delivery phase in the kill chain.
Which technique's kill chain phase is 'initial-access' and involves supply chain compromise?,factual,"<b>The technique that has the 'initial-access' kill chain phase and involves supply chain compromise is known as ""Supply Chain Compromise.""</b>","The technique that has the 'initial-access' kill chain phase and involves supply chain compromise is known as ""Supply Chain Compromise."""
Identify a technique related to 'inhibit-response-function'.,factual,"<b>A technique related to 'inhibit-response-function' is the use of behavioral inhibition strategies, which can involve training individuals to suppress automatic responses in certain situations. This may include cognitive restructuring or mindfulness practices that help individuals recognize and control their reactions to stimuli.</b>","A technique related to 'inhibit-response-function' is the use of behavioral inhibition strategies, which can involve training individuals to suppress automatic responses in certain situations. This may include cognitive restructuring or mindfulness practices that help individuals recognize and control their reactions to stimuli."
What kill chain phase is associated with the 'Data Destruction' technique?,factual,<b>The 'Data Destruction' technique is associated with the 'Actions on Objectives' phase of the kill chain.</b>,The 'Data Destruction' technique is associated with the 'Actions on Objectives' phase of the kill chain.
Which technique is associated with 'discovery' and involves network service scanning?,factual,"<b>The technique associated with 'discovery' that involves network service scanning is typically referred to as ""Network Scanning."" This technique is used to identify active devices on a network and the services they are running.</b>","The technique associated with 'discovery' that involves network service scanning is typically referred to as ""Network Scanning."" This technique is used to identify active devices on a network and the services they are running."
In which kill chain phase is the 'Indicator Removal on Host' technique used?,factual,<b>The 'Indicator Removal on Host' technique is used in the 'Covering Tracks' phase of the kill chain.</b>,The 'Indicator Removal on Host' technique is used in the 'Covering Tracks' phase of the kill chain.
Which technique involves the 'execution' kill chain phase and uses API?,factual,"<b>The technique that involves the 'execution' kill chain phase and uses API is known as ""Application Layer Protocol.""</b>","The technique that involves the 'execution' kill chain phase and uses API is known as ""Application Layer Protocol."""
Identify a technique with 'impact' as its kill chain phase and relates to safety.,inferential,"<b>A technique that has 'impact' as its kill chain phase and relates to safety is ""Data Destruction."" This technique involves the intentional destruction of data, which can compromise safety systems and protocols, leading to potential hazards and risks in various environments.</b>","A technique that has 'impact' as its kill chain phase and relates to safety is ""Data Destruction."" This technique involves the intentional destruction of data, which can compromise safety systems and protocols, leading to potential hazards and risks in various environments."
What phase in the kill chain does the 'Loss of View' technique belong to?,opinion,<b>The 'Loss of View' technique belongs to the 'Delivery' phase in the kill chain.</b>,The 'Loss of View' technique belongs to the 'Delivery' phase in the kill chain.
Which technique's kill chain phase is 'collection' and involves automated collection?,factual,"<b>The technique's kill chain phase that is 'collection' and involves automated collection is known as ""Automated Collection.""</b>","The technique's kill chain phase that is 'collection' and involves automated collection is known as ""Automated Collection."""
Name a technique related to 'discovery' in the kill chain.,factual,<b>One technique related to 'discovery' in the kill chain is network scanning.</b>,One technique related to 'discovery' in the kill chain is network scanning.
What is the kill chain phase for the 'Denial of View' technique?,opinion,"<b>The kill chain phase for the 'Denial of View' technique is ""Exploitation.""</b>","The kill chain phase for the 'Denial of View' technique is ""Exploitation."""
Which technique's kill chain phase is 'collection' and involves data historian compromise?,factual,<b>The technique's kill chain phase that is 'collection' and involves data historian compromise is associated with the tactic of data collection in cybersecurity.</b>,The technique's kill chain phase that is 'collection' and involves data historian compromise is associated with the tactic of data collection in cybersecurity.
Identify a technique with the 'evasion' kill chain phase and involves rootkit.,factual,"<b>A technique associated with the 'evasion' kill chain phase that involves a rootkit is the use of kernel-level rootkits. These rootkits can hide their presence by manipulating the operating system's kernel, making it difficult for security software to detect malicious activities or the rootkit itself.</b>","A technique associated with the 'evasion' kill chain phase that involves a rootkit is the use of kernel-level rootkits. These rootkits can hide their presence by manipulating the operating system's kernel, making it difficult for security software to detect malicious activities or the rootkit itself."
In which kill chain phase is the 'Unauthorized Command Message' technique used?,factual,<b>The 'Unauthorized Command Message' technique is used in the Delivery phase of the kill chain.</b>,The 'Unauthorized Command Message' technique is used in the Delivery phase of the kill chain.
What is the kill chain phase for the 'Data Historian Compromise' technique?,factual,"<b>The kill chain phase for the 'Data Historian Compromise' technique is ""Exploitation.""</b>","The kill chain phase for the 'Data Historian Compromise' technique is ""Exploitation."""
Which technique is associated with 'impact' and involves loss of productivity?,inferential,"<b>The technique associated with 'impact' that involves loss of productivity is known as ""impact analysis.""</b>","The technique associated with 'impact' that involves loss of productivity is known as ""impact analysis."""
In which kill chain phase is the 'Automated Collection' technique used?,factual,<b>The 'Automated Collection' technique is used in the 'Delivery' phase of the kill chain.</b>,The 'Automated Collection' technique is used in the 'Delivery' phase of the kill chain.
Identify a technique with 'evasion' as its kill chain phase.,factual,"<b>A technique with 'evasion' as its kill chain phase is ""Obfuscated Files or Information.""</b>","A technique with 'evasion' as its kill chain phase is ""Obfuscated Files or Information."""
What is the kill chain phase for the 'Loss of Safety' technique?,factual,"<b>The kill chain phase for the 'Loss of Safety' technique is ""Exploitation.""</b>","The kill chain phase for the 'Loss of Safety' technique is ""Exploitation."""
Which technique's kill chain phase is 'evasion' and involves hiding indicators on the host?,factual,"<b>The technique associated with the 'evasion' kill chain phase, which involves hiding indicators on the host, is known as ""Obfuscation.""</b>","The technique associated with the 'evasion' kill chain phase, which involves hiding indicators on the host, is known as ""Obfuscation."""
Name a technique related to 'execution' in the kill chain.,factual,<b>A technique related to 'execution' in the kill chain is the use of malware to execute malicious code on a target system.</b>,A technique related to 'execution' in the kill chain is the use of malware to execute malicious code on a target system.
Which technique involves 'collection' and is related to I/O image capture?,factual,"<b>The technique that involves 'collection' and is related to I/O image capture is likely to be referred to as ""image acquisition.""</b>","The technique that involves 'collection' and is related to I/O image capture is likely to be referred to as ""image acquisition."""
In which kill chain phase is the 'Network Service Scanning' technique used?,factual,<b>The 'Network Service Scanning' technique is used in the 'Reconnaissance' phase of the kill chain.</b>,The 'Network Service Scanning' technique is used in the 'Reconnaissance' phase of the kill chain.
What is the kill chain phase for the 'Spearphishing Attachment' technique?,factual,<b>The kill chain phase for the 'Spearphishing Attachment' technique is typically associated with the delivery phase.</b>,The kill chain phase for the 'Spearphishing Attachment' technique is typically associated with the delivery phase.
Which technique's kill chain phase is 'execution' and uses AutoRun?,factual,<b>The technique associated with the 'execution' phase of the kill chain that uses AutoRun is T1203.</b>,The technique associated with the 'execution' phase of the kill chain that uses AutoRun is T1203.
Name a technique related to 'collection' in the kill chain.,factual,"<b>A technique related to 'collection' in the kill chain is ""Data from Information Repositories.""</b>","A technique related to 'collection' in the kill chain is ""Data from Information Repositories."""
What is the kill chain phase for the 'Drive-by Compromise' technique?,factual,"<b>The kill chain phase for the 'Drive-by Compromise' technique is the ""Delivery"" phase.</b>","The kill chain phase for the 'Drive-by Compromise' technique is the ""Delivery"" phase."
Identify a technique with 'execution' as its kill chain phase.,factual,"<b>A technique with 'execution' as its kill chain phase is ""Command and Scripting Interpreter.""</b>","A technique with 'execution' as its kill chain phase is ""Command and Scripting Interpreter."""
What phase in the kill chain does the technique 'Manipulation of View' belong to?,opinion,<b>The technique 'Manipulation of View' belongs to the Delivery phase in the kill chain.</b>,The technique 'Manipulation of View' belongs to the Delivery phase in the kill chain.
Which technique is associated with 'collection' and involves serial connection enumeration?,factual,"<b>The technique associated with 'collection' that involves serial connection enumeration is known as ""Network Sniffing.""</b>","The technique associated with 'collection' that involves serial connection enumeration is known as ""Network Sniffing."""
In which kill chain phase is the 'Loss of Productivity and Revenue' technique used?,factual,<b>The 'Loss of Productivity and Revenue' technique is used in the 'Impact' phase of the kill chain.</b>,The 'Loss of Productivity and Revenue' technique is used in the 'Impact' phase of the kill chain.
Which technique's kill chain phase is 'initial-access' and involves drive-by compromise?,factual,"<b>The technique associated with the 'initial-access' kill chain phase that involves drive-by compromise is known as ""Drive-by Compromise.""</b>","The technique associated with the 'initial-access' kill chain phase that involves drive-by compromise is known as ""Drive-by Compromise."""
What is the kill chain phase for the 'Supply Chain Compromise' technique?,factual,"<b>The kill chain phase for the 'Supply Chain Compromise' technique is ""Delivery.""</b>","The kill chain phase for the 'Supply Chain Compromise' technique is ""Delivery."""
Identify a technique with 'impact' as its kill chain phase.,inferential,"<b>The technique with 'impact' as its kill chain phase is ""Data Manipulation.""</b>","The technique with 'impact' as its kill chain phase is ""Data Manipulation."""
Which technique is used in the 'evasion' kill chain phase and involves rootkit?,factual,"<b>The technique used in the 'evasion' kill chain phase that involves a rootkit is known as ""rootkit installation."" This technique allows attackers to hide their presence on a compromised system by modifying the operating system to conceal malicious activities.</b>","The technique used in the 'evasion' kill chain phase that involves a rootkit is known as ""rootkit installation."" This technique allows attackers to hide their presence on a compromised system by modifying the operating system to conceal malicious activities."
What kill chain phase is associated with the 'Data Destruction' technique?,factual,<b>The 'Data Destruction' technique is associated with the 'Actions on Objectives' phase of the kill chain.</b>,The 'Data Destruction' technique is associated with the 'Actions on Objectives' phase of the kill chain.
Name a technique related to 'initial-access' in the kill chain.,factual,<b>A technique related to 'initial-access' in the kill chain is phishing.</b>,A technique related to 'initial-access' in the kill chain is phishing.
Which technique's kill chain phase is 'collection' and involves I/O image?,factual,"<b>The technique associated with the 'collection' phase of the kill chain that involves I/O image is ""Data from Information Repositories.""</b>","The technique associated with the 'collection' phase of the kill chain that involves I/O image is ""Data from Information Repositories."""
Do you think network segmentation alone is sufficient to protect ICS environments?,opinion,"<b>Network segmentation is an important security measure for protecting Industrial Control Systems (ICS) environments, but it is not sufficient on its own. Effective protection requires a multi-layered approach that includes additional security practices such as regular monitoring, access controls, incident response planning, and employee training. Combining these strategies with network segmentation can enhance the overall security posture of ICS environments.</b>","Network segmentation is an important security measure for protecting Industrial Control Systems (ICS) environments, but it is not sufficient on its own. Effective protection requires a multi-layered approach that includes additional security practices such as regular monitoring, access controls, incident response planning, and employee training. Combining these strategies with network segmentation can enhance the overall security posture of ICS environments."
Should organizations prioritize replacing legacy ICS systems to enhance security?,contrastive,"<b>Organizations should consider prioritizing the replacement of legacy ICS systems to enhance security. Legacy systems often have outdated security measures and may not be compatible with modern security protocols, making them vulnerable to cyber threats. Upgrading to newer systems can provide improved security features, better integration with current technologies, and enhanced overall resilience against potential attacks.</b>","Organizations should consider prioritizing the replacement of legacy ICS systems to enhance security. Legacy systems often have outdated security measures and may not be compatible with modern security protocols, making them vulnerable to cyber threats. Upgrading to newer systems can provide improved security features, better integration with current technologies, and enhanced overall resilience against potential attacks."
Is encrypting all communication in ICS environments necessary for enhancing security?,factual,<b>Encrypting all communication in ICS environments is necessary for enhancing security. It helps protect sensitive data from unauthorized access and ensures the integrity and confidentiality of the information being transmitted. This measure is crucial in safeguarding critical infrastructure from potential cyber threats and vulnerabilities.</b>,Encrypting all communication in ICS environments is necessary for enhancing security. It helps protect sensitive data from unauthorized access and ensures the integrity and confidentiality of the information being transmitted. This measure is crucial in safeguarding critical infrastructure from potential cyber threats and vulnerabilities.
Do you believe AI-based threat detection is the best approach for securing ICS environments?,opinion,"<b>AI-based threat detection can be a valuable approach for securing ICS environments, as it has the potential to analyze large volumes of data and identify patterns indicative of threats. However, the effectiveness of this approach may depend on various factors, including the specific implementation, the nature of the ICS environment, and the integration with existing security measures. It's important to consider a multi-layered security strategy that combines AI with other protective measures to enhance overall security.</b>","AI-based threat detection can be a valuable approach for securing ICS environments, as it has the potential to analyze large volumes of data and identify patterns indicative of threats. However, the effectiveness of this approach may depend on various factors, including the specific implementation, the nature of the ICS environment, and the integration with existing security measures. It's important to consider a multi-layered security strategy that combines AI with other protective measures to enhance overall security."
Is air-gapping ICS networks an effective long-term strategy for protecting critical infrastructure?,inferential,"<b>Air-gapping ICS networks can be an effective long-term strategy for protecting critical infrastructure. By isolating these networks from external connections, the risk of cyber threats and unauthorized access is significantly reduced. This approach helps to safeguard sensitive systems and data, ensuring that critical operations remain secure from potential attacks. However, it is essential to consider the challenges associated with maintaining air-gapped systems, such as the need for regular updates and monitoring to address vulnerabilities. Overall, while air-gapping can enhance security, it should be part of a comprehensive security strategy that includes other protective measures.</b>","Air-gapping ICS networks can be an effective long-term strategy for protecting critical infrastructure. By isolating these networks from external connections, the risk of cyber threats and unauthorized access is significantly reduced. This approach helps to safeguard sensitive systems and data, ensuring that critical operations remain secure from potential attacks. However, it is essential to consider the challenges associated with maintaining air-gapped systems, such as the need for regular updates and monitoring to address vulnerabilities. Overall, while air-gapping can enhance security, it should be part of a comprehensive security strategy that includes other protective measures."
Should incident response be prioritized over preventive measures in securing ICS environments?,contrastive,"<b>Incident response and preventive measures both play crucial roles in securing ICS environments. Prioritizing one over the other can depend on specific circumstances, such as the current threat landscape, the maturity of existing security measures, and the potential impact of incidents. A balanced approach that integrates both incident response and preventive measures is generally recommended to effectively manage risks and enhance overall security posture.</b>","Incident response and preventive measures both play crucial roles in securing ICS environments. Prioritizing one over the other can depend on specific circumstances, such as the current threat landscape, the maturity of existing security measures, and the potential impact of incidents. A balanced approach that integrates both incident response and preventive measures is generally recommended to effectively manage risks and enhance overall security posture."
Do you think integrating IT and OT networks in ICS poses more risks than benefits?,opinion,"<b>Integrating IT and OT networks in Industrial Control Systems (ICS) can present both risks and benefits. On one hand, the integration can enhance efficiency, improve data sharing, and enable better decision-making through real-time analytics. On the other hand, it may increase vulnerabilities to cyber threats, as the convergence can expose OT systems to risks typically associated with IT networks. The balance between these risks and benefits depends on the specific context and implementation strategies employed. Careful consideration of security measures and risk management practices is essential to mitigate potential downsides while leveraging the advantages of integration.</b>","Integrating IT and OT networks in Industrial Control Systems (ICS) can present both risks and benefits. On one hand, the integration can enhance efficiency, improve data sharing, and enable better decision-making through real-time analytics. On the other hand, it may increase vulnerabilities to cyber threats, as the convergence can expose OT systems to risks typically associated with IT networks. The balance between these risks and benefits depends on the specific context and implementation strategies employed. Careful consideration of security measures and risk management practices is essential to mitigate potential downsides while leveraging the advantages of integration."
Are human factors the primary weakness in securing ICS environments?,factual,"<b>Human factors are often considered a significant weakness in securing Industrial Control System (ICS) environments. This is due to the potential for human error, lack of training, and inadequate awareness of security protocols, which can lead to vulnerabilities. Addressing these human factors is crucial for enhancing the overall security posture of ICS environments.</b>","Human factors are often considered a significant weakness in securing Industrial Control System (ICS) environments. This is due to the potential for human error, lack of training, and inadequate awareness of security protocols, which can lead to vulnerabilities. Addressing these human factors is crucial for enhancing the overall security posture of ICS environments."
Should international standards be mandatory for all ICS security implementations?,contrastive,"<b>The decision on whether international standards should be mandatory for all ICS security implementations depends on various factors, including the specific needs of the industry, the potential risks involved, and the benefits of standardization. Mandatory standards could enhance security by ensuring a baseline level of protection across all implementations, potentially reducing vulnerabilities and improving overall resilience. However, flexibility may be necessary to accommodate different operational environments and technological advancements. Ultimately, a balanced approach that considers both the need for security and the unique circumstances of each implementation may be most effective.</b>","The decision on whether international standards should be mandatory for all ICS security implementations depends on various factors, including the specific needs of the industry, the potential risks involved, and the benefits of standardization. Mandatory standards could enhance security by ensuring a baseline level of protection across all implementations, potentially reducing vulnerabilities and improving overall resilience. However, flexibility may be necessary to accommodate different operational environments and technological advancements. Ultimately, a balanced approach that considers both the need for security and the unique circumstances of each implementation may be most effective."
Should legacy protocols be entirely phased out in ICS environments to improve security?,opinion,"<b>Phasing out legacy protocols in ICS environments can significantly enhance security by reducing vulnerabilities associated with outdated technologies. However, a complete phase-out may not be feasible due to compatibility issues with existing systems and the potential disruption to operations. A balanced approach that includes assessing risks, implementing security measures, and gradually transitioning to more secure protocols is advisable to maintain operational integrity while improving security.</b>","Phasing out legacy protocols in ICS environments can significantly enhance security by reducing vulnerabilities associated with outdated technologies. However, a complete phase-out may not be feasible due to compatibility issues with existing systems and the potential disruption to operations. A balanced approach that includes assessing risks, implementing security measures, and gradually transitioning to more secure protocols is advisable to maintain operational integrity while improving security."
Should organizations severely limit third-party vendor access to ICS environments to enhance security?,factual,"<b>Yes, organizations should consider severely limiting third-party vendor access to ICS environments to enhance security. This approach helps reduce the risk of potential vulnerabilities and unauthorized access that could compromise critical systems. Implementing strict access controls and monitoring can significantly strengthen the overall security posture of the organization.</b>","Yes, organizations should consider severely limiting third-party vendor access to ICS environments to enhance security. This approach helps reduce the risk of potential vulnerabilities and unauthorized access that could compromise critical systems. Implementing strict access controls and monitoring can significantly strengthen the overall security posture of the organization."
Is physical security as important as cybersecurity measures in protecting ICS environments?,factual,"<b>Yes, physical security is as important as cybersecurity measures in protecting Industrial Control Systems (ICS) environments. Both aspects are critical for ensuring the overall security and integrity of these systems, as vulnerabilities in either area can lead to significant risks and potential breaches.</b>","Yes, physical security is as important as cybersecurity measures in protecting Industrial Control Systems (ICS) environments. Both aspects are critical for ensuring the overall security and integrity of these systems, as vulnerabilities in either area can lead to significant risks and potential breaches."
Are periodic security audits sufficient for maintaining ICS security?,factual,"<b>Periodic security audits are an important component of maintaining ICS security, but they are not sufficient on their own. A comprehensive security strategy should also include continuous monitoring, regular updates to security protocols, employee training, incident response planning, and the implementation of best practices in cybersecurity. This multi-faceted approach helps to address the evolving nature of threats and vulnerabilities in industrial control systems.</b>","Periodic security audits are an important component of maintaining ICS security, but they are not sufficient on their own. A comprehensive security strategy should also include continuous monitoring, regular updates to security protocols, employee training, incident response planning, and the implementation of best practices in cybersecurity. This multi-faceted approach helps to address the evolving nature of threats and vulnerabilities in industrial control systems."
Should zero-trust architecture be implemented across all ICS networks?,contrastive,"<b>Implementing zero-trust architecture across all ICS networks can enhance security by ensuring that every access request is thoroughly verified, regardless of the source. This approach can help mitigate risks associated with unauthorized access and potential vulnerabilities within the network. However, the decision to implement such a framework should consider the specific needs, risks, and operational requirements of each ICS environment.</b>","Implementing zero-trust architecture across all ICS networks can enhance security by ensuring that every access request is thoroughly verified, regardless of the source. This approach can help mitigate risks associated with unauthorized access and potential vulnerabilities within the network. However, the decision to implement such a framework should consider the specific needs, risks, and operational requirements of each ICS environment."
Are insider threats the biggest concern for ICS security?,factual,"<b>Insider threats are indeed a significant concern for ICS security, as they can lead to serious vulnerabilities and risks. However, the overall threat landscape for ICS includes various other factors, such as external attacks and system vulnerabilities, which also require attention. Therefore, while insider threats are a major concern, they are part of a broader spectrum of security challenges in ICS environments.</b>","Insider threats are indeed a significant concern for ICS security, as they can lead to serious vulnerabilities and risks. However, the overall threat landscape for ICS includes various other factors, such as external attacks and system vulnerabilities, which also require attention. Therefore, while insider threats are a major concern, they are part of a broader spectrum of security challenges in ICS environments."
Should ICS environments standardize on a single vendor to enhance security?,factual,"<b>Standardizing on a single vendor in ICS environments can enhance security by simplifying management, reducing compatibility issues, and streamlining updates and patches. However, it may also introduce risks related to vendor lock-in and limit flexibility. A balanced approach that considers the specific needs and risks of the environment is essential for effective security.</b>","Standardizing on a single vendor in ICS environments can enhance security by simplifying management, reducing compatibility issues, and streamlining updates and patches. However, it may also introduce risks related to vendor lock-in and limit flexibility. A balanced approach that considers the specific needs and risks of the environment is essential for effective security."
Is it feasible to implement regular patch management in all ICS environments?,factual,"<b>Implementing regular patch management in all ICS environments may face challenges due to the unique characteristics and operational requirements of these systems. Factors such as the critical nature of industrial control systems, potential downtime during patching, and the need for rigorous testing before deployment can complicate the process. Additionally, some ICS environments may have legacy systems that are not easily updated. Therefore, while it is feasible in some cases, it may not be practical or effective in all ICS environments.</b>","Implementing regular patch management in all ICS environments may face challenges due to the unique characteristics and operational requirements of these systems. Factors such as the critical nature of industrial control systems, potential downtime during patching, and the need for rigorous testing before deployment can complicate the process. Additionally, some ICS environments may have legacy systems that are not easily updated. Therefore, while it is feasible in some cases, it may not be practical or effective in all ICS environments."
Is moving ICS operations to the cloud a viable strategy for enhancing security?,factual,"<b>Moving ICS operations to the cloud can enhance security by leveraging advanced security features and protocols offered by cloud providers. Cloud environments often provide robust security measures, including encryption, access controls, and regular updates, which can help protect sensitive data and systems. Additionally, cloud providers typically have dedicated security teams and resources that may not be available in-house, further strengthening the overall security posture. However, careful consideration of potential risks and the specific needs of the ICS environment is essential to ensure that the transition is effective and secure.</b>","Moving ICS operations to the cloud can enhance security by leveraging advanced security features and protocols offered by cloud providers. Cloud environments often provide robust security measures, including encryption, access controls, and regular updates, which can help protect sensitive data and systems. Additionally, cloud providers typically have dedicated security teams and resources that may not be available in-house, further strengthening the overall security posture. However, careful consideration of potential risks and the specific needs of the ICS environment is essential to ensure that the transition is effective and secure."
Should ICS security training focus more on specialized skills rather than general cybersecurity knowledge?,contrastive,"<b>Focusing on specialized skills in ICS security training is essential due to the unique challenges and requirements of industrial control systems. While general cybersecurity knowledge is important, specialized training can better address the specific threats and vulnerabilities associated with ICS environments. This targeted approach ensures that personnel are equipped with the necessary skills to effectively protect and manage these critical systems.</b>","Focusing on specialized skills in ICS security training is essential due to the unique challenges and requirements of industrial control systems. While general cybersecurity knowledge is important, specialized training can better address the specific threats and vulnerabilities associated with ICS environments. This targeted approach ensures that personnel are equipped with the necessary skills to effectively protect and manage these critical systems."
Should governments have more control over ICS security regulations?,contrastive,"<b>The question of whether governments should have more control over ICS (Industrial Control Systems) security regulations is a complex issue. Advocates for increased government oversight argue that enhanced regulations can help protect critical infrastructure from cyber threats, ensuring a standardized approach to security that can mitigate risks. On the other hand, opponents may contend that excessive regulation could stifle innovation and impose burdensome compliance costs on businesses.

Ultimately, the decision should consider the balance between ensuring security and fostering a conducive environment for technological advancement. Engaging stakeholders from both the public and private sectors can lead to more effective and practical security measures.</b>","The question of whether governments should have more control over ICS (Industrial Control Systems) security regulations is a complex issue. Advocates for increased government oversight argue that enhanced regulations can help protect critical infrastructure from cyber threats, ensuring a standardized approach to security that can mitigate risks. On the other hand, opponents may contend that excessive regulation could stifle innovation and impose burdensome compliance costs on businesses.

Ultimately, the decision should consider the balance between ensuring security and fostering a conducive environment for technological advancement. Engaging stakeholders from both the public and private sectors can lead to more effective and practical security measures."
Is the use of open-source software in ICS environments advisable from a security perspective?,factual,"<b>The use of open-source software in ICS environments can present both advantages and challenges from a security perspective. While open-source software allows for transparency and community-driven improvements, it may also introduce vulnerabilities if not properly managed. Organizations should carefully assess the specific open-source solutions they consider, ensuring they have robust security practices in place, including regular updates, vulnerability assessments, and a clear understanding of the software's security posture. Ultimately, the decision should be based on a thorough risk assessment tailored to the specific ICS environment.</b>","The use of open-source software in ICS environments can present both advantages and challenges from a security perspective. While open-source software allows for transparency and community-driven improvements, it may also introduce vulnerabilities if not properly managed. Organizations should carefully assess the specific open-source solutions they consider, ensuring they have robust security practices in place, including regular updates, vulnerability assessments, and a clear understanding of the software's security posture. Ultimately, the decision should be based on a thorough risk assessment tailored to the specific ICS environment."
Is real-time monitoring essential for maintaining ICS security?,factual,"<b>Real-time monitoring is crucial for maintaining the security of Industrial Control Systems (ICS). It allows for the immediate detection of anomalies, potential threats, and vulnerabilities, enabling timely responses to incidents. This proactive approach helps in safeguarding critical infrastructure and ensuring operational continuity.</b>","Real-time monitoring is crucial for maintaining the security of Industrial Control Systems (ICS). It allows for the immediate detection of anomalies, potential threats, and vulnerabilities, enabling timely responses to incidents. This proactive approach helps in safeguarding critical infrastructure and ensuring operational continuity."
Should cyber resilience be prioritized over traditional cybersecurity measures in ICS environments?,contrastive,"<b>Cyber resilience should be prioritized over traditional cybersecurity measures in ICS environments because it focuses on the ability to prepare for, respond to, and recover from cyber incidents. This approach acknowledges that while traditional measures are important for preventing attacks, they may not be sufficient in the face of evolving threats. Emphasizing resilience allows organizations to maintain operational continuity and minimize the impact of potential breaches, ensuring that critical systems can recover quickly and effectively.</b>","Cyber resilience should be prioritized over traditional cybersecurity measures in ICS environments because it focuses on the ability to prepare for, respond to, and recover from cyber incidents. This approach acknowledges that while traditional measures are important for preventing attacks, they may not be sufficient in the face of evolving threats. Emphasizing resilience allows organizations to maintain operational continuity and minimize the impact of potential breaches, ensuring that critical systems can recover quickly and effectively."
Should compliance be prioritized over security in ICS environments?,contrastive,"<b>In ICS environments, both compliance and security are critical, but prioritizing one over the other can depend on specific circumstances. Compliance often ensures that systems meet regulatory and legal standards, which can help mitigate risks. However, security measures are essential to protect against threats and vulnerabilities that could compromise the integrity and availability of the systems. A balanced approach that integrates both compliance and security is typically recommended to ensure robust protection and adherence to necessary regulations.</b>","In ICS environments, both compliance and security are critical, but prioritizing one over the other can depend on specific circumstances. Compliance often ensures that systems meet regulatory and legal standards, which can help mitigate risks. However, security measures are essential to protect against threats and vulnerabilities that could compromise the integrity and availability of the systems. A balanced approach that integrates both compliance and security is typically recommended to ensure robust protection and adherence to necessary regulations."
Is the integration of AI in predictive maintenance systems a potential security risk for ICS?,inferential,"<b>The integration of AI in predictive maintenance systems can introduce potential security risks for Industrial Control Systems (ICS). These risks may arise from vulnerabilities in the AI algorithms, data integrity issues, and the potential for adversarial attacks that could manipulate the AI's decision-making processes. Additionally, the reliance on AI could lead to challenges in ensuring the security of the data used for training and operation, as well as the systems that implement these AI solutions. Therefore, while AI can enhance predictive maintenance, it is essential to address the associated security concerns to protect ICS effectively.</b>","The integration of AI in predictive maintenance systems can introduce potential security risks for Industrial Control Systems (ICS). These risks may arise from vulnerabilities in the AI algorithms, data integrity issues, and the potential for adversarial attacks that could manipulate the AI's decision-making processes. Additionally, the reliance on AI could lead to challenges in ensuring the security of the data used for training and operation, as well as the systems that implement these AI solutions. Therefore, while AI can enhance predictive maintenance, it is essential to address the associated security concerns to protect ICS effectively."
Should ICS systems be completely isolated from corporate IT networks to enhance security?,factual,"<b>Isolating ICS systems from corporate IT networks can enhance security by reducing the risk of cyber threats and unauthorized access. This separation helps to protect critical infrastructure and sensitive operational technology from vulnerabilities that may arise in corporate IT environments. However, the decision should also consider operational needs and the potential for secure communication between the two networks.</b>","Isolating ICS systems from corporate IT networks can enhance security by reducing the risk of cyber threats and unauthorized access. This separation helps to protect critical infrastructure and sensitive operational technology from vulnerabilities that may arise in corporate IT environments. However, the decision should also consider operational needs and the potential for secure communication between the two networks."
Is machine learning the most effective approach for threat detection in ICS environments?,inferential,"<b>Machine learning can be a valuable approach for threat detection in Industrial Control Systems (ICS) environments, but its effectiveness may vary based on specific circumstances and implementations. Factors such as the nature of the threats, the complexity of the ICS, and the quality of the data used for training models can influence its success. Other methods may also be employed alongside machine learning to enhance overall threat detection capabilities.</b>","Machine learning can be a valuable approach for threat detection in Industrial Control Systems (ICS) environments, but its effectiveness may vary based on specific circumstances and implementations. Factors such as the nature of the threats, the complexity of the ICS, and the quality of the data used for training models can influence its success. Other methods may also be employed alongside machine learning to enhance overall threat detection capabilities."
Should incident response planning be given higher priority than preventive measures in ICS security?,contrastive,"<b>Incident response planning should be given a high priority in ICS security, as it prepares organizations to effectively manage and mitigate the impact of security incidents when they occur. While preventive measures are essential for reducing the likelihood of incidents, having a robust incident response plan ensures that organizations can quickly and efficiently respond to threats, minimizing damage and recovery time. Balancing both aspects is crucial, but prioritizing incident response can enhance overall security resilience.</b>","Incident response planning should be given a high priority in ICS security, as it prepares organizations to effectively manage and mitigate the impact of security incidents when they occur. While preventive measures are essential for reducing the likelihood of incidents, having a robust incident response plan ensures that organizations can quickly and efficiently respond to threats, minimizing damage and recovery time. Balancing both aspects is crucial, but prioritizing incident response can enhance overall security resilience."
Is defense-in-depth still the best approach to securing ICS environments?,factual,"<b>Defense-in-depth remains a widely recommended approach for securing Industrial Control Systems (ICS) environments. This strategy involves implementing multiple layers of security controls to protect against various threats, ensuring that if one layer is breached, others remain in place to provide protection. By combining physical security, network security, access controls, and monitoring, organizations can create a more resilient security posture that addresses the unique challenges of ICS environments.</b>","Defense-in-depth remains a widely recommended approach for securing Industrial Control Systems (ICS) environments. This strategy involves implementing multiple layers of security controls to protect against various threats, ensuring that if one layer is breached, others remain in place to provide protection. By combining physical security, network security, access controls, and monitoring, organizations can create a more resilient security posture that addresses the unique challenges of ICS environments."
Should organizations prioritize securing their supply chain over internal networks in ICS environments?,contrastive,"<b>Organizations should prioritize securing their supply chain in ICS environments due to the interconnected nature of modern systems. Vulnerabilities in the supply chain can lead to significant risks, as external components may introduce threats that can compromise internal networks. Ensuring the security of the supply chain helps mitigate potential attacks and enhances overall resilience against cyber threats.</b>","Organizations should prioritize securing their supply chain in ICS environments due to the interconnected nature of modern systems. Vulnerabilities in the supply chain can lead to significant risks, as external components may introduce threats that can compromise internal networks. Ensuring the security of the supply chain helps mitigate potential attacks and enhances overall resilience against cyber threats."
Are honeypots a viable strategy for enhancing ICS security?,factual,"<b>Honeypots can be a viable strategy for enhancing ICS security. They serve as decoy systems designed to attract and engage potential attackers, allowing organizations to monitor malicious activities and gather intelligence on attack methods. This can help in understanding vulnerabilities and improving overall security measures. However, the effectiveness of honeypots depends on proper implementation and continuous management to ensure they do not become a liability or a point of exploitation themselves.</b>","Honeypots can be a viable strategy for enhancing ICS security. They serve as decoy systems designed to attract and engage potential attackers, allowing organizations to monitor malicious activities and gather intelligence on attack methods. This can help in understanding vulnerabilities and improving overall security measures. However, the effectiveness of honeypots depends on proper implementation and continuous management to ensure they do not become a liability or a point of exploitation themselves."
Should risk management frameworks be the foundation of ICS security strategies?,factual,"<b>Yes, risk management frameworks should be the foundation of ICS security strategies. They provide a structured approach to identifying, assessing, and mitigating risks, which is essential for protecting critical infrastructure systems. By integrating risk management into security strategies, organizations can prioritize their efforts and allocate resources effectively to address the most significant threats and vulnerabilities.</b>","Yes, risk management frameworks should be the foundation of ICS security strategies. They provide a structured approach to identifying, assessing, and mitigating risks, which is essential for protecting critical infrastructure systems. By integrating risk management into security strategies, organizations can prioritize their efforts and allocate resources effectively to address the most significant threats and vulnerabilities."
Are SIEM systems necessary for effective ICS security?,inferential,"<b>SIEM systems can play a crucial role in enhancing the security of Industrial Control Systems (ICS) by providing real-time monitoring, threat detection, and incident response capabilities. They help in aggregating and analyzing security data from various sources, which is essential for identifying potential vulnerabilities and threats within ICS environments. While not strictly necessary, implementing a SIEM system can significantly improve the overall security posture of ICS by enabling organizations to respond more effectively to security incidents.</b>","SIEM systems can play a crucial role in enhancing the security of Industrial Control Systems (ICS) by providing real-time monitoring, threat detection, and incident response capabilities. They help in aggregating and analyzing security data from various sources, which is essential for identifying potential vulnerabilities and threats within ICS environments. While not strictly necessary, implementing a SIEM system can significantly improve the overall security posture of ICS by enabling organizations to respond more effectively to security incidents."
Is penetration testing a necessary practice for maintaining ICS security?,factual,"<b>Penetration testing is considered a necessary practice for maintaining the security of Industrial Control Systems (ICS). It helps identify vulnerabilities, assess the effectiveness of security measures, and ensure that systems are resilient against potential cyber threats. Regular testing can enhance the overall security posture of ICS environments, making it a critical component of a comprehensive security strategy.</b>","Penetration testing is considered a necessary practice for maintaining the security of Industrial Control Systems (ICS). It helps identify vulnerabilities, assess the effectiveness of security measures, and ensure that systems are resilient against potential cyber threats. Regular testing can enhance the overall security posture of ICS environments, making it a critical component of a comprehensive security strategy."
Should IT and OT teams work more closely together to enhance ICS security?,contrastive,"<b>Yes, IT and OT teams should work more closely together to enhance ICS security. Collaboration between these teams can lead to improved communication, better understanding of security needs, and more effective strategies to protect industrial control systems from potential threats.</b>","Yes, IT and OT teams should work more closely together to enhance ICS security. Collaboration between these teams can lead to improved communication, better understanding of security needs, and more effective strategies to protect industrial control systems from potential threats."
Are VPNs sufficient for securing remote access in ICS environments?,factual,"<b>VPNs can provide a layer of security for remote access in ICS environments, but they may not be sufficient on their own. Additional security measures, such as network segmentation, strong authentication methods, and continuous monitoring, are also important to ensure comprehensive protection against potential threats.</b>","VPNs can provide a layer of security for remote access in ICS environments, but they may not be sufficient on their own. Additional security measures, such as network segmentation, strong authentication methods, and continuous monitoring, are also important to ensure comprehensive protection against potential threats."
Should backup and recovery plans be prioritized over real-time monitoring in ICS security?,contrastive,"<b>Backup and recovery plans are essential components of ICS security, as they ensure that systems can be restored in the event of a failure or cyber incident. While real-time monitoring is crucial for detecting and responding to threats as they occur, having robust backup and recovery plans can provide a safety net that mitigates the impact of such incidents. Therefore, both aspects are important, but prioritization may depend on the specific needs and risk profile of the organization. Balancing both strategies is key to maintaining overall security and resilience in ICS environments.</b>","Backup and recovery plans are essential components of ICS security, as they ensure that systems can be restored in the event of a failure or cyber incident. While real-time monitoring is crucial for detecting and responding to threats as they occur, having robust backup and recovery plans can provide a safety net that mitigates the impact of such incidents. Therefore, both aspects are important, but prioritization may depend on the specific needs and risk profile of the organization. Balancing both strategies is key to maintaining overall security and resilience in ICS environments."
Is active defense a viable approach for protecting ICS environments?,factual,"<b>Active defense can be considered a viable approach for protecting Industrial Control Systems (ICS) environments. It involves proactive measures to detect, respond to, and mitigate threats in real-time, which can enhance the security posture of ICS. By employing techniques such as threat intelligence, anomaly detection, and automated response mechanisms, organizations can better safeguard their critical infrastructure against potential cyber threats. However, the effectiveness of active defense strategies may depend on the specific characteristics and requirements of the ICS environment in question.</b>","Active defense can be considered a viable approach for protecting Industrial Control Systems (ICS) environments. It involves proactive measures to detect, respond to, and mitigate threats in real-time, which can enhance the security posture of ICS. By employing techniques such as threat intelligence, anomaly detection, and automated response mechanisms, organizations can better safeguard their critical infrastructure against potential cyber threats. However, the effectiveness of active defense strategies may depend on the specific characteristics and requirements of the ICS environment in question."
Should asset visibility be given higher priority than threat detection in ICS environments?,factual,"<b>In ICS environments, asset visibility is crucial as it provides a comprehensive understanding of the system's components, their status, and interactions. This knowledge is essential for effective threat detection and response. Prioritizing asset visibility can enhance the overall security posture by enabling better monitoring and management of assets, which in turn supports more effective threat detection. Therefore, while both are important, giving higher priority to asset visibility can lead to improved threat detection capabilities.</b>","In ICS environments, asset visibility is crucial as it provides a comprehensive understanding of the system's components, their status, and interactions. This knowledge is essential for effective threat detection and response. Prioritizing asset visibility can enhance the overall security posture by enabling better monitoring and management of assets, which in turn supports more effective threat detection. Therefore, while both are important, giving higher priority to asset visibility can lead to improved threat detection capabilities."
Is end-user training the most critical component of ICS security?,factual,"<b>End-user training is a significant component of ICS security, as it helps ensure that individuals are aware of potential threats and best practices for maintaining security. However, it is essential to consider that ICS security encompasses various elements, including technology, policies, and procedures, all of which play crucial roles in creating a comprehensive security posture. Therefore, while end-user training is important, it may not be the sole most critical component.</b>","End-user training is a significant component of ICS security, as it helps ensure that individuals are aware of potential threats and best practices for maintaining security. However, it is essential to consider that ICS security encompasses various elements, including technology, policies, and procedures, all of which play crucial roles in creating a comprehensive security posture. Therefore, while end-user training is important, it may not be the sole most critical component."
Do you believe remote file copy or the deployment of remote access tools poses a greater threat to ICS environments?,opinion,"<b>The deployment of remote access tools poses a greater threat to ICS environments. While remote file copy can be a risk, remote access tools provide attackers with the ability to interact directly with the systems, potentially leading to more significant vulnerabilities and control over critical infrastructure.</b>","The deployment of remote access tools poses a greater threat to ICS environments. While remote file copy can be a risk, remote access tools provide attackers with the ability to interact directly with the systems, potentially leading to more significant vulnerabilities and control over critical infrastructure."
Do you think the use of scripting in ICS environments is more beneficial or more of a security risk?,opinion,"<b>The use of scripting in ICS environments can present both benefits and security risks. On one hand, scripting can enhance automation, streamline processes, and improve efficiency in managing industrial control systems. On the other hand, it can introduce vulnerabilities if not properly managed, as scripts may be exploited by malicious actors to gain unauthorized access or disrupt operations. Therefore, the impact of scripting largely depends on how it is implemented and secured within the ICS environment.</b>","The use of scripting in ICS environments can present both benefits and security risks. On one hand, scripting can enhance automation, streamline processes, and improve efficiency in managing industrial control systems. On the other hand, it can introduce vulnerabilities if not properly managed, as scripts may be exploited by malicious actors to gain unauthorized access or disrupt operations. Therefore, the impact of scripting largely depends on how it is implemented and secured within the ICS environment."
Which do you think has a more immediate impact: changing the operating mode or modifying network data?,opinion,"<b>Changing the operating mode typically has a more immediate impact, as it can directly alter the system's behavior and performance in real-time. Modifying network data may take longer to implement and may not yield instant results, depending on the nature of the changes and how they are processed within the system.</b>","Changing the operating mode typically has a more immediate impact, as it can directly alter the system's behavior and performance in real-time. Modifying network data may take longer to implement and may not yield instant results, depending on the nature of the changes and how they are processed within the system."
Do you think masquerading is more effective than direct attacks in evading detection in ICS environments?,opinion,"<b>Masquerading can be more effective than direct attacks in evading detection in ICS environments. This is because masquerading involves impersonating legitimate users or processes, which can help avoid triggering security alerts that are often set to detect more overt and aggressive attack methods. By blending in with normal operations, masquerading can allow an attacker to maintain access and carry out malicious activities without raising suspicion.</b>","Masquerading can be more effective than direct attacks in evading detection in ICS environments. This is because masquerading involves impersonating legitimate users or processes, which can help avoid triggering security alerts that are often set to detect more overt and aggressive attack methods. By blending in with normal operations, masquerading can allow an attacker to maintain access and carry out malicious activities without raising suspicion."
Which do you believe poses a greater risk: modifying network data or operating parameters?,opinion,"<b>Modifying network data poses a greater risk as it can lead to significant disruptions in communication, data integrity, and overall system functionality. Changes to operating parameters, while potentially impactful, typically do not have the same level of immediate and widespread consequences as altering the data itself.</b>","Modifying network data poses a greater risk as it can lead to significant disruptions in communication, data integrity, and overall system functionality. Changes to operating parameters, while potentially impactful, typically do not have the same level of immediate and widespread consequences as altering the data itself."
Which do you think is more detrimental to ICS operations: blocking reporting messages or data from field devices?,opinion,"<b>Blocking reporting messages from field devices is likely more detrimental to ICS operations. Reporting messages are crucial for monitoring and responding to real-time conditions within the system. If these messages are blocked, it can lead to a lack of situational awareness, delayed responses to issues, and potential safety risks. While blocking data from field devices can also have negative impacts, the inability to receive timely reporting messages can severely hinder operational effectiveness and decision-making.</b>","Blocking reporting messages from field devices is likely more detrimental to ICS operations. Reporting messages are crucial for monitoring and responding to real-time conditions within the system. If these messages are blocked, it can lead to a lack of situational awareness, delayed responses to issues, and potential safety risks. While blocking data from field devices can also have negative impacts, the inability to receive timely reporting messages can severely hinder operational effectiveness and decision-making."
Do you think capturing input data is more harmful than capturing output data in ICS environments?,opinion,"<b>The assessment of whether capturing input data is more harmful than capturing output data in ICS environments depends on various factors, including the specific context of the system, the nature of the data, and the potential risks involved. Input data can include sensitive operational parameters and control commands, which, if compromised, could lead to unauthorized access or manipulation of the system. On the other hand, output data may reveal system performance and operational outcomes, which could also be exploited if it provides insights into vulnerabilities.

Ultimately, the potential harm from capturing either type of data should be evaluated based on the specific security and operational requirements of the ICS environment in question.</b>","The assessment of whether capturing input data is more harmful than capturing output data in ICS environments depends on various factors, including the specific context of the system, the nature of the data, and the potential risks involved. Input data can include sensitive operational parameters and control commands, which, if compromised, could lead to unauthorized access or manipulation of the system. On the other hand, output data may reveal system performance and operational outcomes, which could also be exploited if it provides insights into vulnerabilities.

Ultimately, the potential harm from capturing either type of data should be evaluated based on the specific security and operational requirements of the ICS environment in question."
Do you believe spoofing reporting messages is more likely to cause long-term operational issues than direct system sabotage?,opinion,"<b>Spoofing reporting messages can lead to confusion and misinformation, potentially resulting in misinformed decisions and actions. This can create long-term operational issues as teams may respond to false alerts or data, undermining trust in the reporting system. In contrast, direct system sabotage typically has immediate and visible effects, allowing for quicker identification and resolution. Therefore, while both can cause significant problems, the subtle and ongoing nature of spoofing may lead to more persistent operational challenges over time.</b>","Spoofing reporting messages can lead to confusion and misinformation, potentially resulting in misinformed decisions and actions. This can create long-term operational issues as teams may respond to false alerts or data, undermining trust in the reporting system. In contrast, direct system sabotage typically has immediate and visible effects, allowing for quicker identification and resolution. Therefore, while both can cause significant problems, the subtle and ongoing nature of spoofing may lead to more persistent operational challenges over time."
Which do you think poses a greater threat: capturing input data or deploying remote access tools?,opinion,"<b>Capturing input data poses a greater threat as it can lead to unauthorized access to sensitive information, potentially compromising personal and financial security. While deploying remote access tools can also be risky, the immediate impact of data capture can be more severe, as it allows attackers to gain insights and exploit vulnerabilities without the need for direct access.</b>","Capturing input data poses a greater threat as it can lead to unauthorized access to sensitive information, potentially compromising personal and financial security. While deploying remote access tools can also be risky, the immediate impact of data capture can be more severe, as it allows attackers to gain insights and exploit vulnerabilities without the need for direct access."
Which do you believe is more susceptible to detection: automated data collection or using the command-line interface in ICS?,opinion,"<b>Automated data collection is generally more susceptible to detection compared to using the command-line interface in Industrial Control Systems (ICS). This is because automated processes often generate patterns of activity that can be monitored and flagged by security systems. In contrast, command-line interactions can be more discreet and may blend in with normal user activity, making them harder to detect.</b>","Automated data collection is generally more susceptible to detection compared to using the command-line interface in Industrial Control Systems (ICS). This is because automated processes often generate patterns of activity that can be monitored and flagged by security systems. In contrast, command-line interactions can be more discreet and may blend in with normal user activity, making them harder to detect."
Which do you think has a more severe impact on ICS: modifying control logic or disabling it altogether?,opinion,"<b>Disabling control logic altogether would likely have a more severe impact on an Industrial Control System (ICS) compared to merely modifying it. Disabling control logic can lead to a complete loss of functionality and control over processes, potentially resulting in safety hazards, operational disruptions, and significant financial losses. In contrast, modifying control logic may still allow for some level of operation, albeit with altered performance or behavior.</b>","Disabling control logic altogether would likely have a more severe impact on an Industrial Control System (ICS) compared to merely modifying it. Disabling control logic can lead to a complete loss of functionality and control over processes, potentially resulting in safety hazards, operational disruptions, and significant financial losses. In contrast, modifying control logic may still allow for some level of operation, albeit with altered performance or behavior."
Which do you think is more challenging to detect: hijacking execution flow or modifying program state?,opinion,"<b>Detecting hijacking execution flow is generally considered more challenging than modifying program state. This is because hijacking execution flow often involves subtle changes that can evade traditional detection methods, making it difficult to identify unauthorized control transfers. In contrast, modifying program state may be more straightforward to detect, as it often involves observable changes to data or variables that can be monitored.</b>","Detecting hijacking execution flow is generally considered more challenging than modifying program state. This is because hijacking execution flow often involves subtle changes that can evade traditional detection methods, making it difficult to identify unauthorized control transfers. In contrast, modifying program state may be more straightforward to detect, as it often involves observable changes to data or variables that can be monitored."
Which do you think poses a greater long-term security risk: modifying system firmware or software?,opinion,"<b>Modifying system firmware poses a greater long-term security risk compared to software. This is because firmware operates at a lower level than software, often controlling hardware directly and being less frequently updated. Once compromised, firmware can be more difficult to detect and remove, potentially allowing persistent threats that can evade traditional security measures. Additionally, firmware modifications can affect the entire system's integrity, making it a more critical target for attackers.</b>","Modifying system firmware poses a greater long-term security risk compared to software. This is because firmware operates at a lower level than software, often controlling hardware directly and being less frequently updated. Once compromised, firmware can be more difficult to detect and remove, potentially allowing persistent threats that can evade traditional security measures. Additionally, firmware modifications can affect the entire system's integrity, making it a more critical target for attackers."
Do you think deploying virtual systems is riskier than deploying containers in terms of security?,opinion,"<b>Deploying virtual systems and containers each comes with its own set of security considerations. Virtual systems typically provide strong isolation between environments, which can enhance security. However, they may also have a larger attack surface due to the complexity of the hypervisor and the operating systems involved. On the other hand, containers share the host OS kernel, which can lead to potential vulnerabilities if not properly managed, but they are generally lighter and can be more easily updated.

Ultimately, the risk associated with either approach depends on various factors, including the specific use case, the security measures in place, and the expertise of the team managing the deployments. Each method requires careful consideration of security practices to mitigate risks effectively.</b>","Deploying virtual systems and containers each comes with its own set of security considerations. Virtual systems typically provide strong isolation between environments, which can enhance security. However, they may also have a larger attack surface due to the complexity of the hypervisor and the operating systems involved. On the other hand, containers share the host OS kernel, which can lead to potential vulnerabilities if not properly managed, but they are generally lighter and can be more easily updated.

Ultimately, the risk associated with either approach depends on various factors, including the specific use case, the security measures in place, and the expertise of the team managing the deployments. Each method requires careful consideration of security practices to mitigate risks effectively."
Which do you think is more harmful to ICS operations: blocking reporting messages or control messages?,opinion,"<b>Blocking control messages is generally more harmful to ICS operations. Control messages are essential for the operation and management of industrial control systems, as they directly influence the functioning of equipment and processes. If these messages are blocked, it can lead to a failure in controlling critical operations, potentially resulting in safety hazards or operational disruptions. In contrast, while blocking reporting messages can hinder monitoring and diagnostics, it does not immediately impact the control of processes.</b>","Blocking control messages is generally more harmful to ICS operations. Control messages are essential for the operation and management of industrial control systems, as they directly influence the functioning of equipment and processes. If these messages are blocked, it can lead to a failure in controlling critical operations, potentially resulting in safety hazards or operational disruptions. In contrast, while blocking reporting messages can hinder monitoring and diagnostics, it does not immediately impact the control of processes."
Do you believe intercepting network traffic is a more passive threat compared to active manipulation of network data?,contrastive,"<b>Intercepting network traffic is generally considered a more passive threat because it involves monitoring and capturing data as it travels across the network without altering it. In contrast, active manipulation of network data involves directly changing or injecting data into the communication, which can lead to more immediate and potentially harmful consequences.</b>","Intercepting network traffic is generally considered a more passive threat because it involves monitoring and capturing data as it travels across the network without altering it. In contrast, active manipulation of network data involves directly changing or injecting data into the communication, which can lead to more immediate and potentially harmful consequences."
Which do you think poses a greater risk: blocking data from a field device or manipulating the data itself?,opinion,"<b>Manipulating the data itself poses a greater risk. This is because altered data can lead to incorrect decisions, potentially causing significant operational issues or safety hazards. Blocking data may disrupt communication, but it does not compromise the integrity of the information being processed.</b>","Manipulating the data itself poses a greater risk. This is because altered data can lead to incorrect decisions, potentially causing significant operational issues or safety hazards. Blocking data may disrupt communication, but it does not compromise the integrity of the information being processed."
Which do you believe has a greater potential for long-term impact: spoofing reporting messages or automated data collection?,opinion,"<b>Automated data collection has a greater potential for long-term impact. It can provide continuous, real-time insights and facilitate informed decision-making across various sectors. In contrast, spoofing reporting messages may lead to immediate disruptions but does not offer the same level of sustained benefits or advancements.</b>","Automated data collection has a greater potential for long-term impact. It can provide continuous, real-time insights and facilitate informed decision-making across various sectors. In contrast, spoofing reporting messages may lead to immediate disruptions but does not offer the same level of sustained benefits or advancements."
Which do you think is more challenging to reverse: manipulated network traffic or modified network configurations?,opinion,"<b>Manipulated network traffic is generally more challenging to reverse because it involves analyzing potentially obfuscated data packets, understanding the timing and patterns of the traffic, and identifying the specific alterations made during transmission. This requires deep knowledge of protocols and the ability to distinguish between legitimate and malicious traffic. In contrast, modified network configurations can often be traced back to specific settings or changes made in the system, making them easier to identify and revert.</b>","Manipulated network traffic is generally more challenging to reverse because it involves analyzing potentially obfuscated data packets, understanding the timing and patterns of the traffic, and identifying the specific alterations made during transmission. This requires deep knowledge of protocols and the ability to distinguish between legitimate and malicious traffic. In contrast, modified network configurations can often be traced back to specific settings or changes made in the system, making them easier to identify and revert."
Do you think capturing output data is more of a concern than capturing input data in ICS environments?,opinion,"<b>In ICS environments, both capturing output data and input data are important, but the focus may vary depending on specific security and operational needs. Capturing output data can be critical for monitoring system performance, detecting anomalies, and ensuring that the system operates as intended. On the other hand, capturing input data is essential for understanding how commands and configurations are being applied to the system. Ultimately, the concern for either may depend on the specific context and objectives of the ICS environment.</b>","In ICS environments, both capturing output data and input data are important, but the focus may vary depending on specific security and operational needs. Capturing output data can be critical for monitoring system performance, detecting anomalies, and ensuring that the system operates as intended. On the other hand, capturing input data is essential for understanding how commands and configurations are being applied to the system. Ultimately, the concern for either may depend on the specific context and objectives of the ICS environment."
Do you think deploying malware poses a greater risk to ICS than using remote access tools?,opinion,"<b>Deploying malware can pose significant risks to Industrial Control Systems (ICS) as it can lead to unauthorized access, data breaches, and potential disruptions in critical operations. Remote access tools, while also presenting risks, are often used for legitimate purposes such as maintenance and monitoring. However, if misused, they can also lead to vulnerabilities. The overall risk depends on the specific context and security measures in place, but malware deployment generally has the potential for more severe consequences in ICS environments.</b>","Deploying malware can pose significant risks to Industrial Control Systems (ICS) as it can lead to unauthorized access, data breaches, and potential disruptions in critical operations. Remote access tools, while also presenting risks, are often used for legitimate purposes such as maintenance and monitoring. However, if misused, they can also lead to vulnerabilities. The overall risk depends on the specific context and security measures in place, but malware deployment generally has the potential for more severe consequences in ICS environments."
Which do you think is more likely to result in long-term operational issues: modifying program state or hijacking execution flow?,opinion,"<b>Hijacking execution flow is more likely to result in long-term operational issues. This approach can lead to significant disruptions in the intended functionality of a program, potentially causing ongoing instability and security vulnerabilities. Modifying program state, while it can also create issues, typically affects the immediate operation rather than the overall execution integrity.</b>","Hijacking execution flow is more likely to result in long-term operational issues. This approach can lead to significant disruptions in the intended functionality of a program, potentially causing ongoing instability and security vulnerabilities. Modifying program state, while it can also create issues, typically affects the immediate operation rather than the overall execution integrity."
Which do you think is more challenging to detect in an ICS environment: masquerading or blocking reporting messages?,opinion,"<b>Blocking reporting messages is generally more challenging to detect in an ICS environment. This is because it can occur without any visible signs, making it difficult to identify that communication has been disrupted. In contrast, masquerading typically involves an entity impersonating another, which may leave traces or anomalies that can be detected through monitoring and analysis.</b>","Blocking reporting messages is generally more challenging to detect in an ICS environment. This is because it can occur without any visible signs, making it difficult to identify that communication has been disrupted. In contrast, masquerading typically involves an entity impersonating another, which may leave traces or anomalies that can be detected through monitoring and analysis."
Do you believe that scripting poses a greater threat than automated collection in ICS environments?,opinion,"<b>Scripting and automated collection both present unique challenges in ICS environments. Scripting can introduce vulnerabilities if not properly managed, as it may allow for unauthorized access or manipulation of systems. On the other hand, automated collection can lead to data exposure or misuse if sensitive information is not adequately protected. The relative threat of each depends on the specific context and implementation within the ICS environment. Therefore, it's essential to assess the risks associated with both practices to determine which poses a greater threat in a given situation.</b>","Scripting and automated collection both present unique challenges in ICS environments. Scripting can introduce vulnerabilities if not properly managed, as it may allow for unauthorized access or manipulation of systems. On the other hand, automated collection can lead to data exposure or misuse if sensitive information is not adequately protected. The relative threat of each depends on the specific context and implementation within the ICS environment. Therefore, it's essential to assess the risks associated with both practices to determine which poses a greater threat in a given situation."
Which do you think has a more significant impact: changing the operating mode or intercepting network traffic?,opinion,"<b>The significance of the impact between changing the operating mode and intercepting network traffic can vary based on the specific context and objectives. Changing the operating mode may alter the functionality and performance of a system, potentially leading to improved efficiency or security. On the other hand, intercepting network traffic can provide critical insights into data flow and vulnerabilities, which can be essential for security assessments and threat detection. Ultimately, the more significant impact would depend on the goals of the operation and the specific circumstances involved.</b>","The significance of the impact between changing the operating mode and intercepting network traffic can vary based on the specific context and objectives. Changing the operating mode may alter the functionality and performance of a system, potentially leading to improved efficiency or security. On the other hand, intercepting network traffic can provide critical insights into data flow and vulnerabilities, which can be essential for security assessments and threat detection. Ultimately, the more significant impact would depend on the goals of the operation and the specific circumstances involved."
Which do you think poses a greater risk to ICS: modifying control logic or disabling it altogether?,opinion,"<b>Disabling control logic altogether poses a greater risk to Industrial Control Systems (ICS) because it removes the system's ability to manage and respond to operational conditions. This can lead to uncontrolled processes, safety hazards, and potential damage to equipment or the environment. Modifying control logic, while still risky, may allow for some level of operational oversight and control, depending on the nature of the modifications.</b>","Disabling control logic altogether poses a greater risk to Industrial Control Systems (ICS) because it removes the system's ability to manage and respond to operational conditions. This can lead to uncontrolled processes, safety hazards, and potential damage to equipment or the environment. Modifying control logic, while still risky, may allow for some level of operational oversight and control, depending on the nature of the modifications."
Do you think spoofing reporting messages is more difficult to detect than using the command-line interface?,opinion,"<b>Spoofing reporting messages can be more challenging to detect compared to using the command-line interface. This is primarily because spoofing can involve mimicking legitimate messages or altering their appearance, making it harder for systems or users to identify them as fraudulent. In contrast, command-line interface actions may leave more distinct traces or logs that can be monitored and analyzed for suspicious activity.</b>","Spoofing reporting messages can be more challenging to detect compared to using the command-line interface. This is primarily because spoofing can involve mimicking legitimate messages or altering their appearance, making it harder for systems or users to identify them as fraudulent. In contrast, command-line interface actions may leave more distinct traces or logs that can be monitored and analyzed for suspicious activity."
Which do you believe poses a greater threat: capturing input data or output data?,opinion,"<b>Capturing input data poses a greater threat as it can provide insights into the intentions, preferences, and behaviors of individuals, potentially leading to more significant privacy violations and security risks. Output data, while also sensitive, typically reflects processed information rather than the raw, personal details that input data may contain.</b>","Capturing input data poses a greater threat as it can provide insights into the intentions, preferences, and behaviors of individuals, potentially leading to more significant privacy violations and security risks. Output data, while also sensitive, typically reflects processed information rather than the raw, personal details that input data may contain."
Which tactic do you think is more effective: masquerading a slave device or introducing a rogue slave device?,opinion,"<b>Introducing a rogue slave device is generally considered more effective. This tactic allows for direct control and manipulation of the network, potentially leading to greater exploitation of vulnerabilities. Masquerading a slave device may be less impactful, as it relies on deception rather than active engagement with the system.</b>","Introducing a rogue slave device is generally considered more effective. This tactic allows for direct control and manipulation of the network, potentially leading to greater exploitation of vulnerabilities. Masquerading a slave device may be less impactful, as it relies on deception rather than active engagement with the system."
Which do you think has a more lasting impact: modifying network data or system firmware?,opinion,"<b>Modifying system firmware typically has a more lasting impact compared to modifying network data. Firmware changes can affect the fundamental operation of hardware and can persist through reboots and updates, while network data modifications are often temporary and can be reverted or changed with new data transmissions.</b>","Modifying system firmware typically has a more lasting impact compared to modifying network data. Firmware changes can affect the fundamental operation of hardware and can persist through reboots and updates, while network data modifications are often temporary and can be reverted or changed with new data transmissions."
Which do you think is more damaging to ICS: hijacking execution flow or blocking reporting messages?,opinion,"<b>Blocking reporting messages is likely more damaging to ICS, as it can prevent timely detection of issues and hinder response efforts, potentially allowing problems to escalate without notice. In contrast, while hijacking execution flow can disrupt operations, the ability to report issues is crucial for maintaining awareness and control over the system.</b>","Blocking reporting messages is likely more damaging to ICS, as it can prevent timely detection of issues and hinder response efforts, potentially allowing problems to escalate without notice. In contrast, while hijacking execution flow can disrupt operations, the ability to report issues is crucial for maintaining awareness and control over the system."
Do you believe deploying virtual systems is more secure than deploying containers in ICS environments?,opinion,"<b>The security of deploying virtual systems versus containers in Industrial Control Systems (ICS) environments can depend on various factors, including the specific use case, the implementation, and the security measures in place. Virtual systems can offer strong isolation and resource allocation, which may enhance security. However, containers can provide lightweight and efficient deployment options, though they may introduce additional security challenges due to their shared kernel architecture. Ultimately, the decision should be based on a thorough risk assessment and understanding of the specific environment and requirements.</b>","The security of deploying virtual systems versus containers in Industrial Control Systems (ICS) environments can depend on various factors, including the specific use case, the implementation, and the security measures in place. Virtual systems can offer strong isolation and resource allocation, which may enhance security. However, containers can provide lightweight and efficient deployment options, though they may introduce additional security challenges due to their shared kernel architecture. Ultimately, the decision should be based on a thorough risk assessment and understanding of the specific environment and requirements."
Which do you think is harder to detect: modifying device configuration or manipulating an I/O device?,opinion,"<b>Modifying device configuration is generally harder to detect compared to manipulating an I/O device. This is because changes to device configurations can be subtle and may not produce immediate or obvious signs of tampering, whereas manipulation of an I/O device often results in more noticeable changes in behavior or output that can be easier to identify.</b>","Modifying device configuration is generally harder to detect compared to manipulating an I/O device. This is because changes to device configurations can be subtle and may not produce immediate or obvious signs of tampering, whereas manipulation of an I/O device often results in more noticeable changes in behavior or output that can be easier to identify."
Which do you believe has a greater impact on ICS operations: blocking reporting messages or blocking data from field devices?,opinion,"<b>Blocking data from field devices has a greater impact on ICS operations. This is because field devices are essential for real-time monitoring and control of industrial processes. If data from these devices is blocked, it can lead to a lack of visibility into system performance and potential operational issues, which can compromise safety and efficiency. In contrast, while blocking reporting messages can hinder communication, it may not disrupt the core operational data flow as significantly as blocking data from the field devices themselves.</b>","Blocking data from field devices has a greater impact on ICS operations. This is because field devices are essential for real-time monitoring and control of industrial processes. If data from these devices is blocked, it can lead to a lack of visibility into system performance and potential operational issues, which can compromise safety and efficiency. In contrast, while blocking reporting messages can hinder communication, it may not disrupt the core operational data flow as significantly as blocking data from the field devices themselves."
Do you think spoofing command messages poses a greater risk than spoofing reporting messages?,opinion,"<b>Spoofing command messages is generally considered to pose a greater risk than spoofing reporting messages. This is because command messages typically involve direct control over systems or devices, potentially allowing an attacker to manipulate operations or take unauthorized actions. In contrast, reporting messages usually convey information without the same level of control, making them less critical in terms of immediate impact. Therefore, the implications of spoofing command messages can be more severe, leading to significant security vulnerabilities.</b>","Spoofing command messages is generally considered to pose a greater risk than spoofing reporting messages. This is because command messages typically involve direct control over systems or devices, potentially allowing an attacker to manipulate operations or take unauthorized actions. In contrast, reporting messages usually convey information without the same level of control, making them less critical in terms of immediate impact. Therefore, the implications of spoofing command messages can be more severe, leading to significant security vulnerabilities."
Which do you think is more critical to protect against: blocking control messages or reporting messages in ICS?,opinion,"<b>In an Industrial Control System (ICS), both blocking control messages and reporting messages are important to protect against, but the criticality may depend on the specific context and potential impact of each type of message. Blocking control messages can prevent unauthorized actions that could disrupt operations or cause safety hazards, while reporting messages are essential for monitoring system status and detecting anomalies. Therefore, the focus should be on ensuring the integrity and security of both types of messages to maintain safe and efficient operations.</b>","In an Industrial Control System (ICS), both blocking control messages and reporting messages are important to protect against, but the criticality may depend on the specific context and potential impact of each type of message. Blocking control messages can prevent unauthorized actions that could disrupt operations or cause safety hazards, while reporting messages are essential for monitoring system status and detecting anomalies. Therefore, the focus should be on ensuring the integrity and security of both types of messages to maintain safe and efficient operations."
Which do you think is more dangerous: capturing output data or deploying remote access tools?,opinion,"<b>Deploying remote access tools is generally considered more dangerous. This is because such tools can provide unauthorized users with direct access to systems, potentially leading to data breaches, system manipulation, or other malicious activities. Capturing output data, while it can also pose risks, typically involves gathering information rather than actively compromising system integrity or security.</b>","Deploying remote access tools is generally considered more dangerous. This is because such tools can provide unauthorized users with direct access to systems, potentially leading to data breaches, system manipulation, or other malicious activities. Capturing output data, while it can also pose risks, typically involves gathering information rather than actively compromising system integrity or security."
Which do you believe has a greater potential for damage: automated data collection or modifying program flow?,opinion,"<b>Automated data collection has a greater potential for damage. This is primarily due to the vast amounts of sensitive information that can be gathered without user consent, leading to privacy violations and misuse of data. In contrast, modifying program flow typically affects the functionality of a specific application or system, which, while potentially harmful, does not inherently involve the same scale of personal data exposure.</b>","Automated data collection has a greater potential for damage. This is primarily due to the vast amounts of sensitive information that can be gathered without user consent, leading to privacy violations and misuse of data. In contrast, modifying program flow typically affects the functionality of a specific application or system, which, while potentially harmful, does not inherently involve the same scale of personal data exposure."
Which do you believe poses a greater risk: introducing a rogue slave device or masquerading?,opinion,"<b>Introducing a rogue slave device poses a greater risk. This is because a rogue device can directly manipulate or disrupt the system it connects to, potentially leading to significant security breaches or operational failures. Masquerading, while also a concern, typically involves deception without direct control over the system, making it less immediately impactful compared to the risks associated with a rogue device.</b>","Introducing a rogue slave device poses a greater risk. This is because a rogue device can directly manipulate or disrupt the system it connects to, potentially leading to significant security breaches or operational failures. Masquerading, while also a concern, typically involves deception without direct control over the system, making it less immediately impactful compared to the risks associated with a rogue device."
Do you think using a command-line interface is more secure than a graphical user interface in ICS environments?,opinion,"<b>Using a command-line interface can offer certain security advantages over a graphical user interface in industrial control system (ICS) environments. Command-line interfaces typically provide more granular control and can limit exposure to vulnerabilities that may arise from graphical elements. Additionally, they often require specific commands to be executed, which can reduce the risk of accidental actions or unauthorized access. However, the overall security also depends on how each interface is implemented and managed within the ICS environment.</b>","Using a command-line interface can offer certain security advantages over a graphical user interface in industrial control system (ICS) environments. Command-line interfaces typically provide more granular control and can limit exposure to vulnerabilities that may arise from graphical elements. Additionally, they often require specific commands to be executed, which can reduce the risk of accidental actions or unauthorized access. However, the overall security also depends on how each interface is implemented and managed within the ICS environment."
Do you think modifying controller tasking poses a greater threat than modifying device state in ICS environments?,opinion,"<b>Modifying controller tasking can pose a significant threat in ICS environments as it directly impacts the operational logic and decision-making processes of the system. This can lead to unintended consequences, such as system malfunctions or unsafe conditions. On the other hand, modifying device state can also be dangerous, as it may alter the physical behavior of devices, potentially leading to hazardous situations. Both modifications carry risks, but altering controller tasking may have broader implications for system integrity and safety.</b>","Modifying controller tasking can pose a significant threat in ICS environments as it directly impacts the operational logic and decision-making processes of the system. This can lead to unintended consequences, such as system malfunctions or unsafe conditions. On the other hand, modifying device state can also be dangerous, as it may alter the physical behavior of devices, potentially leading to hazardous situations. Both modifications carry risks, but altering controller tasking may have broader implications for system integrity and safety."
Which do you think has a more profound impact on ICS security: modifying operating parameters or network data?,opinion,"<b>Modifying operating parameters is likely to have a more profound impact on ICS security. Changes to operating parameters can directly affect the functionality and safety of industrial control systems, potentially leading to vulnerabilities or failures. In contrast, while network data is important for communication and monitoring, it may not have the same immediate effect on the core operations of the system.</b>","Modifying operating parameters is likely to have a more profound impact on ICS security. Changes to operating parameters can directly affect the functionality and safety of industrial control systems, potentially leading to vulnerabilities or failures. In contrast, while network data is important for communication and monitoring, it may not have the same immediate effect on the core operations of the system."
Which do you think presents a greater security challenge in ICS: automated data collection or scripting?,opinion,"<b>Automated data collection presents a greater security challenge in ICS. This is because it often involves the continuous gathering of data from various sources, which can create vulnerabilities if not properly secured. The constant flow of data can be exploited by malicious actors, leading to potential breaches or unauthorized access. In contrast, scripting, while it can also pose risks, typically involves more controlled and specific actions that can be monitored and managed more easily.</b>","Automated data collection presents a greater security challenge in ICS. This is because it often involves the continuous gathering of data from various sources, which can create vulnerabilities if not properly secured. The constant flow of data can be exploited by malicious actors, leading to potential breaches or unauthorized access. In contrast, scripting, while it can also pose risks, typically involves more controlled and specific actions that can be monitored and managed more easily."
Which do you believe is more dangerous in ICS environments: spoofing reporting messages or command messages?,opinion,"<b>In ICS environments, command messages are generally considered more dangerous than spoofing reporting messages. This is because command messages can directly influence the operation of critical systems, potentially leading to unsafe conditions or system failures. Spoofing reporting messages may mislead operators or systems about the status of equipment, but it does not have the same immediate impact on control actions as command messages do. Therefore, the ability to manipulate commands poses a greater risk to the safety and integrity of industrial control systems.</b>","In ICS environments, command messages are generally considered more dangerous than spoofing reporting messages. This is because command messages can directly influence the operation of critical systems, potentially leading to unsafe conditions or system failures. Spoofing reporting messages may mislead operators or systems about the status of equipment, but it does not have the same immediate impact on control actions as command messages do. Therefore, the ability to manipulate commands poses a greater risk to the safety and integrity of industrial control systems."
Do you think deploying virtual systems is riskier than deploying containers in ICS?,opinion,"<b>Deploying virtual systems can introduce different risks compared to deploying containers in Industrial Control Systems (ICS). Virtual systems may have vulnerabilities related to hypervisor security, resource allocation, and isolation between virtual machines. In contrast, containers share the host operating system, which can lead to risks associated with container escape and the management of container images. The specific risks depend on the implementation, security measures in place, and the overall architecture of the systems being used. Each approach has its own set of challenges that need to be carefully evaluated in the context of ICS.</b>","Deploying virtual systems can introduce different risks compared to deploying containers in Industrial Control Systems (ICS). Virtual systems may have vulnerabilities related to hypervisor security, resource allocation, and isolation between virtual machines. In contrast, containers share the host operating system, which can lead to risks associated with container escape and the management of container images. The specific risks depend on the implementation, security measures in place, and the overall architecture of the systems being used. Each approach has its own set of challenges that need to be carefully evaluated in the context of ICS."
Which do you think poses a greater threat: introducing a rogue slave device or masquerading as a legitimate device?,opinion,"<b>Masquerading as a legitimate device poses a greater threat. This approach allows an attacker to gain access to systems and data by exploiting trust, making it harder to detect malicious activity. In contrast, introducing a rogue slave device may be more easily identified and mitigated by security measures.</b>","Masquerading as a legitimate device poses a greater threat. This approach allows an attacker to gain access to systems and data by exploiting trust, making it harder to detect malicious activity. In contrast, introducing a rogue slave device may be more easily identified and mitigated by security measures."
Which do you think presents a greater risk to ICS security: remote file copy or remote access tools?,opinion,"<b>Remote access tools present a greater risk to ICS security compared to remote file copy. This is primarily because remote access tools can provide an attacker with direct control over systems, allowing for more extensive manipulation and potential disruption of critical infrastructure. In contrast, remote file copy typically involves transferring files without granting direct control, which may limit the potential for immediate harm.</b>","Remote access tools present a greater risk to ICS security compared to remote file copy. This is primarily because remote access tools can provide an attacker with direct control over systems, allowing for more extensive manipulation and potential disruption of critical infrastructure. In contrast, remote file copy typically involves transferring files without granting direct control, which may limit the potential for immediate harm."
Which do you think has a more severe impact on ICS operations: blocking reporting messages or control messages?,opinion,"<b>Blocking control messages has a more severe impact on ICS operations. Control messages are essential for the real-time management and operation of industrial control systems, as they directly influence the functioning of equipment and processes. In contrast, while reporting messages are important for monitoring and diagnostics, their blockage may not immediately disrupt operations. Therefore, the interruption of control messages poses a greater risk to the stability and safety of ICS operations.</b>","Blocking control messages has a more severe impact on ICS operations. Control messages are essential for the real-time management and operation of industrial control systems, as they directly influence the functioning of equipment and processes. In contrast, while reporting messages are important for monitoring and diagnostics, their blockage may not immediately disrupt operations. Therefore, the interruption of control messages poses a greater risk to the stability and safety of ICS operations."
Which do you believe poses a greater long-term threat: intercepting network traffic or modifying network data?,opinion,"<b>Modifying network data poses a greater long-term threat. While intercepting network traffic can lead to the collection of sensitive information, altering the data can have more severe consequences, such as undermining trust in communications, causing misinformation, and potentially leading to significant disruptions in services or systems. The ability to manipulate data can result in more profound and lasting impacts on security and integrity.</b>","Modifying network data poses a greater long-term threat. While intercepting network traffic can lead to the collection of sensitive information, altering the data can have more severe consequences, such as undermining trust in communications, causing misinformation, and potentially leading to significant disruptions in services or systems. The ability to manipulate data can result in more profound and lasting impacts on security and integrity."
Do you think manipulating I/O devices is more harmful than modifying device configurations?,opinion,"<b>Manipulating I/O devices can pose significant risks, as it may lead to unintended consequences, such as data loss or system instability. On the other hand, modifying device configurations typically involves adjustments that are intended to optimize performance or functionality, which may carry less risk if done correctly. Therefore, the potential harm from manipulating I/O devices is generally considered to be greater than that from modifying device configurations.</b>","Manipulating I/O devices can pose significant risks, as it may lead to unintended consequences, such as data loss or system instability. On the other hand, modifying device configurations typically involves adjustments that are intended to optimize performance or functionality, which may carry less risk if done correctly. Therefore, the potential harm from manipulating I/O devices is generally considered to be greater than that from modifying device configurations."
Which do you believe poses a greater risk: disabling control logic or modifying it?,opinion,"<b>Disabling control logic poses a greater risk as it completely removes the safeguards and operational parameters that ensure safety and proper functioning. Modifying control logic, while potentially risky, may still retain some level of oversight and control, depending on the nature of the modifications.</b>","Disabling control logic poses a greater risk as it completely removes the safeguards and operational parameters that ensure safety and proper functioning. Modifying control logic, while potentially risky, may still retain some level of oversight and control, depending on the nature of the modifications."
Which do you think is more challenging to detect: modifying program state or program flow?,opinion,"<b>Modifying program flow is generally considered more challenging to detect than modifying program state. This is because changes to program flow can involve subtle alterations that may not leave obvious traces, making it harder to identify when and how the flow of execution has been altered. In contrast, modifications to program state often result in more noticeable changes in the data being processed, which can be easier to track and analyze.</b>","Modifying program flow is generally considered more challenging to detect than modifying program state. This is because changes to program flow can involve subtle alterations that may not leave obvious traces, making it harder to identify when and how the flow of execution has been altered. In contrast, modifications to program state often result in more noticeable changes in the data being processed, which can be easier to track and analyze."
Do you think deploying malware or capturing input data presents a greater risk to ICS security?,opinion,"<b>Deploying malware presents a greater risk to ICS security. Malware can disrupt operations, manipulate processes, and cause significant damage to infrastructure. In contrast, capturing input data, while still a concern, typically involves less immediate disruption and may not directly compromise system integrity. The potential for widespread impact and operational chaos makes malware deployment a more critical threat to ICS environments.</b>","Deploying malware presents a greater risk to ICS security. Malware can disrupt operations, manipulate processes, and cause significant damage to infrastructure. In contrast, capturing input data, while still a concern, typically involves less immediate disruption and may not directly compromise system integrity. The potential for widespread impact and operational chaos makes malware deployment a more critical threat to ICS environments."
Which do you think poses a greater risk to ICS: spoofing reporting messages or automated data collection?,opinion,"<b>Spoofing reporting messages poses a greater risk to ICS. This is because it can lead to the manipulation of critical information, potentially causing incorrect decisions to be made based on false data. Automated data collection, while it can also present risks, typically involves gathering information without altering it, making it less immediately harmful compared to the potential consequences of spoofing.</b>","Spoofing reporting messages poses a greater risk to ICS. This is because it can lead to the manipulation of critical information, potentially causing incorrect decisions to be made based on false data. Automated data collection, while it can also present risks, typically involves gathering information without altering it, making it less immediately harmful compared to the potential consequences of spoofing."
Which tactic do you believe is more effective in ICS environments: masquerading as a legitimate slave device or introducing a rogue slave device?,opinion,"<b>Introducing a rogue slave device is generally considered more effective in ICS environments. This tactic allows an attacker to gain control over the communication and potentially manipulate the system more directly. Masquerading as a legitimate slave device may be less effective, as it relies on deception without necessarily providing the same level of access or control that a rogue device would.</b>","Introducing a rogue slave device is generally considered more effective in ICS environments. This tactic allows an attacker to gain control over the communication and potentially manipulate the system more directly. Masquerading as a legitimate slave device may be less effective, as it relies on deception without necessarily providing the same level of access or control that a rogue device would."
Which do you think is more dangerous: capturing input data or capturing output data?,opinion,"<b>Capturing input data can be more dangerous as it often includes sensitive information such as personal identifiers, passwords, and other confidential details that can lead to identity theft or unauthorized access. On the other hand, capturing output data may provide insights into the results of processes but typically does not contain the same level of sensitive information. Therefore, the risks associated with capturing input data are generally higher.</b>","Capturing input data can be more dangerous as it often includes sensitive information such as personal identifiers, passwords, and other confidential details that can lead to identity theft or unauthorized access. On the other hand, capturing output data may provide insights into the results of processes but typically does not contain the same level of sensitive information. Therefore, the risks associated with capturing input data are generally higher."
Do you believe that using a command-line interface is more secure than a graphical user interface in ICS environments?,opinion,"<b>The security of a command-line interface compared to a graphical user interface in industrial control system (ICS) environments can depend on various factors, including the specific implementation, user training, and the overall security posture of the system. Command-line interfaces can offer more granular control and may reduce the attack surface by limiting unnecessary features that graphical user interfaces might expose. However, the effectiveness of either interface in enhancing security ultimately relies on how they are used and managed within the ICS environment.</b>","The security of a command-line interface compared to a graphical user interface in industrial control system (ICS) environments can depend on various factors, including the specific implementation, user training, and the overall security posture of the system. Command-line interfaces can offer more granular control and may reduce the attack surface by limiting unnecessary features that graphical user interfaces might expose. However, the effectiveness of either interface in enhancing security ultimately relies on how they are used and managed within the ICS environment."
Which do you think has a more lasting impact: modifying system firmware or network data?,opinion,"<b>Modifying system firmware typically has a more lasting impact compared to altering network data. Firmware changes can affect the core functionality and performance of hardware devices over the long term, while network data modifications are often temporary and can be reverted or changed frequently.</b>","Modifying system firmware typically has a more lasting impact compared to altering network data. Firmware changes can affect the core functionality and performance of hardware devices over the long term, while network data modifications are often temporary and can be reverted or changed frequently."
Which do you believe poses a greater risk to ICS operations: blocking data from field devices or modifying the data itself?,opinion,"<b>Modifying the data itself poses a greater risk to ICS operations. This is because altered data can lead to incorrect decision-making, potentially resulting in unsafe conditions or operational failures. Blocking data from field devices, while disruptive, may allow for the identification of issues and corrective actions to be taken, whereas modified data can create a false sense of security and lead to more severe consequences.</b>","Modifying the data itself poses a greater risk to ICS operations. This is because altered data can lead to incorrect decision-making, potentially resulting in unsafe conditions or operational failures. Blocking data from field devices, while disruptive, may allow for the identification of issues and corrective actions to be taken, whereas modified data can create a false sense of security and lead to more severe consequences."
Which do you think poses a greater challenge to mitigate: modifying device state or modifying controller tasking?,opinion,"<b>Modifying controller tasking poses a greater challenge to mitigate. This is because changes in controller tasking can have broader implications on system performance and coordination, requiring more comprehensive adjustments and considerations compared to modifying device state, which may be more localized and manageable.</b>","Modifying controller tasking poses a greater challenge to mitigate. This is because changes in controller tasking can have broader implications on system performance and coordination, requiring more comprehensive adjustments and considerations compared to modifying device state, which may be more localized and manageable."
What are the key differences between Industroyer and Havex in their targeting methods?,contrastive,"<b>Industroyer primarily targets industrial control systems, specifically focusing on the protocols used in power grid operations, such as IEC 61850, DNP3, and OPC. Its approach involves manipulating these protocols to disrupt electrical infrastructure.

In contrast, Havex is designed to target industrial environments as well, but it primarily focuses on gathering intelligence and reconnaissance. It uses techniques like scanning for vulnerable systems and exploiting them to gain access, often leveraging remote access tools to facilitate its operations.

Overall, the key difference lies in Industroyer's emphasis on direct disruption of industrial systems, while Havex focuses more on information gathering and exploitation of vulnerabilities within those systems.</b>","Industroyer primarily targets industrial control systems, specifically focusing on the protocols used in power grid operations, such as IEC 61850, DNP3, and OPC. Its approach involves manipulating these protocols to disrupt electrical infrastructure.

In contrast, Havex is designed to target industrial environments as well, but it primarily focuses on gathering intelligence and reconnaissance. It uses techniques like scanning for vulnerable systems and exploiting them to gain access, often leveraging remote access tools to facilitate its operations.

Overall, the key difference lies in Industroyer's emphasis on direct disruption of industrial systems, while Havex focuses more on information gathering and exploitation of vulnerabilities within those systems."
How does GreyEnergy's functionality differ from that of BlackEnergy in targeting ICS environments?,contrastive,"<b>GreyEnergy primarily focuses on reconnaissance and lateral movement within industrial control systems (ICS) environments, allowing attackers to gather intelligence and maintain persistence. In contrast, BlackEnergy is more aggressive, often used for direct attacks that can lead to disruption or destruction of ICS operations. While GreyEnergy emphasizes stealth and information gathering, BlackEnergy is geared towards executing damaging payloads and causing operational failures.</b>","GreyEnergy primarily focuses on reconnaissance and lateral movement within industrial control systems (ICS) environments, allowing attackers to gather intelligence and maintain persistence. In contrast, BlackEnergy is more aggressive, often used for direct attacks that can lead to disruption or destruction of ICS operations. While GreyEnergy emphasizes stealth and information gathering, BlackEnergy is geared towards executing damaging payloads and causing operational failures."
How do the attack objectives of CrashOverride differ from those of Triton?,contrastive,"<b>The attack objectives of CrashOverride focus on disrupting and damaging electrical grid operations, primarily targeting the infrastructure to cause widespread outages. In contrast, Triton aims to manipulate safety systems within industrial environments, specifically targeting safety instrumented systems to potentially cause physical harm or catastrophic failures. While both are aimed at critical infrastructure, CrashOverride emphasizes disruption and damage, whereas Triton is more concerned with safety system manipulation and control.</b>","The attack objectives of CrashOverride focus on disrupting and damaging electrical grid operations, primarily targeting the infrastructure to cause widespread outages. In contrast, Triton aims to manipulate safety systems within industrial environments, specifically targeting safety instrumented systems to potentially cause physical harm or catastrophic failures. While both are aimed at critical infrastructure, CrashOverride emphasizes disruption and damage, whereas Triton is more concerned with safety system manipulation and control."
In what ways do the operational goals of Stuxnet differ from those of Duqu?,contrastive,"<b>The operational goals of Stuxnet primarily focused on causing physical damage to Iran's nuclear facilities by targeting specific industrial control systems, particularly those used in centrifuges. Its aim was to disrupt Iran's nuclear program by sabotaging the equipment.

In contrast, Duqu was designed for intelligence gathering rather than direct sabotage. Its operational goals included collecting sensitive information and facilitating future attacks, rather than causing immediate physical harm. Duqu served as a precursor to potential future cyber operations, emphasizing espionage over destruction.</b>","The operational goals of Stuxnet primarily focused on causing physical damage to Iran's nuclear facilities by targeting specific industrial control systems, particularly those used in centrifuges. Its aim was to disrupt Iran's nuclear program by sabotaging the equipment.

In contrast, Duqu was designed for intelligence gathering rather than direct sabotage. Its operational goals included collecting sensitive information and facilitating future attacks, rather than causing immediate physical harm. Duqu served as a precursor to potential future cyber operations, emphasizing espionage over destruction."
What distinguishes the attack vectors used by Havex from those used by Snake in ICS attacks? ,factual,"<b>Havex and Snake utilize different attack vectors in ICS (Industrial Control Systems) attacks. Havex primarily employs malware that targets specific ICS software and hardware, often leveraging remote access tools to infiltrate systems. It is known for its use of command and control (C2) infrastructure to gather intelligence and execute commands on compromised systems.

In contrast, Snake focuses on more sophisticated techniques, including the use of advanced persistent threats (APTs) that involve stealthy infiltration and lateral movement within networks. Snake often exploits vulnerabilities in the network infrastructure and employs social engineering tactics to gain access, making it more focused on long-term persistence and data exfiltration.

Overall, the key distinction lies in Havex's direct targeting of ICS components and remote access capabilities, while Snake emphasizes stealth, persistence, and exploitation of network vulnerabilities.</b>","Havex and Snake utilize different attack vectors in ICS (Industrial Control Systems) attacks. Havex primarily employs malware that targets specific ICS software and hardware, often leveraging remote access tools to infiltrate systems. It is known for its use of command and control (C2) infrastructure to gather intelligence and execute commands on compromised systems.

In contrast, Snake focuses on more sophisticated techniques, including the use of advanced persistent threats (APTs) that involve stealthy infiltration and lateral movement within networks. Snake often exploits vulnerabilities in the network infrastructure and employs social engineering tactics to gain access, making it more focused on long-term persistence and data exfiltration.

Overall, the key distinction lies in Havex's direct targeting of ICS components and remote access capabilities, while Snake emphasizes stealth, persistence, and exploitation of network vulnerabilities."
How did the methods of initial compromise differ between Dragonfly and Dragonfly 2.0? ,contrastive,"<b>The methods of initial compromise for Dragonfly involved exploiting vulnerabilities in the target's network infrastructure, while Dragonfly 2.0 utilized more sophisticated techniques, including supply chain attacks and targeting third-party vendors to gain access to the primary target. This shift indicates an evolution in tactics, focusing on more indirect and potentially less detectable methods in the later version.</b>","The methods of initial compromise for Dragonfly involved exploiting vulnerabilities in the target's network infrastructure, while Dragonfly 2.0 utilized more sophisticated techniques, including supply chain attacks and targeting third-party vendors to gain access to the primary target. This shift indicates an evolution in tactics, focusing on more indirect and potentially less detectable methods in the later version."
What are the differences in the geopolitical motivations of APT28 and APT33 when attacking ICS? ,contrastive,"<b>APT28 and APT33 have distinct geopolitical motivations when targeting Industrial Control Systems (ICS). APT28, often associated with Russian state interests, typically focuses on gathering intelligence and disrupting adversaries, reflecting a strategy aimed at enhancing national security and geopolitical influence. In contrast, APT33, linked to Iranian interests, is more inclined towards cyber espionage and sabotage, often motivated by regional power dynamics and the desire to undermine adversaries in the Middle East. These differing motivations shape their tactics and targets within the ICS landscape.</b>","APT28 and APT33 have distinct geopolitical motivations when targeting Industrial Control Systems (ICS). APT28, often associated with Russian state interests, typically focuses on gathering intelligence and disrupting adversaries, reflecting a strategy aimed at enhancing national security and geopolitical influence. In contrast, APT33, linked to Iranian interests, is more inclined towards cyber espionage and sabotage, often motivated by regional power dynamics and the desire to undermine adversaries in the Middle East. These differing motivations shape their tactics and targets within the ICS landscape."
How do the objectives of Sandworm Team differ from those of Lazarus Group in their ICS operations?,contrastive,"<b>The objectives of Sandworm Team in their ICS operations focus on causing disruption and damage to critical infrastructure, often with a clear intent to create chaos or political impact. In contrast, Lazarus Group tends to prioritize financial gain and espionage, using ICS operations as a means to achieve broader strategic goals, including theft and intelligence gathering. This fundamental difference in intent shapes their respective approaches and tactics within the realm of industrial control systems.</b>","The objectives of Sandworm Team in their ICS operations focus on causing disruption and damage to critical infrastructure, often with a clear intent to create chaos or political impact. In contrast, Lazarus Group tends to prioritize financial gain and espionage, using ICS operations as a means to achieve broader strategic goals, including theft and intelligence gathering. This fundamental difference in intent shapes their respective approaches and tactics within the realm of industrial control systems."
How do the impacts of NotPetya on ICS environments differ from those of WannaCry? ,contrastive,"<b>The impacts of NotPetya on ICS (Industrial Control Systems) environments are more severe compared to those of WannaCry. NotPetya was designed to cause destruction and disruption, specifically targeting critical infrastructure and ICS, leading to significant operational downtime and damage to systems. It exploited vulnerabilities in Windows systems, which are commonly used in ICS, resulting in widespread outages and the potential for physical damage to equipment.

In contrast, WannaCry primarily aimed to extort money through ransomware, encrypting files and demanding payment for decryption. While it did affect some ICS environments, its primary focus was on financial gain rather than causing destruction. The impact of WannaCry was more about data loss and operational disruption rather than the targeted destruction seen with NotPetya.

Overall, NotPetya's intent and execution led to more catastrophic consequences for ICS environments compared to the financially motivated approach of WannaCry.</b>","The impacts of NotPetya on ICS (Industrial Control Systems) environments are more severe compared to those of WannaCry. NotPetya was designed to cause destruction and disruption, specifically targeting critical infrastructure and ICS, leading to significant operational downtime and damage to systems. It exploited vulnerabilities in Windows systems, which are commonly used in ICS, resulting in widespread outages and the potential for physical damage to equipment.

In contrast, WannaCry primarily aimed to extort money through ransomware, encrypting files and demanding payment for decryption. While it did affect some ICS environments, its primary focus was on financial gain rather than causing destruction. The impact of WannaCry was more about data loss and operational disruption rather than the targeted destruction seen with NotPetya.

Overall, NotPetya's intent and execution led to more catastrophic consequences for ICS environments compared to the financially motivated approach of WannaCry."
What are the key operational differences between APT34 and APT10 in their attacks on ICS?,contrastive,"<b>APT34 and APT10 exhibit distinct operational approaches in their attacks on Industrial Control Systems (ICS). APT34 tends to focus on reconnaissance and initial access, often leveraging phishing campaigns to gain entry into networks. Their tactics may involve exploiting vulnerabilities in web applications and using custom malware tailored for specific environments.

In contrast, APT10 is known for its more aggressive and sustained operations, often employing a combination of advanced persistent threats and sophisticated techniques to maintain access over longer periods. They frequently utilize supply chain attacks and have been observed targeting a broader range of sectors, including critical infrastructure.

While both groups aim to compromise ICS, APT34's methods are generally more stealthy and focused on data exfiltration, whereas APT10's operations are characterized by a higher level of resource commitment and a focus on long-term strategic objectives.</b>","APT34 and APT10 exhibit distinct operational approaches in their attacks on Industrial Control Systems (ICS). APT34 tends to focus on reconnaissance and initial access, often leveraging phishing campaigns to gain entry into networks. Their tactics may involve exploiting vulnerabilities in web applications and using custom malware tailored for specific environments.

In contrast, APT10 is known for its more aggressive and sustained operations, often employing a combination of advanced persistent threats and sophisticated techniques to maintain access over longer periods. They frequently utilize supply chain attacks and have been observed targeting a broader range of sectors, including critical infrastructure.

While both groups aim to compromise ICS, APT34's methods are generally more stealthy and focused on data exfiltration, whereas APT10's operations are characterized by a higher level of resource commitment and a focus on long-term strategic objectives."
How does the information gathering technique of Duqu differ from that of Flame?,contrastive,"<b>Duqu primarily focuses on gathering information related to industrial control systems and specific organizations, often using targeted attacks to infiltrate networks. It employs a modular architecture that allows for flexibility in its operations and can adapt to different environments.

In contrast, Flame is designed for broader surveillance and data collection, utilizing a more extensive range of capabilities, including network traffic interception and audio recording. Flame's architecture is also more complex, enabling it to perform a wider array of tasks, such as capturing screenshots and logging keystrokes.

Overall, while both are sophisticated malware, Duqu is more specialized in its targeting, whereas Flame has a broader scope of surveillance capabilities.</b>","Duqu primarily focuses on gathering information related to industrial control systems and specific organizations, often using targeted attacks to infiltrate networks. It employs a modular architecture that allows for flexibility in its operations and can adapt to different environments.

In contrast, Flame is designed for broader surveillance and data collection, utilizing a more extensive range of capabilities, including network traffic interception and audio recording. Flame's architecture is also more complex, enabling it to perform a wider array of tasks, such as capturing screenshots and logging keystrokes.

Overall, while both are sophisticated malware, Duqu is more specialized in its targeting, whereas Flame has a broader scope of surveillance capabilities."
How do the targeting strategies of Incontroller differ from those of Industroyer?,contrastive,"<b>The targeting strategies of Incontroller and Industroyer differ primarily in their focus and execution. Incontroller is known for its emphasis on targeting specific industrial control systems, often exploiting vulnerabilities in software and protocols used in these environments. This approach allows for a more precise disruption of operations within targeted facilities.

In contrast, Industroyer employs a broader strategy that involves targeting the electrical grid and critical infrastructure. It utilizes a more complex methodology, leveraging multiple attack vectors to cause widespread outages and disruptions. This strategy is designed to impact a larger area and affect more systems simultaneously, highlighting a more aggressive and expansive approach compared to Incontroller's targeted tactics.</b>","The targeting strategies of Incontroller and Industroyer differ primarily in their focus and execution. Incontroller is known for its emphasis on targeting specific industrial control systems, often exploiting vulnerabilities in software and protocols used in these environments. This approach allows for a more precise disruption of operations within targeted facilities.

In contrast, Industroyer employs a broader strategy that involves targeting the electrical grid and critical infrastructure. It utilizes a more complex methodology, leveraging multiple attack vectors to cause widespread outages and disruptions. This strategy is designed to impact a larger area and affect more systems simultaneously, highlighting a more aggressive and expansive approach compared to Incontroller's targeted tactics."
What differentiates the intended outcomes of Stuxnet from those of Flame?,contrastive,"<b>The intended outcomes of Stuxnet and Flame differ primarily in their objectives and methods of operation. Stuxnet was designed specifically to disrupt Iran's nuclear program by targeting industrial control systems, particularly those used in uranium enrichment. Its goal was to cause physical damage to the centrifuges while remaining stealthy and difficult to detect.

In contrast, Flame was more focused on intelligence gathering and espionage. It aimed to collect sensitive information from targeted systems, including data from personal computers and networks, rather than causing direct physical damage. Flame employed a range of sophisticated techniques to infiltrate systems and exfiltrate data, making it a tool for surveillance rather than sabotage. 

Overall, Stuxnet's outcome was aimed at physical disruption of critical infrastructure, while Flame's was centered on information theft and surveillance.</b>","The intended outcomes of Stuxnet and Flame differ primarily in their objectives and methods of operation. Stuxnet was designed specifically to disrupt Iran's nuclear program by targeting industrial control systems, particularly those used in uranium enrichment. Its goal was to cause physical damage to the centrifuges while remaining stealthy and difficult to detect.

In contrast, Flame was more focused on intelligence gathering and espionage. It aimed to collect sensitive information from targeted systems, including data from personal computers and networks, rather than causing direct physical damage. Flame employed a range of sophisticated techniques to infiltrate systems and exfiltrate data, making it a tool for surveillance rather than sabotage. 

Overall, Stuxnet's outcome was aimed at physical disruption of critical infrastructure, while Flame's was centered on information theft and surveillance."
How do the tools and techniques of APT32 differ from those of APT29 in ICS attacks?,contrastive,"<b>APT32 and APT29 employ different tools and techniques in their ICS attacks. APT32 is known for using custom malware and exploits that target specific vulnerabilities in industrial control systems, often focusing on reconnaissance and data exfiltration. Their approach may involve social engineering tactics to gain initial access.

In contrast, APT29 typically utilizes more sophisticated and stealthy methods, including advanced persistent threats that leverage existing vulnerabilities in ICS environments. They often employ a combination of legitimate tools and custom malware to maintain persistence and evade detection, focusing on long-term access and intelligence gathering.

Overall, while both groups target ICS, their methodologies and tools reflect their distinct operational goals and capabilities.</b>","APT32 and APT29 employ different tools and techniques in their ICS attacks. APT32 is known for using custom malware and exploits that target specific vulnerabilities in industrial control systems, often focusing on reconnaissance and data exfiltration. Their approach may involve social engineering tactics to gain initial access.

In contrast, APT29 typically utilizes more sophisticated and stealthy methods, including advanced persistent threats that leverage existing vulnerabilities in ICS environments. They often employ a combination of legitimate tools and custom malware to maintain persistence and evade detection, focusing on long-term access and intelligence gathering.

Overall, while both groups target ICS, their methodologies and tools reflect their distinct operational goals and capabilities."
How do the safety system manipulation techniques of Triton differ from those of CrashOverride?,contrastive,"<b>Triton and CrashOverride employ different techniques for manipulating safety systems. Triton specifically targets industrial control systems, focusing on safety instrumented systems to manipulate their operations, often with the intent to cause physical damage or disruption. In contrast, CrashOverride is designed to disrupt electrical grid operations, utilizing a broader approach that includes manipulating the control systems of power distribution networks. While both aim to compromise safety and operational integrity, Triton is more specialized in industrial environments, whereas CrashOverride has a wider application in critical infrastructure like power grids.</b>","Triton and CrashOverride employ different techniques for manipulating safety systems. Triton specifically targets industrial control systems, focusing on safety instrumented systems to manipulate their operations, often with the intent to cause physical damage or disruption. In contrast, CrashOverride is designed to disrupt electrical grid operations, utilizing a broader approach that includes manipulating the control systems of power distribution networks. While both aim to compromise safety and operational integrity, Triton is more specialized in industrial environments, whereas CrashOverride has a wider application in critical infrastructure like power grids."
How does the persistence mechanism of Snake differ from that of BlackEnergy in ICS environments?,contrastive,"<b>The persistence mechanism of Snake typically involves the use of advanced techniques such as leveraging legitimate system tools and creating hidden services to maintain access, often focusing on stealth and evasion. In contrast, BlackEnergy employs more straightforward methods, such as modifying system files or using scheduled tasks to ensure its presence in the system. This difference highlights Snake's emphasis on subtlety and long-term access, while BlackEnergy tends to rely on more direct and observable methods for persistence in ICS environments.</b>","The persistence mechanism of Snake typically involves the use of advanced techniques such as leveraging legitimate system tools and creating hidden services to maintain access, often focusing on stealth and evasion. In contrast, BlackEnergy employs more straightforward methods, such as modifying system files or using scheduled tasks to ensure its presence in the system. This difference highlights Snake's emphasis on subtlety and long-term access, while BlackEnergy tends to rely on more direct and observable methods for persistence in ICS environments."
What are the differences in target selection between APT41 and APT33 in ICS attacks?,contrastive,"<b>APT41 and APT33 exhibit distinct target selection strategies in their ICS attacks. APT41 tends to focus on a broader range of industries, including healthcare, telecommunications, and technology, often aiming for financial gain through espionage and theft. In contrast, APT33 primarily targets sectors related to energy and critical infrastructure, with a strong emphasis on geopolitical motives and disruption. This difference in focus reflects their respective objectives, with APT41 leaning towards financial exploitation and APT33 prioritizing strategic geopolitical interests.</b>","APT41 and APT33 exhibit distinct target selection strategies in their ICS attacks. APT41 tends to focus on a broader range of industries, including healthcare, telecommunications, and technology, often aiming for financial gain through espionage and theft. In contrast, APT33 primarily targets sectors related to energy and critical infrastructure, with a strong emphasis on geopolitical motives and disruption. This difference in focus reflects their respective objectives, with APT41 leaning towards financial exploitation and APT33 prioritizing strategic geopolitical interests."
How does the delivery method of Havex differ from that of Duqu?,contrastive,"<b>Havex and Duqu utilize different delivery methods. Havex typically employs a method that involves exploiting vulnerabilities in industrial control systems and using legitimate software to deliver its payload. In contrast, Duqu is known for its use of social engineering techniques, often involving spear-phishing emails to trick users into executing malicious attachments or links. This distinction highlights the varied approaches each malware takes to infiltrate systems.</b>","Havex and Duqu utilize different delivery methods. Havex typically employs a method that involves exploiting vulnerabilities in industrial control systems and using legitimate software to deliver its payload. In contrast, Duqu is known for its use of social engineering techniques, often involving spear-phishing emails to trick users into executing malicious attachments or links. This distinction highlights the varied approaches each malware takes to infiltrate systems."
How do the attack methods of APT28 differ from those of Dragonfly in ICS?,contrastive,"<b>APT28 primarily focuses on espionage and information theft, often utilizing spear-phishing emails and malware to gain initial access to networks. Their methods typically involve sophisticated social engineering tactics and the exploitation of vulnerabilities in software to infiltrate systems.

In contrast, Dragonfly targets industrial control systems (ICS) with a focus on disrupting operations rather than stealing information. Their attack methods include leveraging supply chain vulnerabilities and exploiting specific ICS protocols to gain control over critical infrastructure. This approach is more about operational disruption and less about stealthy data exfiltration.

Overall, while APT28 emphasizes stealth and information gathering, Dragonfly is more oriented towards operational impact within industrial environments.</b>","APT28 primarily focuses on espionage and information theft, often utilizing spear-phishing emails and malware to gain initial access to networks. Their methods typically involve sophisticated social engineering tactics and the exploitation of vulnerabilities in software to infiltrate systems.

In contrast, Dragonfly targets industrial control systems (ICS) with a focus on disrupting operations rather than stealing information. Their attack methods include leveraging supply chain vulnerabilities and exploiting specific ICS protocols to gain control over critical infrastructure. This approach is more about operational disruption and less about stealthy data exfiltration.

Overall, while APT28 emphasizes stealth and information gathering, Dragonfly is more oriented towards operational impact within industrial environments."
How do the methods of system disruption in Triton differ from those in Incontroller?,contrastive,"<b>The methods of system disruption in Triton primarily focus on manipulating the control systems of industrial equipment, often targeting safety systems to cause unsafe conditions. In contrast, Incontroller employs a more sophisticated approach by exploiting vulnerabilities in the control system software, allowing for a broader range of disruptions and potentially more complex attacks. While Triton aims to directly impact safety mechanisms, Incontroller's methods can involve a deeper integration into the system's operational processes, leading to varied outcomes in terms of disruption and control.</b>","The methods of system disruption in Triton primarily focus on manipulating the control systems of industrial equipment, often targeting safety systems to cause unsafe conditions. In contrast, Incontroller employs a more sophisticated approach by exploiting vulnerabilities in the control system software, allowing for a broader range of disruptions and potentially more complex attacks. While Triton aims to directly impact safety mechanisms, Incontroller's methods can involve a deeper integration into the system's operational processes, leading to varied outcomes in terms of disruption and control."
What distinguishes the espionage techniques of APT29 from those of Lazarus Group in ICS?,factual,"<b>APT29 and Lazarus Group employ distinct espionage techniques in the context of Industrial Control Systems (ICS). APT29 is known for its stealthy and sophisticated approaches, often utilizing advanced persistent threats that focus on long-term infiltration and data exfiltration. Their methods typically involve social engineering, spear-phishing, and leveraging zero-day vulnerabilities to gain access to targeted systems.

In contrast, Lazarus Group tends to adopt more aggressive tactics, often characterized by disruptive attacks and the use of malware designed to cause significant damage. Their operations may include ransomware attacks and wiper malware, which aim not only to steal information but also to disrupt operations and create chaos within the targeted ICS environments.

Overall, the key distinction lies in APT29's emphasis on stealth and persistence versus Lazarus Group's focus on disruption and immediate impact.</b>","APT29 and Lazarus Group employ distinct espionage techniques in the context of Industrial Control Systems (ICS). APT29 is known for its stealthy and sophisticated approaches, often utilizing advanced persistent threats that focus on long-term infiltration and data exfiltration. Their methods typically involve social engineering, spear-phishing, and leveraging zero-day vulnerabilities to gain access to targeted systems.

In contrast, Lazarus Group tends to adopt more aggressive tactics, often characterized by disruptive attacks and the use of malware designed to cause significant damage. Their operations may include ransomware attacks and wiper malware, which aim not only to steal information but also to disrupt operations and create chaos within the targeted ICS environments.

Overall, the key distinction lies in APT29's emphasis on stealth and persistence versus Lazarus Group's focus on disruption and immediate impact."
How do the disruption methods of Industroyer differ from those of BlackEnergy?,contrastive,"<b>Industroyer and BlackEnergy employ different disruption methods tailored to their specific targets and objectives. Industroyer is designed to disrupt industrial control systems, particularly in critical infrastructure, by manipulating protocols used in power grid operations. It can directly interact with the systems that control electrical substations, allowing for significant physical disruptions.

In contrast, BlackEnergy primarily focuses on data theft and espionage, targeting a broader range of systems, including corporate networks and critical infrastructure. Its methods often involve malware that can steal information or create backdoors for further exploitation, rather than directly manipulating industrial processes.

Overall, while Industroyer aims for immediate physical disruption of industrial operations, BlackEnergy is more oriented towards stealthy infiltration and data compromise.</b>","Industroyer and BlackEnergy employ different disruption methods tailored to their specific targets and objectives. Industroyer is designed to disrupt industrial control systems, particularly in critical infrastructure, by manipulating protocols used in power grid operations. It can directly interact with the systems that control electrical substations, allowing for significant physical disruptions.

In contrast, BlackEnergy primarily focuses on data theft and espionage, targeting a broader range of systems, including corporate networks and critical infrastructure. Its methods often involve malware that can steal information or create backdoors for further exploitation, rather than directly manipulating industrial processes.

Overall, while Industroyer aims for immediate physical disruption of industrial operations, BlackEnergy is more oriented towards stealthy infiltration and data compromise."
How do the tactics of APT10 differ from those of APT33 in their ICS operations?,contrastive,"<b>The tactics of APT10 and APT33 in their ICS operations differ primarily in their focus and methods. APT10 tends to emphasize data exfiltration and espionage, targeting sensitive information from various sectors, including technology and telecommunications. Their operations often involve sophisticated phishing techniques and the use of custom malware to gain access to networks.

In contrast, APT33 is more focused on disruptive activities and may employ tactics aimed at causing operational disruptions within industrial control systems. Their methods often include leveraging known vulnerabilities in ICS software and hardware to execute attacks that can lead to system outages or damage.

Overall, while both groups operate within the ICS domain, APT10 is more aligned with intelligence gathering, whereas APT33 leans towards disruption and sabotage.</b>","The tactics of APT10 and APT33 in their ICS operations differ primarily in their focus and methods. APT10 tends to emphasize data exfiltration and espionage, targeting sensitive information from various sectors, including technology and telecommunications. Their operations often involve sophisticated phishing techniques and the use of custom malware to gain access to networks.

In contrast, APT33 is more focused on disruptive activities and may employ tactics aimed at causing operational disruptions within industrial control systems. Their methods often include leveraging known vulnerabilities in ICS software and hardware to execute attacks that can lead to system outages or damage.

Overall, while both groups operate within the ICS domain, APT10 is more aligned with intelligence gathering, whereas APT33 leans towards disruption and sabotage."
How do the sabotage strategies of Stuxnet differ from those of Incontroller?,contrastive,"<b>The sabotage strategies of Stuxnet and Incontroller differ primarily in their targets and methods of operation. Stuxnet was designed specifically to disrupt Iran's nuclear enrichment facilities by manipulating industrial control systems, particularly targeting Siemens PLCs. It employed sophisticated techniques to remain undetected while causing physical damage to the centrifuges.

In contrast, Incontroller focuses on a broader range of industrial control systems and aims to exploit vulnerabilities in various types of equipment. Its strategies are more generalized, allowing it to affect multiple systems and industries rather than being tailored to a specific target like Stuxnet. Additionally, Incontroller's approach may involve more direct manipulation of control commands, potentially leading to a wider array of disruptive outcomes across different infrastructures.</b>","The sabotage strategies of Stuxnet and Incontroller differ primarily in their targets and methods of operation. Stuxnet was designed specifically to disrupt Iran's nuclear enrichment facilities by manipulating industrial control systems, particularly targeting Siemens PLCs. It employed sophisticated techniques to remain undetected while causing physical damage to the centrifuges.

In contrast, Incontroller focuses on a broader range of industrial control systems and aims to exploit vulnerabilities in various types of equipment. Its strategies are more generalized, allowing it to affect multiple systems and industries rather than being tailored to a specific target like Stuxnet. Additionally, Incontroller's approach may involve more direct manipulation of control commands, potentially leading to a wider array of disruptive outcomes across different infrastructures."
What differentiates the attack vectors used by Triton from those used by APT34 in ICS environments?,contrastive,"<b>Triton primarily focuses on targeting safety systems within industrial control systems (ICS), specifically aiming to manipulate or disable safety protocols to cause physical harm or disruption. Its attack vectors often involve sophisticated techniques to gain access to safety instrumented systems (SIS) and exploit vulnerabilities in the software that controls these systems.

In contrast, APT34 typically employs a broader range of tactics, techniques, and procedures (TTPs) that may include phishing, credential theft, and lateral movement within networks to achieve its objectives. APT34's focus is often on espionage and data exfiltration rather than directly compromising safety systems.

The key differentiation lies in Triton's targeted approach to safety systems with the intent to disrupt operations, while APT34's methods are more generalized and aimed at information gathering and maintaining persistence within the network.</b>","Triton primarily focuses on targeting safety systems within industrial control systems (ICS), specifically aiming to manipulate or disable safety protocols to cause physical harm or disruption. Its attack vectors often involve sophisticated techniques to gain access to safety instrumented systems (SIS) and exploit vulnerabilities in the software that controls these systems.

In contrast, APT34 typically employs a broader range of tactics, techniques, and procedures (TTPs) that may include phishing, credential theft, and lateral movement within networks to achieve its objectives. APT34's focus is often on espionage and data exfiltration rather than directly compromising safety systems.

The key differentiation lies in Triton's targeted approach to safety systems with the intent to disrupt operations, while APT34's methods are more generalized and aimed at information gathering and maintaining persistence within the network."
How do the operational objectives of GreyEnergy differ from those of CrashOverride?,contrastive,"<b>The operational objectives of GreyEnergy focus on long-term strategic goals, emphasizing the enhancement of infrastructure resilience and the development of advanced capabilities for cyber operations. In contrast, CrashOverride's objectives are more tactical, aimed at immediate disruption and sabotage of critical systems, particularly in the energy sector. This distinction highlights GreyEnergy's approach to building sustainable cyber capabilities versus CrashOverride's focus on short-term impact and chaos.</b>","The operational objectives of GreyEnergy focus on long-term strategic goals, emphasizing the enhancement of infrastructure resilience and the development of advanced capabilities for cyber operations. In contrast, CrashOverride's objectives are more tactical, aimed at immediate disruption and sabotage of critical systems, particularly in the energy sector. This distinction highlights GreyEnergy's approach to building sustainable cyber capabilities versus CrashOverride's focus on short-term impact and chaos."
How does the impact of BlackEnergy differ from that of NotPetya on ICS?,contrastive,"<b>BlackEnergy primarily targeted industrial control systems (ICS) through spear-phishing campaigns and malware that allowed attackers to gain access to networks and disrupt operations. Its impact was often focused on espionage and data theft, leading to operational disruptions but not necessarily widespread damage.

In contrast, NotPetya was designed to cause maximum disruption and damage, spreading rapidly across networks and encrypting data. Its impact on ICS was more severe, leading to significant operational outages and financial losses for affected organizations. NotPetya's destructive nature and ability to propagate without user interaction made it particularly harmful to ICS environments, resulting in a more extensive and immediate impact compared to BlackEnergy.</b>","BlackEnergy primarily targeted industrial control systems (ICS) through spear-phishing campaigns and malware that allowed attackers to gain access to networks and disrupt operations. Its impact was often focused on espionage and data theft, leading to operational disruptions but not necessarily widespread damage.

In contrast, NotPetya was designed to cause maximum disruption and damage, spreading rapidly across networks and encrypting data. Its impact on ICS was more severe, leading to significant operational outages and financial losses for affected organizations. NotPetya's destructive nature and ability to propagate without user interaction made it particularly harmful to ICS environments, resulting in a more extensive and immediate impact compared to BlackEnergy."
What are the differences in the target sectors of APT32 and Sandworm Team in ICS operations?,contrastive,"<b>APT32 primarily targets sectors such as manufacturing, technology, and telecommunications, focusing on organizations in Southeast Asia. In contrast, Sandworm Team is known for its focus on critical infrastructure sectors, particularly energy and utilities, with a broader geographical scope that includes targets in Europe and North America. This distinction highlights APT32's regional and sector-specific approach compared to Sandworm Team's emphasis on critical infrastructure vulnerabilities.</b>","APT32 primarily targets sectors such as manufacturing, technology, and telecommunications, focusing on organizations in Southeast Asia. In contrast, Sandworm Team is known for its focus on critical infrastructure sectors, particularly energy and utilities, with a broader geographical scope that includes targets in Europe and North America. This distinction highlights APT32's regional and sector-specific approach compared to Sandworm Team's emphasis on critical infrastructure vulnerabilities."
How does the stealth approach of Snake differ from that of Triton in ICS environments?,contrastive,"<b>The stealth approach of Snake in ICS environments focuses on evading detection by blending in with normal network traffic and using sophisticated techniques to manipulate system processes without raising alarms. In contrast, Triton employs a more aggressive strategy, aiming to disrupt operations and cause damage, which can lead to more noticeable activity that may trigger security responses. While both approaches aim to achieve their objectives without being detected, Snake prioritizes subtlety and persistence, whereas Triton is more about immediate impact and disruption.</b>","The stealth approach of Snake in ICS environments focuses on evading detection by blending in with normal network traffic and using sophisticated techniques to manipulate system processes without raising alarms. In contrast, Triton employs a more aggressive strategy, aiming to disrupt operations and cause damage, which can lead to more noticeable activity that may trigger security responses. While both approaches aim to achieve their objectives without being detected, Snake prioritizes subtlety and persistence, whereas Triton is more about immediate impact and disruption."
How do the attack tools of Industroyer differ from those of Sandworm Team in ICS?,contrastive,"<b>Industroyer and Sandworm Team utilize different attack tools and methodologies when targeting Industrial Control Systems (ICS). Industroyer is known for its ability to manipulate and disrupt industrial processes by directly interfacing with the control systems, often employing specific protocols used in ICS environments. This allows it to execute commands that can lead to significant operational disruptions.

In contrast, Sandworm Team typically focuses on broader cyber-espionage and sabotage tactics, often leveraging malware that can affect a wider range of systems, including ICS. Their tools may include more generalized exploits and techniques that can be adapted for various environments, not solely limited to industrial systems.

Overall, while both groups target ICS, Industroyer is more specialized in directly affecting industrial operations, whereas Sandworm Team employs a more versatile approach that can impact multiple types of systems.</b>","Industroyer and Sandworm Team utilize different attack tools and methodologies when targeting Industrial Control Systems (ICS). Industroyer is known for its ability to manipulate and disrupt industrial processes by directly interfacing with the control systems, often employing specific protocols used in ICS environments. This allows it to execute commands that can lead to significant operational disruptions.

In contrast, Sandworm Team typically focuses on broader cyber-espionage and sabotage tactics, often leveraging malware that can affect a wider range of systems, including ICS. Their tools may include more generalized exploits and techniques that can be adapted for various environments, not solely limited to industrial systems.

Overall, while both groups target ICS, Industroyer is more specialized in directly affecting industrial operations, whereas Sandworm Team employs a more versatile approach that can impact multiple types of systems."
How do the financial motives of Lazarus Group differ from those of APT41 in their ICS campaigns?,contrastive,"<b>The financial motives of Lazarus Group in their ICS campaigns are primarily driven by state-sponsored objectives, often linked to geopolitical goals and the pursuit of national interests. In contrast, APT41 tends to focus more on direct financial gain through cybercrime, including theft and extortion, alongside their espionage activities. This distinction highlights Lazarus Group's alignment with broader strategic aims, while APT41's motives are more centered on immediate financial rewards.</b>","The financial motives of Lazarus Group in their ICS campaigns are primarily driven by state-sponsored objectives, often linked to geopolitical goals and the pursuit of national interests. In contrast, APT41 tends to focus more on direct financial gain through cybercrime, including theft and extortion, alongside their espionage activities. This distinction highlights Lazarus Group's alignment with broader strategic aims, while APT41's motives are more centered on immediate financial rewards."
How do the reconnaissance techniques of Havex differ from those of Flame in ICS attacks?,contrastive,"<b>Havex and Flame employ different reconnaissance techniques in ICS attacks. Havex focuses on gathering information through the exploitation of vulnerabilities in industrial control systems and their associated software. It often uses methods such as scanning for open ports and services, as well as leveraging known vulnerabilities to gain access to the network.

In contrast, Flame utilizes a more sophisticated approach by employing a variety of modules to collect data. It can capture network traffic, log keystrokes, and take screenshots, allowing for a more comprehensive understanding of the target environment. Flame's reconnaissance is characterized by its ability to blend in with normal network activity, making it harder to detect.

Overall, while both malware types aim to gather intelligence on ICS environments, Havex tends to focus on exploiting specific vulnerabilities, whereas Flame uses a broader range of stealthy data collection techniques.</b>","Havex and Flame employ different reconnaissance techniques in ICS attacks. Havex focuses on gathering information through the exploitation of vulnerabilities in industrial control systems and their associated software. It often uses methods such as scanning for open ports and services, as well as leveraging known vulnerabilities to gain access to the network.

In contrast, Flame utilizes a more sophisticated approach by employing a variety of modules to collect data. It can capture network traffic, log keystrokes, and take screenshots, allowing for a more comprehensive understanding of the target environment. Flame's reconnaissance is characterized by its ability to blend in with normal network activity, making it harder to detect.

Overall, while both malware types aim to gather intelligence on ICS environments, Havex tends to focus on exploiting specific vulnerabilities, whereas Flame uses a broader range of stealthy data collection techniques."
What differentiates the operational scope of APT28 from that of APT34 in ICS attacks?,contrastive,"<b>APT28 primarily focuses on targeting government and military organizations, often employing sophisticated techniques to gather intelligence and disrupt operations. In contrast, APT34 is more oriented towards economic espionage, specifically targeting the energy sector and related industries. This distinction in focus leads to different operational strategies and methodologies in their respective ICS attacks.</b>","APT28 primarily focuses on targeting government and military organizations, often employing sophisticated techniques to gather intelligence and disrupt operations. In contrast, APT34 is more oriented towards economic espionage, specifically targeting the energy sector and related industries. This distinction in focus leads to different operational strategies and methodologies in their respective ICS attacks."
How does the persistence strategy of Snake differ from that of Industroyer in ICS attacks?,contrastive,"<b>The persistence strategy of Snake involves establishing long-term access to compromised systems, often through the use of advanced techniques that allow it to remain undetected for extended periods. This may include the use of rootkits or other stealthy methods to maintain control over the environment.

In contrast, Industroyer focuses on achieving immediate impact rather than long-term persistence. Its strategy is more about executing specific attacks to disrupt operations, such as manipulating industrial control systems, rather than maintaining a foothold for future access. This approach is typically more aggressive and aimed at causing immediate damage or disruption.</b>","The persistence strategy of Snake involves establishing long-term access to compromised systems, often through the use of advanced techniques that allow it to remain undetected for extended periods. This may include the use of rootkits or other stealthy methods to maintain control over the environment.

In contrast, Industroyer focuses on achieving immediate impact rather than long-term persistence. Its strategy is more about executing specific attacks to disrupt operations, such as manipulating industrial control systems, rather than maintaining a foothold for future access. This approach is typically more aggressive and aimed at causing immediate damage or disruption."
How do the espionage tools of APT10 differ from those of APT29 in ICS environments?,contrastive,"<b>APT10 and APT29 employ different espionage tools and techniques tailored to their specific objectives and targets within Industrial Control Systems (ICS) environments. APT10 is known for its focus on data exfiltration and often utilizes tools that facilitate network reconnaissance and credential harvesting, allowing them to gain access to sensitive information. In contrast, APT29 tends to emphasize stealth and persistence, using sophisticated malware that can remain undetected for extended periods while gathering intelligence. Their tools may include advanced backdoors and custom exploits designed to infiltrate and manipulate ICS systems without raising alarms. Overall, the primary distinction lies in APT10's aggressive data collection methods versus APT29's emphasis on covert operations and long-term access.</b>","APT10 and APT29 employ different espionage tools and techniques tailored to their specific objectives and targets within Industrial Control Systems (ICS) environments. APT10 is known for its focus on data exfiltration and often utilizes tools that facilitate network reconnaissance and credential harvesting, allowing them to gain access to sensitive information. In contrast, APT29 tends to emphasize stealth and persistence, using sophisticated malware that can remain undetected for extended periods while gathering intelligence. Their tools may include advanced backdoors and custom exploits designed to infiltrate and manipulate ICS systems without raising alarms. Overall, the primary distinction lies in APT10's aggressive data collection methods versus APT29's emphasis on covert operations and long-term access."
How do the disruption tactics of BlackEnergy differ from those of APT28 in ICS attacks?,contrastive,"<b>The disruption tactics of BlackEnergy in ICS attacks typically focus on causing immediate operational disruption and damage, often through malware that targets specific industrial control systems. This group is known for its use of destructive payloads that can lead to significant downtime and loss of control over critical infrastructure.

In contrast, APT28 employs more sophisticated and stealthy tactics aimed at long-term espionage and data exfiltration rather than outright disruption. Their approach often involves gaining persistent access to systems, allowing them to gather intelligence over time while minimizing detection. This difference highlights BlackEnergy's emphasis on immediate impact versus APT28's focus on sustained infiltration and information gathering.</b>","The disruption tactics of BlackEnergy in ICS attacks typically focus on causing immediate operational disruption and damage, often through malware that targets specific industrial control systems. This group is known for its use of destructive payloads that can lead to significant downtime and loss of control over critical infrastructure.

In contrast, APT28 employs more sophisticated and stealthy tactics aimed at long-term espionage and data exfiltration rather than outright disruption. Their approach often involves gaining persistent access to systems, allowing them to gather intelligence over time while minimizing detection. This difference highlights BlackEnergy's emphasis on immediate impact versus APT28's focus on sustained infiltration and information gathering."
How do the objectives of Triton differ from those of APT41 in ICS operations?,contrastive,"<b>The objectives of Triton in ICS operations focus on disrupting industrial control systems, particularly targeting safety systems to cause physical damage or operational disruption. In contrast, APT41's objectives are more aligned with espionage and data theft, aiming to gather sensitive information from industrial environments rather than causing immediate harm.</b>","The objectives of Triton in ICS operations focus on disrupting industrial control systems, particularly targeting safety systems to cause physical damage or operational disruption. In contrast, APT41's objectives are more aligned with espionage and data theft, aiming to gather sensitive information from industrial environments rather than causing immediate harm."
How does the targeting focus of Stuxnet differ from that of Dragonfly 2.0 in ICS attacks?,contrastive,"<b>Stuxnet specifically targeted industrial control systems (ICS) used in nuclear facilities, aiming to disrupt Iran's uranium enrichment processes. Its design was highly specialized, focusing on specific Siemens software and hardware configurations.

In contrast, Dragonfly 2.0 has a broader targeting approach, aiming at various sectors within critical infrastructure, including energy and manufacturing. This campaign employs a range of tactics to compromise multiple types of ICS, indicating a more generalized strategy rather than the precise targeting seen with Stuxnet.</b>","Stuxnet specifically targeted industrial control systems (ICS) used in nuclear facilities, aiming to disrupt Iran's uranium enrichment processes. Its design was highly specialized, focusing on specific Siemens software and hardware configurations.

In contrast, Dragonfly 2.0 has a broader targeting approach, aiming at various sectors within critical infrastructure, including energy and manufacturing. This campaign employs a range of tactics to compromise multiple types of ICS, indicating a more generalized strategy rather than the precise targeting seen with Stuxnet."
How do the attack strategies of Incontroller differ from those of Sandworm Team in ICS environments?,contrastive,"<b>The attack strategies of Incontroller and Sandworm Team in ICS environments differ primarily in their objectives and methods. Incontroller focuses on exploiting vulnerabilities in industrial control systems to gain unauthorized access and control over critical infrastructure. Their approach often involves leveraging specific software vulnerabilities and targeting the operational technology (OT) environment directly.

In contrast, Sandworm Team employs a more aggressive and disruptive strategy, often aiming to cause significant damage or disruption to the targeted systems. Their tactics may include deploying malware that can lead to system failures or data destruction, and they often utilize advanced persistent threat (APT) techniques to maintain long-term access and gather intelligence.

Overall, while both groups target ICS environments, Incontroller tends to prioritize control and exploitation, whereas Sandworm Team is more inclined towards disruption and destruction.</b>","The attack strategies of Incontroller and Sandworm Team in ICS environments differ primarily in their objectives and methods. Incontroller focuses on exploiting vulnerabilities in industrial control systems to gain unauthorized access and control over critical infrastructure. Their approach often involves leveraging specific software vulnerabilities and targeting the operational technology (OT) environment directly.

In contrast, Sandworm Team employs a more aggressive and disruptive strategy, often aiming to cause significant damage or disruption to the targeted systems. Their tactics may include deploying malware that can lead to system failures or data destruction, and they often utilize advanced persistent threat (APT) techniques to maintain long-term access and gather intelligence.

Overall, while both groups target ICS environments, Incontroller tends to prioritize control and exploitation, whereas Sandworm Team is more inclined towards disruption and destruction."
What are the differences in the disruption tactics used by APT29 and Industroyer in ICS operations?,contrastive,"<b>APT29 and Industroyer employ different disruption tactics in ICS operations. APT29 typically focuses on stealthy, long-term infiltration and espionage, aiming to gather intelligence and maintain persistence within networks. Their tactics often involve sophisticated phishing campaigns and the use of malware to establish footholds without immediate disruption.

In contrast, Industroyer is designed for direct disruption of industrial control systems. It specifically targets the operational technology environment, utilizing malware that can manipulate and disrupt critical infrastructure. Industroyer's tactics are more aggressive and aimed at causing immediate operational impact, such as shutting down power grids or other essential services.

Overall, APT29 emphasizes stealth and intelligence gathering, while Industroyer prioritizes direct disruption and operational sabotage.</b>","APT29 and Industroyer employ different disruption tactics in ICS operations. APT29 typically focuses on stealthy, long-term infiltration and espionage, aiming to gather intelligence and maintain persistence within networks. Their tactics often involve sophisticated phishing campaigns and the use of malware to establish footholds without immediate disruption.

In contrast, Industroyer is designed for direct disruption of industrial control systems. It specifically targets the operational technology environment, utilizing malware that can manipulate and disrupt critical infrastructure. Industroyer's tactics are more aggressive and aimed at causing immediate operational impact, such as shutting down power grids or other essential services.

Overall, APT29 emphasizes stealth and intelligence gathering, while Industroyer prioritizes direct disruption and operational sabotage."
How does capturing input data differ from capturing output data?,contrastive,"<b>Capturing input data involves collecting information that is entered into a system, such as user responses, sensor readings, or any data that initiates a process. This data is typically raw and serves as the foundation for further processing or analysis.

In contrast, capturing output data refers to gathering information that results from processing the input data. This can include results, reports, or any generated content that reflects the outcomes of the system's operations. Output data is often formatted and structured to convey meaningful insights or results derived from the input data. 

In summary, input data is about what is fed into a system, while output data is about what is produced as a result of that input.</b>","Capturing input data involves collecting information that is entered into a system, such as user responses, sensor readings, or any data that initiates a process. This data is typically raw and serves as the foundation for further processing or analysis.

In contrast, capturing output data refers to gathering information that results from processing the input data. This can include results, reports, or any generated content that reflects the outcomes of the system's operations. Output data is often formatted and structured to convey meaningful insights or results derived from the input data. 

In summary, input data is about what is fed into a system, while output data is about what is produced as a result of that input."
How does spoofing reporting messages differ from spoofing command messages?,contrastive,"<b>Spoofing reporting messages typically involves the manipulation or falsification of messages that provide information or updates about a system's status, performance, or other metrics. This can lead to misleading information being presented to users or systems that rely on accurate reporting.

On the other hand, spoofing command messages involves the alteration or forgery of messages that are intended to instruct a system or device to perform specific actions. This can result in unauthorized commands being executed, potentially leading to harmful or unintended consequences.

In summary, the key difference lies in the purpose of the messages: reporting messages focus on conveying information, while command messages are aimed at directing actions.</b>","Spoofing reporting messages typically involves the manipulation or falsification of messages that provide information or updates about a system's status, performance, or other metrics. This can lead to misleading information being presented to users or systems that rely on accurate reporting.

On the other hand, spoofing command messages involves the alteration or forgery of messages that are intended to instruct a system or device to perform specific actions. This can result in unauthorized commands being executed, potentially leading to harmful or unintended consequences.

In summary, the key difference lies in the purpose of the messages: reporting messages focus on conveying information, while command messages are aimed at directing actions."
How does blocking reporting messages differ from blocking control messages in ICS?,contrastive,"<b>Blocking reporting messages in an Industrial Control System (ICS) typically involves preventing the transmission of data that conveys the status or performance of system components. This can hinder the ability to monitor operations and detect anomalies, potentially leading to undetected issues or failures.

On the other hand, blocking control messages involves stopping commands or instructions that direct the operation of system components. This can disrupt the functionality of the system, as it may prevent necessary actions from being executed, such as adjustments to processes or responses to alarms.

In summary, blocking reporting messages affects the visibility and monitoring of the system, while blocking control messages impacts the operational control and responsiveness of the system.</b>","Blocking reporting messages in an Industrial Control System (ICS) typically involves preventing the transmission of data that conveys the status or performance of system components. This can hinder the ability to monitor operations and detect anomalies, potentially leading to undetected issues or failures.

On the other hand, blocking control messages involves stopping commands or instructions that direct the operation of system components. This can disrupt the functionality of the system, as it may prevent necessary actions from being executed, such as adjustments to processes or responses to alarms.

In summary, blocking reporting messages affects the visibility and monitoring of the system, while blocking control messages impacts the operational control and responsiveness of the system."
How does intercepting network traffic differ from modifying network data?,contrastive,"<b>Intercepting network traffic involves capturing data packets as they travel across a network without altering their content. This process allows for monitoring and analysis of the data being transmitted, but the original information remains unchanged.

In contrast, modifying network data entails altering the content of the data packets before they reach their destination. This can involve changing, adding, or deleting information within the packets, which can affect the integrity and authenticity of the data being transmitted. 

In summary, intercepting focuses on observation, while modifying involves active changes to the data.</b>","Intercepting network traffic involves capturing data packets as they travel across a network without altering their content. This process allows for monitoring and analysis of the data being transmitted, but the original information remains unchanged.

In contrast, modifying network data entails altering the content of the data packets before they reach their destination. This can involve changing, adding, or deleting information within the packets, which can affect the integrity and authenticity of the data being transmitted. 

In summary, intercepting focuses on observation, while modifying involves active changes to the data."
How does automated data collection differ from scripting in ICS environments?,contrastive,"<b>Automated data collection in ICS (Industrial Control Systems) environments typically involves the use of specialized tools and software to gather data from various sensors and devices without manual intervention. This process is designed to operate continuously and can handle large volumes of data efficiently, ensuring real-time monitoring and analysis.

On the other hand, scripting in ICS environments refers to the creation of custom scripts or programs that automate specific tasks or processes. This can include data manipulation, system configuration, or triggering actions based on certain conditions. While scripting can enhance automation, it often requires manual coding and may not be as comprehensive or seamless as dedicated automated data collection systems.

In summary, automated data collection focuses on the systematic gathering of data, while scripting involves creating tailored solutions to automate specific functions within the ICS environment.</b>","Automated data collection in ICS (Industrial Control Systems) environments typically involves the use of specialized tools and software to gather data from various sensors and devices without manual intervention. This process is designed to operate continuously and can handle large volumes of data efficiently, ensuring real-time monitoring and analysis.

On the other hand, scripting in ICS environments refers to the creation of custom scripts or programs that automate specific tasks or processes. This can include data manipulation, system configuration, or triggering actions based on certain conditions. While scripting can enhance automation, it often requires manual coding and may not be as comprehensive or seamless as dedicated automated data collection systems.

In summary, automated data collection focuses on the systematic gathering of data, while scripting involves creating tailored solutions to automate specific functions within the ICS environment."
How does changing the operating mode differ from modifying system firmware in ICS?,contrastive,"<b>Changing the operating mode in an Industrial Control System (ICS) typically involves adjusting the system's operational parameters or settings to alter its functionality or performance without altering the underlying software. This can include switching between different modes of operation, such as manual or automatic control, which affects how the system responds to inputs and manages processes.

In contrast, modifying system firmware involves making changes to the software that is embedded in the hardware of the ICS. This can include updates or patches that enhance functionality, fix bugs, or improve security. Firmware modifications can have a more profound impact on the system's capabilities and stability, as they directly alter the code that governs the hardware's operation.

In summary, changing the operating mode adjusts how the system operates within its existing framework, while modifying firmware changes the foundational software that controls the hardware.</b>","Changing the operating mode in an Industrial Control System (ICS) typically involves adjusting the system's operational parameters or settings to alter its functionality or performance without altering the underlying software. This can include switching between different modes of operation, such as manual or automatic control, which affects how the system responds to inputs and manages processes.

In contrast, modifying system firmware involves making changes to the software that is embedded in the hardware of the ICS. This can include updates or patches that enhance functionality, fix bugs, or improve security. Firmware modifications can have a more profound impact on the system's capabilities and stability, as they directly alter the code that governs the hardware's operation.

In summary, changing the operating mode adjusts how the system operates within its existing framework, while modifying firmware changes the foundational software that controls the hardware."
How does general masquerading differ from masquerading a slave device in ICS?,contrastive,"<b>General masquerading involves impersonating a legitimate entity or user to gain unauthorized access or perform malicious activities within a system. In contrast, masquerading a slave device in an Industrial Control System (ICS) specifically refers to the act of a malicious actor mimicking a legitimate slave device to manipulate or disrupt the operations of the ICS. This targeted approach focuses on the hierarchical structure of ICS, where master devices communicate with slave devices, allowing the attacker to potentially control processes or gather sensitive information by pretending to be a trusted component of the system.</b>","General masquerading involves impersonating a legitimate entity or user to gain unauthorized access or perform malicious activities within a system. In contrast, masquerading a slave device in an Industrial Control System (ICS) specifically refers to the act of a malicious actor mimicking a legitimate slave device to manipulate or disrupt the operations of the ICS. This targeted approach focuses on the hierarchical structure of ICS, where master devices communicate with slave devices, allowing the attacker to potentially control processes or gather sensitive information by pretending to be a trusted component of the system."
How does blocking reporting messages differ from blocking data from field devices?,contrastive,"<b>Blocking reporting messages involves preventing the transmission of status updates or alerts from a system, which can affect monitoring and oversight. In contrast, blocking data from field devices means stopping the actual data collected from sensors or devices in the field, which can impact the accuracy and availability of operational data. The key difference lies in the type of information being blocked: reporting messages pertain to system status and alerts, while data from field devices relates to the raw measurements and inputs from those devices.</b>","Blocking reporting messages involves preventing the transmission of status updates or alerts from a system, which can affect monitoring and oversight. In contrast, blocking data from field devices means stopping the actual data collected from sensors or devices in the field, which can impact the accuracy and availability of operational data. The key difference lies in the type of information being blocked: reporting messages pertain to system status and alerts, while data from field devices relates to the raw measurements and inputs from those devices."
How does deploying a virtual system differ from deploying a container in ICS?,contrastive,"<b>Deploying a virtual system typically involves creating a complete virtual machine that includes its own operating system and applications, which can be resource-intensive. In contrast, deploying a container involves packaging an application and its dependencies into a single unit that shares the host operating system's kernel, making it more lightweight and efficient. This difference in architecture leads to variations in resource usage, deployment speed, and scalability between the two approaches in an Industrial Control System (ICS) environment.</b>","Deploying a virtual system typically involves creating a complete virtual machine that includes its own operating system and applications, which can be resource-intensive. In contrast, deploying a container involves packaging an application and its dependencies into a single unit that shares the host operating system's kernel, making it more lightweight and efficient. This difference in architecture leads to variations in resource usage, deployment speed, and scalability between the two approaches in an Industrial Control System (ICS) environment."
How does manipulating an I/O device differ from modifying device configuration?,contrastive,"<b>Manipulating an I/O device typically involves interacting with the device during its operation, such as sending commands or data to it, or receiving data from it. This can include actions like reading from or writing to the device in real-time.

On the other hand, modifying device configuration refers to changing the settings or parameters that determine how the device operates. This could involve adjusting settings such as resolution, speed, or communication protocols, which are usually done before the device is used or during a setup phase. 

In summary, manipulation is about real-time interaction, while configuration modification is about setting up the device's operational parameters.</b>","Manipulating an I/O device typically involves interacting with the device during its operation, such as sending commands or data to it, or receiving data from it. This can include actions like reading from or writing to the device in real-time.

On the other hand, modifying device configuration refers to changing the settings or parameters that determine how the device operates. This could involve adjusting settings such as resolution, speed, or communication protocols, which are usually done before the device is used or during a setup phase. 

In summary, manipulation is about real-time interaction, while configuration modification is about setting up the device's operational parameters."
How does modifying device state differ from modifying controller tasking?,contrastive,"<b>Modifying device state involves changing the operational status or configuration of a device, which can affect how it interacts with other components or systems. This could include actions like turning a device on or off, adjusting settings, or switching modes.

On the other hand, modifying controller tasking refers to altering the responsibilities or functions assigned to a controller within a system. This could involve changing the tasks the controller is managing, reallocating resources, or adjusting priorities for different operations.

In summary, modifying device state focuses on the individual device's functionality, while modifying controller tasking pertains to the overall management and coordination of tasks within a system.</b>","Modifying device state involves changing the operational status or configuration of a device, which can affect how it interacts with other components or systems. This could include actions like turning a device on or off, adjusting settings, or switching modes.

On the other hand, modifying controller tasking refers to altering the responsibilities or functions assigned to a controller within a system. This could involve changing the tasks the controller is managing, reallocating resources, or adjusting priorities for different operations.

In summary, modifying device state focuses on the individual device's functionality, while modifying controller tasking pertains to the overall management and coordination of tasks within a system."
How does remote file copying differ from deploying remote access tools in ICS?,contrastive,"<b>Remote file copying involves transferring files from one location to another over a network, typically focusing on the movement of data without necessarily establishing a persistent connection or control over the remote system. In contrast, deploying remote access tools in Industrial Control Systems (ICS) entails installing software that allows for ongoing control and monitoring of the system, enabling operators to interact with and manage the ICS environment remotely. This process often involves more complex security considerations and configurations to ensure the integrity and safety of critical infrastructure.</b>","Remote file copying involves transferring files from one location to another over a network, typically focusing on the movement of data without necessarily establishing a persistent connection or control over the remote system. In contrast, deploying remote access tools in Industrial Control Systems (ICS) entails installing software that allows for ongoing control and monitoring of the system, enabling operators to interact with and manage the ICS environment remotely. This process often involves more complex security considerations and configurations to ensure the integrity and safety of critical infrastructure."
How does spoofing reporting messages differ from hijacking execution flow?,contrastive,"<b>Spoofing reporting messages involves creating false messages that appear to come from a legitimate source, often to mislead or manipulate the recipient. This technique focuses on deception in communication, where the integrity of the message is compromised.

On the other hand, hijacking execution flow refers to altering the sequence of operations in a program or system, typically to gain unauthorized control or execute malicious code. This method targets the control flow of a program, allowing an attacker to redirect execution to their own code.

In summary, spoofing is about misleading communication, while hijacking is about manipulating the operational flow of a system.</b>","Spoofing reporting messages involves creating false messages that appear to come from a legitimate source, often to mislead or manipulate the recipient. This technique focuses on deception in communication, where the integrity of the message is compromised.

On the other hand, hijacking execution flow refers to altering the sequence of operations in a program or system, typically to gain unauthorized control or execute malicious code. This method targets the control flow of a program, allowing an attacker to redirect execution to their own code.

In summary, spoofing is about misleading communication, while hijacking is about manipulating the operational flow of a system."
How does disabling control logic differ from modifying control logic in ICS?,contrastive,"<b>Disabling control logic involves turning off specific functions or processes within an Industrial Control System (ICS), which can lead to a complete halt of certain operations. This action typically results in a loss of control over the affected processes, potentially causing safety risks or operational inefficiencies.

On the other hand, modifying control logic entails changing the existing programming or parameters that govern the system's operations. This can involve adjusting settings, adding new functions, or altering the sequence of operations. While this may enhance functionality or improve performance, it still maintains the overall control structure of the system.

In summary, disabling control logic stops certain operations entirely, while modifying control logic changes how those operations are performed without completely shutting them down.</b>","Disabling control logic involves turning off specific functions or processes within an Industrial Control System (ICS), which can lead to a complete halt of certain operations. This action typically results in a loss of control over the affected processes, potentially causing safety risks or operational inefficiencies.

On the other hand, modifying control logic entails changing the existing programming or parameters that govern the system's operations. This can involve adjusting settings, adding new functions, or altering the sequence of operations. While this may enhance functionality or improve performance, it still maintains the overall control structure of the system.

In summary, disabling control logic stops certain operations entirely, while modifying control logic changes how those operations are performed without completely shutting them down."
How does modifying program flow differ from modifying program state in ICS?,contrastive,"<b>Modifying program flow involves changing the sequence in which instructions are executed within a program, affecting how the program progresses through its logic. This can include altering control structures like loops or conditionals, which can lead to different execution paths.

On the other hand, modifying program state refers to changing the values of variables or data structures that the program uses during its execution. This affects the information the program operates on but does not inherently change the order of operations or the flow of execution.

In summary, modifying program flow changes the execution path, while modifying program state changes the data being processed.</b>","Modifying program flow involves changing the sequence in which instructions are executed within a program, affecting how the program progresses through its logic. This can include altering control structures like loops or conditionals, which can lead to different execution paths.

On the other hand, modifying program state refers to changing the values of variables or data structures that the program uses during its execution. This affects the information the program operates on but does not inherently change the order of operations or the flow of execution.

In summary, modifying program flow changes the execution path, while modifying program state changes the data being processed."
How does modifying system firmware differ from modifying system software in ICS?,contrastive,"<b>Modifying system firmware in Industrial Control Systems (ICS) typically involves changes to the low-level software that directly interacts with hardware components. This can include updates to the BIOS or embedded software that controls devices, which often requires specialized knowledge and can affect the entire system's operation.

In contrast, modifying system software refers to changes made to the applications and operating systems that run on top of the firmware. This can include updates to user interfaces, control applications, or other software that manages processes and data. Such modifications are generally more user-friendly and can often be performed without deep technical expertise.

Overall, firmware modifications tend to be more complex and riskier, as they can impact hardware functionality, while software modifications are usually more straightforward and focused on enhancing user experience and system performance.</b>","Modifying system firmware in Industrial Control Systems (ICS) typically involves changes to the low-level software that directly interacts with hardware components. This can include updates to the BIOS or embedded software that controls devices, which often requires specialized knowledge and can affect the entire system's operation.

In contrast, modifying system software refers to changes made to the applications and operating systems that run on top of the firmware. This can include updates to user interfaces, control applications, or other software that manages processes and data. Such modifications are generally more user-friendly and can often be performed without deep technical expertise.

Overall, firmware modifications tend to be more complex and riskier, as they can impact hardware functionality, while software modifications are usually more straightforward and focused on enhancing user experience and system performance."
How does blocking reporting messages differ from blocking control messages in ICS?,contrastive,"<b>Blocking reporting messages in an Industrial Control System (ICS) typically involves preventing the transmission of data that conveys the status or performance of system components. This can hinder the ability to monitor operations, detect anomalies, or assess system health.

On the other hand, blocking control messages involves stopping commands or instructions that direct the operation of system components. This can disrupt the functionality of the system, potentially leading to failures in executing necessary actions or responses.

In summary, blocking reporting messages affects the visibility and monitoring of the system, while blocking control messages impacts the operational commands and control of the system.</b>","Blocking reporting messages in an Industrial Control System (ICS) typically involves preventing the transmission of data that conveys the status or performance of system components. This can hinder the ability to monitor operations, detect anomalies, or assess system health.

On the other hand, blocking control messages involves stopping commands or instructions that direct the operation of system components. This can disrupt the functionality of the system, potentially leading to failures in executing necessary actions or responses.

In summary, blocking reporting messages affects the visibility and monitoring of the system, while blocking control messages impacts the operational commands and control of the system."
How does deploying a container differ from deploying a virtual system in ICS?,contrastive,"<b>Deploying a container involves packaging an application and its dependencies into a single unit that can run consistently across different computing environments. This approach allows for lightweight and efficient resource usage, as containers share the host operating system's kernel and can start up quickly.

In contrast, deploying a virtual system typically involves creating a virtual machine (VM) that includes a full operating system along with the application. VMs are more resource-intensive because they require their own operating system and can take longer to boot up. This results in greater overhead in terms of both storage and processing power.

Overall, the key differences lie in resource efficiency, startup time, and the level of isolation provided by containers versus virtual machines.</b>","Deploying a container involves packaging an application and its dependencies into a single unit that can run consistently across different computing environments. This approach allows for lightweight and efficient resource usage, as containers share the host operating system's kernel and can start up quickly.

In contrast, deploying a virtual system typically involves creating a virtual machine (VM) that includes a full operating system along with the application. VMs are more resource-intensive because they require their own operating system and can take longer to boot up. This results in greater overhead in terms of both storage and processing power.

Overall, the key differences lie in resource efficiency, startup time, and the level of isolation provided by containers versus virtual machines."
How does using a rogue slave device differ from masquerading a slave device in ICS?,contrastive,"<b>Using a rogue slave device involves introducing an unauthorized device into an industrial control system (ICS) that can operate independently and potentially disrupt operations or gather sensitive information. In contrast, masquerading a slave device refers to the act of an authorized device impersonating another legitimate slave device within the system. This can be done to gain unauthorized access or manipulate data while appearing to be a trusted component. The key difference lies in the rogue device being an entirely unauthorized entity, while masquerading involves deception by an authorized device.</b>","Using a rogue slave device involves introducing an unauthorized device into an industrial control system (ICS) that can operate independently and potentially disrupt operations or gather sensitive information. In contrast, masquerading a slave device refers to the act of an authorized device impersonating another legitimate slave device within the system. This can be done to gain unauthorized access or manipulate data while appearing to be a trusted component. The key difference lies in the rogue device being an entirely unauthorized entity, while masquerading involves deception by an authorized device."
How does modifying network data differ from intercepting network traffic in ICS?,contrastive,"<b>Modifying network data involves altering the information being transmitted within the network, which can affect the operation of devices and systems by changing commands or data values. This can lead to incorrect actions being taken by the industrial control systems (ICS).

On the other hand, intercepting network traffic refers to the act of capturing and analyzing the data packets as they travel across the network without altering them. This allows for monitoring and understanding the communication patterns and data flow within the ICS without directly impacting the system's operations. 

In summary, modifying data changes the content and can disrupt operations, while intercepting traffic is a passive activity focused on observation and analysis.</b>","Modifying network data involves altering the information being transmitted within the network, which can affect the operation of devices and systems by changing commands or data values. This can lead to incorrect actions being taken by the industrial control systems (ICS).

On the other hand, intercepting network traffic refers to the act of capturing and analyzing the data packets as they travel across the network without altering them. This allows for monitoring and understanding the communication patterns and data flow within the ICS without directly impacting the system's operations. 

In summary, modifying data changes the content and can disrupt operations, while intercepting traffic is a passive activity focused on observation and analysis."
How does manipulating network traffic differ from modifying network configuration in ICS?,contrastive,"<b>Manipulating network traffic involves intercepting, altering, or injecting data packets as they travel across the network, which can affect the communication between devices without changing the underlying system settings. This can lead to unauthorized access or disruption of services.

On the other hand, modifying network configuration in an Industrial Control System (ICS) entails changing the settings or parameters that govern how devices communicate and operate within the network. This can include altering IP addresses, subnet masks, or routing protocols, which directly impacts the system's operational framework and can lead to significant changes in functionality or security posture.</b>","Manipulating network traffic involves intercepting, altering, or injecting data packets as they travel across the network, which can affect the communication between devices without changing the underlying system settings. This can lead to unauthorized access or disruption of services.

On the other hand, modifying network configuration in an Industrial Control System (ICS) entails changing the settings or parameters that govern how devices communicate and operate within the network. This can include altering IP addresses, subnet masks, or routing protocols, which directly impacts the system's operational framework and can lead to significant changes in functionality or security posture."
How does using a command-line interface differ from using a graphical user interface in ICS environments?,contrastive,"<b>Using a command-line interface (CLI) in ICS environments typically allows for more direct and efficient control over systems, enabling users to execute commands quickly and automate tasks through scripting. This can be particularly beneficial for advanced users who require precise configurations or need to manage multiple systems simultaneously.

In contrast, a graphical user interface (GUI) provides a more user-friendly experience, often making it easier for less experienced users to navigate and interact with the system. GUIs typically feature visual elements like buttons and menus, which can simplify complex tasks but may also introduce additional overhead and slower response times compared to a CLI.

Overall, the choice between CLI and GUI in ICS environments often depends on the user's expertise, the complexity of the tasks, and the specific requirements of the system being managed.</b>","Using a command-line interface (CLI) in ICS environments typically allows for more direct and efficient control over systems, enabling users to execute commands quickly and automate tasks through scripting. This can be particularly beneficial for advanced users who require precise configurations or need to manage multiple systems simultaneously.

In contrast, a graphical user interface (GUI) provides a more user-friendly experience, often making it easier for less experienced users to navigate and interact with the system. GUIs typically feature visual elements like buttons and menus, which can simplify complex tasks but may also introduce additional overhead and slower response times compared to a CLI.

Overall, the choice between CLI and GUI in ICS environments often depends on the user's expertise, the complexity of the tasks, and the specific requirements of the system being managed."
How does hijacking execution flow differ from modifying program state in ICS?,contrastive,"<b>Hijacking execution flow involves redirecting the control of a program to execute malicious code, often by exploiting vulnerabilities in the software. This can lead to unauthorized actions being performed within the system. In contrast, modifying program state refers to changing the data or variables that a program uses during its execution, which can alter its behavior or outcomes without necessarily changing the flow of execution itself. While both techniques can be used to compromise a system, hijacking execution flow typically focuses on control and command, whereas modifying program state is more about altering the information that the program processes.</b>","Hijacking execution flow involves redirecting the control of a program to execute malicious code, often by exploiting vulnerabilities in the software. This can lead to unauthorized actions being performed within the system. In contrast, modifying program state refers to changing the data or variables that a program uses during its execution, which can alter its behavior or outcomes without necessarily changing the flow of execution itself. While both techniques can be used to compromise a system, hijacking execution flow typically focuses on control and command, whereas modifying program state is more about altering the information that the program processes."
How does modifying operating parameters differ from modifying system parameters in ICS?,contrastive,"<b>Modifying operating parameters typically involves adjusting the settings or conditions under which a system operates, such as temperature, pressure, or flow rates. This can affect the performance and efficiency of the system without changing its fundamental design or structure.

In contrast, modifying system parameters refers to changes made to the system's configuration or architecture, such as altering the components, layout, or interconnections within the system. This type of modification can lead to significant changes in how the system functions and may require more extensive planning and implementation compared to simply adjusting operating parameters.</b>","Modifying operating parameters typically involves adjusting the settings or conditions under which a system operates, such as temperature, pressure, or flow rates. This can affect the performance and efficiency of the system without changing its fundamental design or structure.

In contrast, modifying system parameters refers to changes made to the system's configuration or architecture, such as altering the components, layout, or interconnections within the system. This type of modification can lead to significant changes in how the system functions and may require more extensive planning and implementation compared to simply adjusting operating parameters."
How does using a rogue master device differ from using a rogue slave device in ICS?,contrastive,"<b>Using a rogue master device in an Industrial Control System (ICS) allows an attacker to take control of the communication and command processes, potentially issuing unauthorized commands to slave devices. This can lead to significant disruptions or manipulations of the system's operations.

In contrast, a rogue slave device can be used to mimic legitimate devices, sending false data or commands to the master device. This can result in misleading information being processed, which may cause the master to make incorrect decisions based on the compromised data.

Overall, the key difference lies in the level of control: a rogue master can command and manipulate the entire system, while a rogue slave primarily focuses on deception and data manipulation within the existing framework.</b>","Using a rogue master device in an Industrial Control System (ICS) allows an attacker to take control of the communication and command processes, potentially issuing unauthorized commands to slave devices. This can lead to significant disruptions or manipulations of the system's operations.

In contrast, a rogue slave device can be used to mimic legitimate devices, sending false data or commands to the master device. This can result in misleading information being processed, which may cause the master to make incorrect decisions based on the compromised data.

Overall, the key difference lies in the level of control: a rogue master can command and manipulate the entire system, while a rogue slave primarily focuses on deception and data manipulation within the existing framework."
How does blocking reporting messages differ from blocking control messages in ICS?,contrastive,"<b>Blocking reporting messages in an Industrial Control System (ICS) typically involves preventing the transmission of data that conveys the status or performance of system components. This can hinder the ability to monitor operations and detect anomalies, potentially leading to undetected issues or failures.

On the other hand, blocking control messages involves stopping commands or instructions that direct the operation of system components. This can disrupt the functionality of the system, as it prevents necessary actions from being executed, which may lead to operational downtime or safety risks.

In summary, blocking reporting messages affects monitoring and data collection, while blocking control messages impacts the operational commands and control of the system.</b>","Blocking reporting messages in an Industrial Control System (ICS) typically involves preventing the transmission of data that conveys the status or performance of system components. This can hinder the ability to monitor operations and detect anomalies, potentially leading to undetected issues or failures.

On the other hand, blocking control messages involves stopping commands or instructions that direct the operation of system components. This can disrupt the functionality of the system, as it prevents necessary actions from being executed, which may lead to operational downtime or safety risks.

In summary, blocking reporting messages affects monitoring and data collection, while blocking control messages impacts the operational commands and control of the system."
How does spoofing command messages differ from spoofing reporting messages in ICS?,contrastive,"<b>Spoofing command messages in an Industrial Control System (ICS) involves sending false commands to manipulate the system's operations, potentially leading to unauthorized control over processes. This can result in actions such as shutting down equipment or altering operational parameters.

On the other hand, spoofing reporting messages involves sending false data or status updates to mislead operators or monitoring systems about the state of the ICS. This can create a false sense of security or urgency, leading to incorrect decision-making based on the manipulated information.

In summary, the key difference lies in the intent and impact: command message spoofing aims to directly control system operations, while reporting message spoofing seeks to deceive regarding the system's status or performance.</b>","Spoofing command messages in an Industrial Control System (ICS) involves sending false commands to manipulate the system's operations, potentially leading to unauthorized control over processes. This can result in actions such as shutting down equipment or altering operational parameters.

On the other hand, spoofing reporting messages involves sending false data or status updates to mislead operators or monitoring systems about the state of the ICS. This can create a false sense of security or urgency, leading to incorrect decision-making based on the manipulated information.

In summary, the key difference lies in the intent and impact: command message spoofing aims to directly control system operations, while reporting message spoofing seeks to deceive regarding the system's status or performance."
How does modifying system firmware differ from changing operating mode in ICS?,contrastive,"<b>Modifying system firmware involves altering the low-level software that controls hardware components, which can affect the overall functionality and stability of the system. This process typically requires a deep understanding of the hardware and can lead to significant changes in how the system operates.

In contrast, changing operating mode in an Industrial Control System (ICS) refers to switching between predefined operational states or configurations that dictate how the system performs its tasks. This change is usually less invasive and can be done to optimize performance or adapt to different operational requirements without altering the underlying firmware. 

Overall, firmware modification is a more complex and foundational change, while changing operating mode is a more straightforward adjustment to system behavior.</b>","Modifying system firmware involves altering the low-level software that controls hardware components, which can affect the overall functionality and stability of the system. This process typically requires a deep understanding of the hardware and can lead to significant changes in how the system operates.

In contrast, changing operating mode in an Industrial Control System (ICS) refers to switching between predefined operational states or configurations that dictate how the system performs its tasks. This change is usually less invasive and can be done to optimize performance or adapt to different operational requirements without altering the underlying firmware. 

Overall, firmware modification is a more complex and foundational change, while changing operating mode is a more straightforward adjustment to system behavior."
How does capturing input data differ from modifying network data in ICS?,contrastive,"<b>Capturing input data in an Industrial Control System (ICS) involves collecting and monitoring data from various sensors and devices to understand the current state of the system. This process is primarily focused on gathering information without altering the system's operation.

In contrast, modifying network data in an ICS entails making changes to the data being transmitted or processed within the network. This can involve altering control commands, adjusting parameters, or changing configurations, which directly impacts the functioning of the system.

In summary, capturing input data is about observation and collection, while modifying network data involves active changes that can affect system performance and behavior.</b>","Capturing input data in an Industrial Control System (ICS) involves collecting and monitoring data from various sensors and devices to understand the current state of the system. This process is primarily focused on gathering information without altering the system's operation.

In contrast, modifying network data in an ICS entails making changes to the data being transmitted or processed within the network. This can involve altering control commands, adjusting parameters, or changing configurations, which directly impacts the functioning of the system.

In summary, capturing input data is about observation and collection, while modifying network data involves active changes that can affect system performance and behavior."
How does manipulating device data differ from blocking data from a field device in ICS?,contrastive,"<b>Manipulating device data in an Industrial Control System (ICS) involves altering the information that a device sends or receives, which can affect the operation and decision-making processes within the system. This could include changing sensor readings or control commands to influence system behavior.

On the other hand, blocking data from a field device means preventing any data from being transmitted to or from that device. This action stops the flow of information entirely, which can lead to a lack of visibility or control over the device's status and operations.

In summary, manipulating data changes the information being communicated, while blocking data halts communication altogether.</b>","Manipulating device data in an Industrial Control System (ICS) involves altering the information that a device sends or receives, which can affect the operation and decision-making processes within the system. This could include changing sensor readings or control commands to influence system behavior.

On the other hand, blocking data from a field device means preventing any data from being transmitted to or from that device. This action stops the flow of information entirely, which can lead to a lack of visibility or control over the device's status and operations.

In summary, manipulating data changes the information being communicated, while blocking data halts communication altogether."
How does deploying a container differ from deploying a virtual system in ICS?,contrastive,"<b>Deploying a container typically involves packaging an application and its dependencies into a single unit that can run consistently across different computing environments. Containers share the host system's operating system kernel, which allows for lightweight and efficient resource usage. This means that multiple containers can run on a single host without the overhead of separate operating systems for each instance.

In contrast, deploying a virtual system, or virtual machine (VM), involves creating a complete virtualized environment that includes its own operating system, applications, and dependencies. Each VM runs on a hypervisor, which abstracts the hardware and allows multiple VMs to operate independently. This results in higher resource consumption compared to containers, as each VM requires its own operating system and associated resources.

Overall, the key differences lie in resource efficiency, isolation, and the level of abstraction from the underlying hardware. Containers are generally more lightweight and faster to deploy, while VMs provide stronger isolation at the cost of increased resource usage.</b>","Deploying a container typically involves packaging an application and its dependencies into a single unit that can run consistently across different computing environments. Containers share the host system's operating system kernel, which allows for lightweight and efficient resource usage. This means that multiple containers can run on a single host without the overhead of separate operating systems for each instance.

In contrast, deploying a virtual system, or virtual machine (VM), involves creating a complete virtualized environment that includes its own operating system, applications, and dependencies. Each VM runs on a hypervisor, which abstracts the hardware and allows multiple VMs to operate independently. This results in higher resource consumption compared to containers, as each VM requires its own operating system and associated resources.

Overall, the key differences lie in resource efficiency, isolation, and the level of abstraction from the underlying hardware. Containers are generally more lightweight and faster to deploy, while VMs provide stronger isolation at the cost of increased resource usage."
How does intercepting network traffic differ from spoofing reporting messages in ICS?,contrastive,"<b>Intercepting network traffic involves capturing and analyzing data packets as they travel across a network, allowing an attacker to monitor communications and potentially extract sensitive information. This process typically focuses on the data being transmitted without altering it.

On the other hand, spoofing reporting messages in Industrial Control Systems (ICS) involves creating false messages that mimic legitimate communications. This can mislead the system into believing that it is receiving valid data, potentially leading to incorrect actions or responses from the system. Spoofing directly manipulates the information being sent, rather than just observing it. 

In summary, intercepting traffic is about monitoring and analyzing data, while spoofing involves creating deceptive messages to influence system behavior.</b>","Intercepting network traffic involves capturing and analyzing data packets as they travel across a network, allowing an attacker to monitor communications and potentially extract sensitive information. This process typically focuses on the data being transmitted without altering it.

On the other hand, spoofing reporting messages in Industrial Control Systems (ICS) involves creating false messages that mimic legitimate communications. This can mislead the system into believing that it is receiving valid data, potentially leading to incorrect actions or responses from the system. Spoofing directly manipulates the information being sent, rather than just observing it. 

In summary, intercepting traffic is about monitoring and analyzing data, while spoofing involves creating deceptive messages to influence system behavior."
How does capturing input data differ from capturing output data in ICS?,contrastive,"<b>Capturing input data in an Industrial Control System (ICS) involves gathering information that is fed into the system for processing, such as sensor readings, user commands, or environmental conditions. This data is essential for monitoring and controlling processes.

In contrast, capturing output data refers to collecting information that results from the system's processing, such as alerts, reports, or control signals sent to actuators. This data reflects the system's performance and the outcomes of the control actions taken based on the input data.

The key difference lies in the direction of data flow: input data is what the system receives to operate, while output data is what the system generates as a result of its operations.</b>","Capturing input data in an Industrial Control System (ICS) involves gathering information that is fed into the system for processing, such as sensor readings, user commands, or environmental conditions. This data is essential for monitoring and controlling processes.

In contrast, capturing output data refers to collecting information that results from the system's processing, such as alerts, reports, or control signals sent to actuators. This data reflects the system's performance and the outcomes of the control actions taken based on the input data.

The key difference lies in the direction of data flow: input data is what the system receives to operate, while output data is what the system generates as a result of its operations."
How does modifying network data differ from blocking control messages in ICS?,contrastive,"<b>Modifying network data involves altering the information being transmitted across the network, which can impact the integrity and accuracy of the data being communicated. This can lead to unintended consequences in the operation of industrial control systems (ICS).

On the other hand, blocking control messages refers to preventing specific messages from being sent or received within the network. This action can disrupt communication between devices, potentially leading to failures in system operations or control processes.

In summary, modifying network data changes the content of the information, while blocking control messages prevents certain communications from occurring altogether.</b>","Modifying network data involves altering the information being transmitted across the network, which can impact the integrity and accuracy of the data being communicated. This can lead to unintended consequences in the operation of industrial control systems (ICS).

On the other hand, blocking control messages refers to preventing specific messages from being sent or received within the network. This action can disrupt communication between devices, potentially leading to failures in system operations or control processes.

In summary, modifying network data changes the content of the information, while blocking control messages prevents certain communications from occurring altogether."
How does blocking control messages differ from blocking reporting messages in ICS?,contrastive,"<b>Blocking control messages involves preventing the transmission of messages that are used to manage and direct operations within an Industrial Control System (ICS). This can affect the system's ability to execute commands or adjust processes in real-time.

On the other hand, blocking reporting messages refers to stopping the flow of messages that provide status updates or data from various components of the ICS. This can hinder the ability to monitor system performance and detect issues, but it does not directly impact the control commands being executed.

In summary, blocking control messages affects operational commands, while blocking reporting messages impacts monitoring and feedback mechanisms.</b>","Blocking control messages involves preventing the transmission of messages that are used to manage and direct operations within an Industrial Control System (ICS). This can affect the system's ability to execute commands or adjust processes in real-time.

On the other hand, blocking reporting messages refers to stopping the flow of messages that provide status updates or data from various components of the ICS. This can hinder the ability to monitor system performance and detect issues, but it does not directly impact the control commands being executed.

In summary, blocking control messages affects operational commands, while blocking reporting messages impacts monitoring and feedback mechanisms."
How does scripting differ from automated collection in ICS environments?,contrastive,"<b>Scripting involves writing code or scripts to perform specific tasks or automate processes within an Industrial Control System (ICS) environment. It allows for customization and flexibility in executing particular functions or workflows.

Automated collection, on the other hand, refers to the systematic gathering of data from various sources within the ICS without manual intervention. This process typically relies on predefined protocols and tools to collect data efficiently and consistently.

In summary, scripting focuses on creating tailored solutions for specific tasks, while automated collection emphasizes the continuous and systematic gathering of data.</b>","Scripting involves writing code or scripts to perform specific tasks or automate processes within an Industrial Control System (ICS) environment. It allows for customization and flexibility in executing particular functions or workflows.

Automated collection, on the other hand, refers to the systematic gathering of data from various sources within the ICS without manual intervention. This process typically relies on predefined protocols and tools to collect data efficiently and consistently.

In summary, scripting focuses on creating tailored solutions for specific tasks, while automated collection emphasizes the continuous and systematic gathering of data."
How does hijacking execution flow differ from masquerading a slave device in ICS?,contrastive,"<b>Hijacking execution flow involves taking control of a process or operation within a system, allowing an attacker to manipulate the intended actions of that process. This can lead to unauthorized commands being executed or data being altered without the knowledge of legitimate users.

On the other hand, masquerading a slave device refers to an attacker impersonating a legitimate device within a control system. This allows the attacker to send false data or commands to the system, making it appear as if they are a trusted device. 

The key difference lies in the method of attack: hijacking execution flow focuses on manipulating existing processes, while masquerading involves deception by impersonating devices to gain access or influence over the system.</b>","Hijacking execution flow involves taking control of a process or operation within a system, allowing an attacker to manipulate the intended actions of that process. This can lead to unauthorized commands being executed or data being altered without the knowledge of legitimate users.

On the other hand, masquerading a slave device refers to an attacker impersonating a legitimate device within a control system. This allows the attacker to send false data or commands to the system, making it appear as if they are a trusted device. 

The key difference lies in the method of attack: hijacking execution flow focuses on manipulating existing processes, while masquerading involves deception by impersonating devices to gain access or influence over the system."
How does masquerading differ from deploying a container in ICS?,contrastive,"<b>Masquerading involves disguising the identity of a system or user to gain unauthorized access or to mislead others, often by mimicking legitimate entities. In contrast, deploying a container in an Industrial Control System (ICS) refers to the process of setting up a lightweight, standalone software package that includes everything needed to run a piece of software, such as code, libraries, and dependencies, in a controlled environment. The primary focus of container deployment is on efficiency, scalability, and isolation of applications, rather than on deception or unauthorized access.</b>","Masquerading involves disguising the identity of a system or user to gain unauthorized access or to mislead others, often by mimicking legitimate entities. In contrast, deploying a container in an Industrial Control System (ICS) refers to the process of setting up a lightweight, standalone software package that includes everything needed to run a piece of software, such as code, libraries, and dependencies, in a controlled environment. The primary focus of container deployment is on efficiency, scalability, and isolation of applications, rather than on deception or unauthorized access."
How does disabling control logic differ from modifying program state in ICS?,contrastive,"<b>Disabling control logic involves turning off or bypassing the automated decision-making processes that govern the operation of industrial control systems, which can lead to a complete halt in system functionality or a shift to manual control. In contrast, modifying program state refers to changing the current conditions or parameters within the system's operation without necessarily disabling the control logic. This can involve adjusting variables, settings, or configurations that affect how the system operates while still maintaining the underlying control mechanisms.</b>","Disabling control logic involves turning off or bypassing the automated decision-making processes that govern the operation of industrial control systems, which can lead to a complete halt in system functionality or a shift to manual control. In contrast, modifying program state refers to changing the current conditions or parameters within the system's operation without necessarily disabling the control logic. This can involve adjusting variables, settings, or configurations that affect how the system operates while still maintaining the underlying control mechanisms."
How does deploying a virtual system differ from using remote access tools in ICS?,contrastive,"<b>Deploying a virtual system involves creating a virtualized environment that can run multiple instances of operating systems or applications on a single physical machine. This allows for better resource management, scalability, and isolation of different systems. In contrast, using remote access tools in an Industrial Control System (ICS) typically involves connecting to existing systems or devices from a remote location to monitor or control them. Remote access tools provide a way to interact with the systems without needing to be physically present, but they do not create a separate virtual environment. 

In summary, deploying a virtual system focuses on creating and managing virtual environments, while remote access tools facilitate remote interaction with existing systems.</b>","Deploying a virtual system involves creating a virtualized environment that can run multiple instances of operating systems or applications on a single physical machine. This allows for better resource management, scalability, and isolation of different systems. In contrast, using remote access tools in an Industrial Control System (ICS) typically involves connecting to existing systems or devices from a remote location to monitor or control them. Remote access tools provide a way to interact with the systems without needing to be physically present, but they do not create a separate virtual environment. 

In summary, deploying a virtual system focuses on creating and managing virtual environments, while remote access tools facilitate remote interaction with existing systems."
How does automated collection differ from scripting in ICS?,contrastive,"<b>Automated collection involves the use of tools and systems to gather data or information without manual intervention, often in real-time or on a scheduled basis. This process is typically designed to streamline data acquisition and ensure consistency and accuracy.

On the other hand, scripting in ICS (Industrial Control Systems) refers to the creation of scripts or code that automate specific tasks or processes within the system. Scripting can be used to perform a variety of functions, such as data manipulation, system configuration, or triggering actions based on certain conditions.

In summary, automated collection focuses on the gathering of data, while scripting is more about automating specific tasks or processes within the system.</b>","Automated collection involves the use of tools and systems to gather data or information without manual intervention, often in real-time or on a scheduled basis. This process is typically designed to streamline data acquisition and ensure consistency and accuracy.

On the other hand, scripting in ICS (Industrial Control Systems) refers to the creation of scripts or code that automate specific tasks or processes within the system. Scripting can be used to perform a variety of functions, such as data manipulation, system configuration, or triggering actions based on certain conditions.

In summary, automated collection focuses on the gathering of data, while scripting is more about automating specific tasks or processes within the system."
How does spoofing reporting messages differ from spoofing command messages in ICS?,contrastive,"<b>Spoofing reporting messages in an Industrial Control System (ICS) typically involves the manipulation or falsification of data that is sent to monitoring systems or operators. This can lead to incorrect assessments of system status or performance, as the reporting messages may present false information about the state of equipment or processes.

On the other hand, spoofing command messages involves the unauthorized sending of commands to control devices or systems within the ICS. This can result in the execution of unintended actions, potentially leading to operational disruptions or safety hazards, as the system may respond to these fraudulent commands as if they were legitimate.

In summary, the key difference lies in the nature of the messages: reporting messages focus on data presentation and status updates, while command messages directly influence the operation and control of the system.</b>","Spoofing reporting messages in an Industrial Control System (ICS) typically involves the manipulation or falsification of data that is sent to monitoring systems or operators. This can lead to incorrect assessments of system status or performance, as the reporting messages may present false information about the state of equipment or processes.

On the other hand, spoofing command messages involves the unauthorized sending of commands to control devices or systems within the ICS. This can result in the execution of unintended actions, potentially leading to operational disruptions or safety hazards, as the system may respond to these fraudulent commands as if they were legitimate.

In summary, the key difference lies in the nature of the messages: reporting messages focus on data presentation and status updates, while command messages directly influence the operation and control of the system."
How does blocking control messages differ from blocking reporting messages in ICS?,contrastive,"<b>Blocking control messages involves preventing the transmission of commands or instructions that can alter the state of a system or process, thereby maintaining the current operational status. In contrast, blocking reporting messages focuses on stopping the flow of information that provides feedback or status updates about the system's performance or conditions. While both types of blocking aim to manage communication within an Industrial Control System (ICS), they serve different purposes: one is about controlling actions, and the other is about managing information flow.</b>","Blocking control messages involves preventing the transmission of commands or instructions that can alter the state of a system or process, thereby maintaining the current operational status. In contrast, blocking reporting messages focuses on stopping the flow of information that provides feedback or status updates about the system's performance or conditions. While both types of blocking aim to manage communication within an Industrial Control System (ICS), they serve different purposes: one is about controlling actions, and the other is about managing information flow."
How does intercepting network traffic differ from modifying network data in ICS?,contrastive,"<b>Intercepting network traffic involves capturing and analyzing the data packets that are transmitted over a network without altering them. This process allows for monitoring and understanding the flow of information, identifying potential security threats, or troubleshooting network issues.

On the other hand, modifying network data refers to the act of altering the content of the data packets as they are transmitted across the network. This can involve changing commands, injecting malicious data, or manipulating the information being sent to achieve a specific outcome, which can lead to unauthorized actions or disruptions in the system.

In summary, intercepting focuses on observation and analysis, while modifying involves active changes to the data being transmitted.</b>","Intercepting network traffic involves capturing and analyzing the data packets that are transmitted over a network without altering them. This process allows for monitoring and understanding the flow of information, identifying potential security threats, or troubleshooting network issues.

On the other hand, modifying network data refers to the act of altering the content of the data packets as they are transmitted across the network. This can involve changing commands, injecting malicious data, or manipulating the information being sent to achieve a specific outcome, which can lead to unauthorized actions or disruptions in the system.

In summary, intercepting focuses on observation and analysis, while modifying involves active changes to the data being transmitted."
How does a rogue slave device differ from a rogue master device in ICS?,contrastive,"<b>A rogue slave device in an Industrial Control System (ICS) typically refers to a device that is unauthorized and attempts to communicate with a master device without proper permissions or authentication. It may send false data or commands, potentially disrupting operations or compromising system integrity.

In contrast, a rogue master device is an unauthorized device that takes control of slave devices, issuing commands and potentially manipulating the system's operations. This can lead to significant risks, as it can override legitimate control and cause widespread issues within the ICS.

In summary, the key difference lies in their roles: rogue slave devices act as unauthorized participants in the communication, while rogue master devices assume control over the communication process itself.</b>","A rogue slave device in an Industrial Control System (ICS) typically refers to a device that is unauthorized and attempts to communicate with a master device without proper permissions or authentication. It may send false data or commands, potentially disrupting operations or compromising system integrity.

In contrast, a rogue master device is an unauthorized device that takes control of slave devices, issuing commands and potentially manipulating the system's operations. This can lead to significant risks, as it can override legitimate control and cause widespread issues within the ICS.

In summary, the key difference lies in their roles: rogue slave devices act as unauthorized participants in the communication, while rogue master devices assume control over the communication process itself."
How does deploying a container differ from deploying a virtual system in ICS?,contrastive,"<b>Deploying a container typically involves packaging an application and its dependencies into a single unit that can run consistently across different computing environments. This process is generally lightweight and allows for rapid scaling and deployment, as containers share the host system's kernel and resources.

In contrast, deploying a virtual system, or virtual machine (VM), involves creating a complete virtualized environment that includes its own operating system and resources. This approach is more resource-intensive, as each VM requires its own operating system instance, leading to higher overhead in terms of memory and processing power.

Overall, container deployment is more efficient and faster, while virtual system deployment offers greater isolation and compatibility with different operating systems.</b>","Deploying a container typically involves packaging an application and its dependencies into a single unit that can run consistently across different computing environments. This process is generally lightweight and allows for rapid scaling and deployment, as containers share the host system's kernel and resources.

In contrast, deploying a virtual system, or virtual machine (VM), involves creating a complete virtualized environment that includes its own operating system and resources. This approach is more resource-intensive, as each VM requires its own operating system instance, leading to higher overhead in terms of memory and processing power.

Overall, container deployment is more efficient and faster, while virtual system deployment offers greater isolation and compatibility with different operating systems."
How does modifying system firmware differ from modifying system software in ICS?,contrastive,"<b>Modifying system firmware in Industrial Control Systems (ICS) typically involves changes to the low-level software that directly interacts with hardware components. This can include updates to the BIOS or embedded software that controls devices, which often requires specialized knowledge and tools. Such modifications can affect the stability and functionality of the hardware and may require careful validation to ensure compatibility and reliability.

In contrast, modifying system software refers to changes made to the higher-level applications and operating systems that run on the hardware. This can include updates to control applications, user interfaces, or middleware that facilitate communication between different components. While these changes can enhance functionality or security, they generally do not involve the same level of risk to hardware stability as firmware modifications.

Overall, the key difference lies in the level of interaction with the hardware and the potential impact on system stability and performance.</b>","Modifying system firmware in Industrial Control Systems (ICS) typically involves changes to the low-level software that directly interacts with hardware components. This can include updates to the BIOS or embedded software that controls devices, which often requires specialized knowledge and tools. Such modifications can affect the stability and functionality of the hardware and may require careful validation to ensure compatibility and reliability.

In contrast, modifying system software refers to changes made to the higher-level applications and operating systems that run on the hardware. This can include updates to control applications, user interfaces, or middleware that facilitate communication between different components. While these changes can enhance functionality or security, they generally do not involve the same level of risk to hardware stability as firmware modifications.

Overall, the key difference lies in the level of interaction with the hardware and the potential impact on system stability and performance."
How does capturing input data differ from capturing output data in ICS?,contrastive,"<b>Capturing input data in an Industrial Control System (ICS) involves collecting information that is fed into the system for processing, such as sensor readings, user commands, and environmental conditions. This data is essential for monitoring and controlling processes.

In contrast, capturing output data refers to gathering information that results from the system's processing, such as control signals sent to actuators, system performance metrics, and alerts generated by the system. Output data reflects the system's response to the input data and is crucial for evaluating the effectiveness of the control actions taken. 

Overall, the key difference lies in the direction of data flow: input data is what is received by the system, while output data is what is produced by the system.</b>","Capturing input data in an Industrial Control System (ICS) involves collecting information that is fed into the system for processing, such as sensor readings, user commands, and environmental conditions. This data is essential for monitoring and controlling processes.

In contrast, capturing output data refers to gathering information that results from the system's processing, such as control signals sent to actuators, system performance metrics, and alerts generated by the system. Output data reflects the system's response to the input data and is crucial for evaluating the effectiveness of the control actions taken. 

Overall, the key difference lies in the direction of data flow: input data is what is received by the system, while output data is what is produced by the system."
How does using remote access tools differ from remote file copying in ICS?,contrastive,"<b>Using remote access tools typically allows for interactive control of a system, enabling users to perform a wide range of tasks, including running applications, managing files, and configuring settings in real-time. This method often involves a graphical user interface and can facilitate complex operations that require user input.

In contrast, remote file copying focuses specifically on transferring files between systems without the need for interactive control. This process is generally more straightforward and may involve using protocols designed for file transfer, such as FTP or SCP. Remote file copying is typically automated and does not require the user to engage with the system's interface, making it a more efficient option for bulk data transfers or backups. 

Overall, the key difference lies in the level of interaction and the scope of operations that each method supports.</b>","Using remote access tools typically allows for interactive control of a system, enabling users to perform a wide range of tasks, including running applications, managing files, and configuring settings in real-time. This method often involves a graphical user interface and can facilitate complex operations that require user input.

In contrast, remote file copying focuses specifically on transferring files between systems without the need for interactive control. This process is generally more straightforward and may involve using protocols designed for file transfer, such as FTP or SCP. Remote file copying is typically automated and does not require the user to engage with the system's interface, making it a more efficient option for bulk data transfers or backups. 

Overall, the key difference lies in the level of interaction and the scope of operations that each method supports."
How does hijacking execution flow differ from modifying program state in ICS?,contrastive,"<b>Hijacking execution flow involves altering the control flow of a program, allowing an attacker to redirect the execution to malicious code or unintended paths. This can lead to unauthorized actions being performed within the system. In contrast, modifying program state refers to changing the data or variables that a program uses during its execution. This can affect the behavior of the program but does not necessarily change the flow of execution itself. While both techniques can be used to compromise a system, hijacking execution flow typically has a more direct impact on the control and operation of the program, whereas modifying program state may influence outcomes without altering the execution path.</b>","Hijacking execution flow involves altering the control flow of a program, allowing an attacker to redirect the execution to malicious code or unintended paths. This can lead to unauthorized actions being performed within the system. In contrast, modifying program state refers to changing the data or variables that a program uses during its execution. This can affect the behavior of the program but does not necessarily change the flow of execution itself. While both techniques can be used to compromise a system, hijacking execution flow typically has a more direct impact on the control and operation of the program, whereas modifying program state may influence outcomes without altering the execution path."
How does disabling control logic differ from modifying control logic in ICS?,contrastive,"<b>Disabling control logic involves turning off specific functions or operations within an industrial control system (ICS), which can lead to a complete halt of certain processes or systems. This action typically results in a loss of control over the affected operations, potentially leading to safety risks or operational inefficiencies.

On the other hand, modifying control logic refers to changing the existing programming or parameters that govern the behavior of the control system. This can involve adjusting settings, adding new functions, or altering the sequence of operations to improve performance or adapt to new requirements. Unlike disabling, modifying control logic aims to enhance or optimize system functionality while maintaining control over the processes.</b>","Disabling control logic involves turning off specific functions or operations within an industrial control system (ICS), which can lead to a complete halt of certain processes or systems. This action typically results in a loss of control over the affected operations, potentially leading to safety risks or operational inefficiencies.

On the other hand, modifying control logic refers to changing the existing programming or parameters that govern the behavior of the control system. This can involve adjusting settings, adding new functions, or altering the sequence of operations to improve performance or adapt to new requirements. Unlike disabling, modifying control logic aims to enhance or optimize system functionality while maintaining control over the processes."
How does using remote access tools differ from deploying malware in ICS?,contrastive,"<b>Using remote access tools in Industrial Control Systems (ICS) typically involves legitimate access for maintenance, monitoring, or troubleshooting purposes, often with the consent of the system owner. These tools are designed to facilitate remote management and can enhance operational efficiency.

In contrast, deploying malware in ICS is an unauthorized action aimed at compromising system integrity, disrupting operations, or stealing sensitive information. Malware can cause significant harm, including system failures, data breaches, and safety risks, and is generally associated with malicious intent. 

Thus, the key difference lies in the intent and legitimacy of the access: remote access tools are used for constructive purposes, while malware is used for destructive purposes.</b>","Using remote access tools in Industrial Control Systems (ICS) typically involves legitimate access for maintenance, monitoring, or troubleshooting purposes, often with the consent of the system owner. These tools are designed to facilitate remote management and can enhance operational efficiency.

In contrast, deploying malware in ICS is an unauthorized action aimed at compromising system integrity, disrupting operations, or stealing sensitive information. Malware can cause significant harm, including system failures, data breaches, and safety risks, and is generally associated with malicious intent. 

Thus, the key difference lies in the intent and legitimacy of the access: remote access tools are used for constructive purposes, while malware is used for destructive purposes."
How does spoofing command messages differ from blocking reporting messages in ICS?,contrastive,"<b>Spoofing command messages involves sending false commands to an industrial control system (ICS) to manipulate its operations or deceive operators, potentially leading to unauthorized actions or system malfunctions. In contrast, blocking reporting messages refers to preventing the system from receiving critical status updates or alerts, which can hinder the ability to monitor and respond to system conditions effectively. While spoofing focuses on injecting misleading commands, blocking is about obstructing communication and visibility within the system.</b>","Spoofing command messages involves sending false commands to an industrial control system (ICS) to manipulate its operations or deceive operators, potentially leading to unauthorized actions or system malfunctions. In contrast, blocking reporting messages refers to preventing the system from receiving critical status updates or alerts, which can hinder the ability to monitor and respond to system conditions effectively. While spoofing focuses on injecting misleading commands, blocking is about obstructing communication and visibility within the system."
How does modifying network data differ from modifying program flow in ICS?,contrastive,"<b>Modifying network data involves altering the information that is transmitted over the network, which can affect communication between devices and systems. This can include changing packets, manipulating data payloads, or intercepting and rerouting messages. Such modifications can impact the integrity and confidentiality of the data being exchanged.

On the other hand, modifying program flow in an Industrial Control System (ICS) refers to changing the sequence of operations or the logic that governs how a program executes. This can involve altering control logic, changing the order of operations, or introducing new conditions that affect how processes are managed. Modifying program flow can directly influence the behavior of the system, potentially leading to unintended consequences in operations or safety.

In summary, the key difference lies in the focus: modifying network data affects communication and data integrity, while modifying program flow impacts the operational logic and behavior of the system itself.</b>","Modifying network data involves altering the information that is transmitted over the network, which can affect communication between devices and systems. This can include changing packets, manipulating data payloads, or intercepting and rerouting messages. Such modifications can impact the integrity and confidentiality of the data being exchanged.

On the other hand, modifying program flow in an Industrial Control System (ICS) refers to changing the sequence of operations or the logic that governs how a program executes. This can involve altering control logic, changing the order of operations, or introducing new conditions that affect how processes are managed. Modifying program flow can directly influence the behavior of the system, potentially leading to unintended consequences in operations or safety.

In summary, the key difference lies in the focus: modifying network data affects communication and data integrity, while modifying program flow impacts the operational logic and behavior of the system itself."
How does modifying device configuration differ from manipulating I/O devices in ICS?,contrastive,"<b>Modifying device configuration involves changing the settings or parameters of a device to optimize its performance or functionality. This can include adjusting network settings, updating firmware, or altering operational parameters to meet specific requirements.

On the other hand, manipulating I/O devices in an Industrial Control System (ICS) refers to the direct interaction with input and output devices that are part of the control process. This can involve sending commands to actuators, reading sensor data, or managing the flow of information between devices and the control system.

In summary, modifying device configuration focuses on the settings and operational parameters of devices, while manipulating I/O devices involves the actual control and data exchange processes within the ICS.</b>","Modifying device configuration involves changing the settings or parameters of a device to optimize its performance or functionality. This can include adjusting network settings, updating firmware, or altering operational parameters to meet specific requirements.

On the other hand, manipulating I/O devices in an Industrial Control System (ICS) refers to the direct interaction with input and output devices that are part of the control process. This can involve sending commands to actuators, reading sensor data, or managing the flow of information between devices and the control system.

In summary, modifying device configuration focuses on the settings and operational parameters of devices, while manipulating I/O devices involves the actual control and data exchange processes within the ICS."
How does capturing output data differ from blocking data from a field device in ICS?,contrastive,"<b>Capturing output data from a field device in an Industrial Control System (ICS) involves collecting and recording the data generated by the device for monitoring, analysis, or reporting purposes. This process allows for the assessment of the device's performance and the overall system operation.

In contrast, blocking data from a field device refers to preventing the transmission of data from that device to the control system or other components. This can be done for various reasons, such as security measures, maintenance, or to prevent erroneous data from affecting system operations. Blocking data effectively isolates the device from the system, whereas capturing data allows for its integration and utilization within the system.</b>","Capturing output data from a field device in an Industrial Control System (ICS) involves collecting and recording the data generated by the device for monitoring, analysis, or reporting purposes. This process allows for the assessment of the device's performance and the overall system operation.

In contrast, blocking data from a field device refers to preventing the transmission of data from that device to the control system or other components. This can be done for various reasons, such as security measures, maintenance, or to prevent erroneous data from affecting system operations. Blocking data effectively isolates the device from the system, whereas capturing data allows for its integration and utilization within the system."
How does spoofing reporting messages differ from blocking data from a field device in ICS?,contrastive,"<b>Spoofing reporting messages involves the manipulation or falsification of data sent from a device to create a misleading representation of the system's status. This can lead to incorrect interpretations and decisions based on the altered information. 

On the other hand, blocking data from a field device in an Industrial Control System (ICS) refers to the prevention of any data transmission from that device to the control system. This action stops the flow of information entirely, which can disrupt monitoring and control processes but does not involve altering the data itself. 

In summary, spoofing changes the content of the messages being reported, while blocking prevents any messages from being sent at all.</b>","Spoofing reporting messages involves the manipulation or falsification of data sent from a device to create a misleading representation of the system's status. This can lead to incorrect interpretations and decisions based on the altered information. 

On the other hand, blocking data from a field device in an Industrial Control System (ICS) refers to the prevention of any data transmission from that device to the control system. This action stops the flow of information entirely, which can disrupt monitoring and control processes but does not involve altering the data itself. 

In summary, spoofing changes the content of the messages being reported, while blocking prevents any messages from being sent at all."
How does capturing input data differ from remote file copying in ICS?,contrastive,"<b>Capturing input data involves collecting and processing data directly from user interactions or system inputs, often in real-time, to analyze or utilize that information immediately. In contrast, remote file copying refers to the transfer of files from one location to another over a network, which typically involves moving pre-existing data rather than capturing new input. The key difference lies in the nature of the data being handled: capturing input data focuses on real-time interaction, while remote file copying deals with the transfer of static files.</b>","Capturing input data involves collecting and processing data directly from user interactions or system inputs, often in real-time, to analyze or utilize that information immediately. In contrast, remote file copying refers to the transfer of files from one location to another over a network, which typically involves moving pre-existing data rather than capturing new input. The key difference lies in the nature of the data being handled: capturing input data focuses on real-time interaction, while remote file copying deals with the transfer of static files."
How does masquerading a slave device differ from modifying program state in ICS?,contrastive,"<b>Masquerading a slave device involves impersonating a legitimate device within a system, allowing an unauthorized entity to communicate as if it were that device. This can lead to unauthorized access and manipulation of data or commands. In contrast, modifying program state in an Industrial Control System (ICS) refers to changing the internal variables or conditions of a program that controls industrial processes. This alteration can affect the operation of the system directly, potentially leading to unsafe conditions or operational failures. The key difference lies in the method of attack: masquerading focuses on deception and impersonation, while modifying program state involves direct manipulation of the system's operational parameters.</b>","Masquerading a slave device involves impersonating a legitimate device within a system, allowing an unauthorized entity to communicate as if it were that device. This can lead to unauthorized access and manipulation of data or commands. In contrast, modifying program state in an Industrial Control System (ICS) refers to changing the internal variables or conditions of a program that controls industrial processes. This alteration can affect the operation of the system directly, potentially leading to unsafe conditions or operational failures. The key difference lies in the method of attack: masquerading focuses on deception and impersonation, while modifying program state involves direct manipulation of the system's operational parameters."
How does deploying a container differ from remote file copying in ICS?,contrastive,"<b>Deploying a container involves packaging an application and its dependencies into a single unit that can be run consistently across different environments. This process typically includes creating a container image, which is then deployed to a container orchestration platform or runtime environment. The deployment process often involves managing configurations, networking, and resource allocation.

In contrast, remote file copying simply involves transferring files from one location to another, often using protocols like SCP or FTP. This process does not encapsulate the application or its dependencies and does not involve the complexities of managing runtime environments or configurations.

Overall, deploying a container is a more comprehensive approach that ensures the application runs in a consistent environment, while remote file copying is a straightforward method of moving files without the additional layers of management and orchestration.</b>","Deploying a container involves packaging an application and its dependencies into a single unit that can be run consistently across different environments. This process typically includes creating a container image, which is then deployed to a container orchestration platform or runtime environment. The deployment process often involves managing configurations, networking, and resource allocation.

In contrast, remote file copying simply involves transferring files from one location to another, often using protocols like SCP or FTP. This process does not encapsulate the application or its dependencies and does not involve the complexities of managing runtime environments or configurations.

Overall, deploying a container is a more comprehensive approach that ensures the application runs in a consistent environment, while remote file copying is a straightforward method of moving files without the additional layers of management and orchestration."
What steps can be taken to prevent data encryption in future ransomware attacks?,factual,"<b>To prevent data encryption in future ransomware attacks, consider implementing the following steps:

1. **Regular Backups**: Maintain up-to-date backups of critical data and store them in a secure location, preferably offline or in a cloud service with strong security measures.

2. **Security Software**: Use reputable antivirus and anti-malware software that includes real-time protection and regularly update it to defend against the latest threats.

3. **User Education**: Train employees on recognizing phishing attempts and suspicious links or attachments, as these are common entry points for ransomware.

4. **Access Controls**: Limit user permissions to only what is necessary for their roles, reducing the potential impact of a ransomware attack.

5. **Patch Management**: Regularly update and patch operating systems, applications, and software to fix vulnerabilities that could be exploited by ransomware.

6. **Network Segmentation**: Divide the network into segments to contain potential ransomware spread and protect critical systems.

7. **Incident Response Plan**: Develop and regularly test an incident response plan to ensure a quick and effective response to any ransomware attack.

8. **Email Filtering**: Implement advanced email filtering solutions to block malicious emails before they reach users.

9. **Multi-Factor Authentication (MFA)**: Use MFA for accessing sensitive systems and data to add an extra layer of security.

10. **Monitoring and Detection**: Employ monitoring tools to detect unusual activity on the network that may indicate a ransomware attack in progress. 

By taking these proactive measures, organizations can significantly reduce the risk of data encryption during ransomware attacks.</b>","To prevent data encryption in future ransomware attacks, consider implementing the following steps:

1. **Regular Backups**: Maintain up-to-date backups of critical data and store them in a secure location, preferably offline or in a cloud service with strong security measures.

2. **Security Software**: Use reputable antivirus and anti-malware software that includes real-time protection and regularly update it to defend against the latest threats.

3. **User Education**: Train employees on recognizing phishing attempts and suspicious links or attachments, as these are common entry points for ransomware.

4. **Access Controls**: Limit user permissions to only what is necessary for their roles, reducing the potential impact of a ransomware attack.

5. **Patch Management**: Regularly update and patch operating systems, applications, and software to fix vulnerabilities that could be exploited by ransomware.

6. **Network Segmentation**: Divide the network into segments to contain potential ransomware spread and protect critical systems.

7. **Incident Response Plan**: Develop and regularly test an incident response plan to ensure a quick and effective response to any ransomware attack.

8. **Email Filtering**: Implement advanced email filtering solutions to block malicious emails before they reach users.

9. **Multi-Factor Authentication (MFA)**: Use MFA for accessing sensitive systems and data to add an extra layer of security.

10. **Monitoring and Detection**: Employ monitoring tools to detect unusual activity on the network that may indicate a ransomware attack in progress. 

By taking these proactive measures, organizations can significantly reduce the risk of data encryption during ransomware attacks."
How can power grids protect their control systems from similar cyberattacks in the future?,contrastive,"<b>Power grids can enhance the protection of their control systems from cyberattacks by implementing several key strategies. These include:

1. **Regular Security Audits**: Conducting frequent assessments of the security measures in place to identify vulnerabilities and address them promptly.

2. **Network Segmentation**: Isolating critical control systems from other networks to limit access and reduce the risk of widespread compromise.

3. **Intrusion Detection Systems**: Deploying advanced monitoring tools that can detect unusual activities or potential breaches in real-time.

4. **Employee Training**: Providing ongoing training for staff on cybersecurity best practices to ensure they are aware of potential threats and how to respond.

5. **Patch Management**: Keeping all software and systems up to date with the latest security patches to protect against known vulnerabilities.

6. **Incident Response Plans**: Developing and regularly updating incident response plans to ensure a swift and effective reaction to any security breaches.

7. **Collaboration with Cybersecurity Experts**: Engaging with cybersecurity professionals and organizations to stay informed about the latest threats and defense strategies.

By adopting these measures, power grids can significantly enhance the resilience of their control systems against future cyber threats.</b>","Power grids can enhance the protection of their control systems from cyberattacks by implementing several key strategies. These include:

1. **Regular Security Audits**: Conducting frequent assessments of the security measures in place to identify vulnerabilities and address them promptly.

2. **Network Segmentation**: Isolating critical control systems from other networks to limit access and reduce the risk of widespread compromise.

3. **Intrusion Detection Systems**: Deploying advanced monitoring tools that can detect unusual activities or potential breaches in real-time.

4. **Employee Training**: Providing ongoing training for staff on cybersecurity best practices to ensure they are aware of potential threats and how to respond.

5. **Patch Management**: Keeping all software and systems up to date with the latest security patches to protect against known vulnerabilities.

6. **Incident Response Plans**: Developing and regularly updating incident response plans to ensure a swift and effective reaction to any security breaches.

7. **Collaboration with Cybersecurity Experts**: Engaging with cybersecurity professionals and organizations to stay informed about the latest threats and defense strategies.

By adopting these measures, power grids can significantly enhance the resilience of their control systems against future cyber threats."
What can be done to mitigate the impact of zero-day vulnerabilities in ICS environments?,inferential,"<b>To mitigate the impact of zero-day vulnerabilities in Industrial Control Systems (ICS) environments, several strategies can be implemented:

1. **Regular Software Updates**: Ensure that all software and firmware are kept up to date with the latest security patches to reduce the risk of exploitation.

2. **Network Segmentation**: Isolate ICS networks from other networks to limit the potential spread of an attack and protect critical systems.

3. **Intrusion Detection Systems (IDS)**: Deploy IDS to monitor network traffic for unusual patterns that may indicate an attack, allowing for quicker response times.

4. **Access Controls**: Implement strict access controls and authentication measures to limit who can access ICS systems and data.

5. **Incident Response Planning**: Develop and regularly update an incident response plan to ensure preparedness for potential security breaches.

6. **Security Awareness Training**: Provide training for employees on recognizing and responding to security threats, including phishing attacks that could lead to zero-day vulnerabilities.

7. **Vulnerability Management**: Conduct regular vulnerability assessments and penetration testing to identify and address potential weaknesses in the system.

8. **Backup and Recovery Solutions**: Maintain regular backups of critical data and systems to ensure quick recovery in the event of a successful attack.

By employing these strategies, organizations can enhance their resilience against zero-day vulnerabilities in ICS environments.</b>","To mitigate the impact of zero-day vulnerabilities in Industrial Control Systems (ICS) environments, several strategies can be implemented:

1. **Regular Software Updates**: Ensure that all software and firmware are kept up to date with the latest security patches to reduce the risk of exploitation.

2. **Network Segmentation**: Isolate ICS networks from other networks to limit the potential spread of an attack and protect critical systems.

3. **Intrusion Detection Systems (IDS)**: Deploy IDS to monitor network traffic for unusual patterns that may indicate an attack, allowing for quicker response times.

4. **Access Controls**: Implement strict access controls and authentication measures to limit who can access ICS systems and data.

5. **Incident Response Planning**: Develop and regularly update an incident response plan to ensure preparedness for potential security breaches.

6. **Security Awareness Training**: Provide training for employees on recognizing and responding to security threats, including phishing attacks that could lead to zero-day vulnerabilities.

7. **Vulnerability Management**: Conduct regular vulnerability assessments and penetration testing to identify and address potential weaknesses in the system.

8. **Backup and Recovery Solutions**: Maintain regular backups of critical data and systems to ensure quick recovery in the event of a successful attack.

By employing these strategies, organizations can enhance their resilience against zero-day vulnerabilities in ICS environments."
What measures can be implemented to prevent data exfiltration in ICS environments?,factual,"<b>To prevent data exfiltration in Industrial Control System (ICS) environments, several measures can be implemented:

1. **Network Segmentation**: Isolate ICS networks from corporate networks and the internet to limit access and reduce the attack surface.

2. **Access Controls**: Implement strict access controls and authentication mechanisms to ensure that only authorized personnel can access sensitive data and systems.

3. **Data Encryption**: Use encryption for data at rest and in transit to protect sensitive information from unauthorized access.

4. **Monitoring and Logging**: Continuously monitor network traffic and maintain logs to detect unusual activities that may indicate data exfiltration attempts.

5. **Intrusion Detection Systems (IDS)**: Deploy IDS to identify and alert on potential security breaches or unauthorized data transfers.

6. **Regular Security Audits**: Conduct regular security assessments and audits to identify vulnerabilities and ensure compliance with security policies.

7. **Employee Training**: Provide training for employees on security best practices and the importance of safeguarding sensitive data.

8. **Incident Response Plan**: Develop and maintain an incident response plan to quickly address any data exfiltration incidents that may occur.

9. **Data Loss Prevention (DLP) Solutions**: Implement DLP technologies to monitor and control data transfers, preventing unauthorized data movement.

10. **Patch Management**: Regularly update and patch systems to protect against known vulnerabilities that could be exploited for data exfiltration. 

By combining these measures, organizations can significantly enhance their defenses against data exfiltration in ICS environments.</b>","To prevent data exfiltration in Industrial Control System (ICS) environments, several measures can be implemented:

1. **Network Segmentation**: Isolate ICS networks from corporate networks and the internet to limit access and reduce the attack surface.

2. **Access Controls**: Implement strict access controls and authentication mechanisms to ensure that only authorized personnel can access sensitive data and systems.

3. **Data Encryption**: Use encryption for data at rest and in transit to protect sensitive information from unauthorized access.

4. **Monitoring and Logging**: Continuously monitor network traffic and maintain logs to detect unusual activities that may indicate data exfiltration attempts.

5. **Intrusion Detection Systems (IDS)**: Deploy IDS to identify and alert on potential security breaches or unauthorized data transfers.

6. **Regular Security Audits**: Conduct regular security assessments and audits to identify vulnerabilities and ensure compliance with security policies.

7. **Employee Training**: Provide training for employees on security best practices and the importance of safeguarding sensitive data.

8. **Incident Response Plan**: Develop and maintain an incident response plan to quickly address any data exfiltration incidents that may occur.

9. **Data Loss Prevention (DLP) Solutions**: Implement DLP technologies to monitor and control data transfers, preventing unauthorized data movement.

10. **Patch Management**: Regularly update and patch systems to protect against known vulnerabilities that could be exploited for data exfiltration. 

By combining these measures, organizations can significantly enhance their defenses against data exfiltration in ICS environments."
How can critical infrastructure defend against DDoS attacks targeting ICS networks?,inferential,"<b>To defend against DDoS attacks targeting ICS networks, critical infrastructure can implement several strategies:

1. **Traffic Filtering**: Use firewalls and intrusion detection systems to filter out malicious traffic before it reaches the ICS network.

2. **Rate Limiting**: Set limits on the number of requests a server can handle from a single IP address to mitigate the impact of DDoS attacks.

3. **Redundancy**: Establish redundant systems and network paths to ensure that if one component is overwhelmed, others can take over.

4. **Load Balancing**: Distribute incoming traffic across multiple servers to prevent any single server from becoming a bottleneck.

5. **Anomaly Detection**: Employ advanced monitoring tools to detect unusual traffic patterns that may indicate a DDoS attack, allowing for quicker response.

6. **Incident Response Plan**: Develop and regularly update an incident response plan specifically for DDoS attacks, ensuring that all personnel are trained and aware of their roles.

7. **Collaboration with ISPs**: Work with Internet Service Providers to identify and mitigate attacks upstream before they reach the ICS network.

8. **Regular Security Audits**: Conduct frequent assessments of the network and systems to identify vulnerabilities that could be exploited during an attack.

By implementing these measures, critical infrastructure can enhance its resilience against DDoS attacks targeting ICS networks.</b>","To defend against DDoS attacks targeting ICS networks, critical infrastructure can implement several strategies:

1. **Traffic Filtering**: Use firewalls and intrusion detection systems to filter out malicious traffic before it reaches the ICS network.

2. **Rate Limiting**: Set limits on the number of requests a server can handle from a single IP address to mitigate the impact of DDoS attacks.

3. **Redundancy**: Establish redundant systems and network paths to ensure that if one component is overwhelmed, others can take over.

4. **Load Balancing**: Distribute incoming traffic across multiple servers to prevent any single server from becoming a bottleneck.

5. **Anomaly Detection**: Employ advanced monitoring tools to detect unusual traffic patterns that may indicate a DDoS attack, allowing for quicker response.

6. **Incident Response Plan**: Develop and regularly update an incident response plan specifically for DDoS attacks, ensuring that all personnel are trained and aware of their roles.

7. **Collaboration with ISPs**: Work with Internet Service Providers to identify and mitigate attacks upstream before they reach the ICS network.

8. **Regular Security Audits**: Conduct frequent assessments of the network and systems to identify vulnerabilities that could be exploited during an attack.

By implementing these measures, critical infrastructure can enhance its resilience against DDoS attacks targeting ICS networks."
What preventive measures can reduce the risk of spear-phishing attacks in ICS environments?,factual,"<b>To reduce the risk of spear-phishing attacks in ICS environments, several preventive measures can be implemented:

1. **Employee Training**: Regularly educate employees about the dangers of spear-phishing and how to recognize suspicious emails or messages.

2. **Email Filtering**: Utilize advanced email filtering solutions to detect and block phishing attempts before they reach users' inboxes.

3. **Multi-Factor Authentication (MFA)**: Implement MFA for accessing critical systems to add an extra layer of security beyond just passwords.

4. **Regular Software Updates**: Keep all software and systems updated to protect against vulnerabilities that could be exploited by attackers.

5. **Incident Response Plan**: Develop and maintain an incident response plan that includes procedures for responding to phishing attempts.

6. **Access Controls**: Limit access to sensitive information and systems based on the principle of least privilege, ensuring that only authorized personnel can access critical resources.

7. **Phishing Simulations**: Conduct regular phishing simulation exercises to test employees' awareness and response to potential phishing attacks.

8. **Monitoring and Reporting**: Establish a system for monitoring and reporting suspicious activities, allowing for quick action if a phishing attempt is detected.

By implementing these measures, organizations can significantly enhance their defenses against spear-phishing attacks in ICS environments.</b>","To reduce the risk of spear-phishing attacks in ICS environments, several preventive measures can be implemented:

1. **Employee Training**: Regularly educate employees about the dangers of spear-phishing and how to recognize suspicious emails or messages.

2. **Email Filtering**: Utilize advanced email filtering solutions to detect and block phishing attempts before they reach users' inboxes.

3. **Multi-Factor Authentication (MFA)**: Implement MFA for accessing critical systems to add an extra layer of security beyond just passwords.

4. **Regular Software Updates**: Keep all software and systems updated to protect against vulnerabilities that could be exploited by attackers.

5. **Incident Response Plan**: Develop and maintain an incident response plan that includes procedures for responding to phishing attempts.

6. **Access Controls**: Limit access to sensitive information and systems based on the principle of least privilege, ensuring that only authorized personnel can access critical resources.

7. **Phishing Simulations**: Conduct regular phishing simulation exercises to test employees' awareness and response to potential phishing attacks.

8. **Monitoring and Reporting**: Establish a system for monitoring and reporting suspicious activities, allowing for quick action if a phishing attempt is detected.

By implementing these measures, organizations can significantly enhance their defenses against spear-phishing attacks in ICS environments."
What steps can be taken to strengthen authentication mechanisms in ICS environments?,factual,"<b>To strengthen authentication mechanisms in ICS (Industrial Control Systems) environments, consider the following steps:

1. **Implement Multi-Factor Authentication (MFA)**: Require multiple forms of verification before granting access to systems, such as a combination of passwords, smart cards, or biometric data.

2. **Use Strong Password Policies**: Enforce complex password requirements, including length, character variety, and regular updates to reduce the risk of unauthorized access.

3. **Limit User Access**: Apply the principle of least privilege by ensuring users have only the access necessary for their roles, and regularly review and adjust permissions as needed.

4. **Regularly Update and Patch Systems**: Keep all software and firmware up to date to protect against vulnerabilities that could be exploited to bypass authentication.

5. **Monitor and Audit Access Logs**: Continuously monitor user access and authentication attempts, and conduct regular audits to identify any suspicious activity or potential breaches.

6. **Educate and Train Personnel**: Provide training for employees on the importance of secure authentication practices and how to recognize phishing attempts or other security threats.

7. **Implement Role-Based Access Control (RBAC)**: Define roles within the organization and assign permissions based on those roles to streamline access management and enhance security.

8. **Utilize Secure Communication Protocols**: Ensure that all communications within the ICS environment are encrypted to protect against interception and unauthorized access.

9. **Conduct Regular Security Assessments**: Perform vulnerability assessments and penetration testing to identify weaknesses in authentication mechanisms and address them proactively.

10. **Establish Incident Response Plans**: Develop and maintain a response plan for authentication-related incidents to ensure quick and effective action in the event of a security breach. 

By following these steps, organizations can significantly enhance the security of their authentication mechanisms in ICS environments.</b>","To strengthen authentication mechanisms in ICS (Industrial Control Systems) environments, consider the following steps:

1. **Implement Multi-Factor Authentication (MFA)**: Require multiple forms of verification before granting access to systems, such as a combination of passwords, smart cards, or biometric data.

2. **Use Strong Password Policies**: Enforce complex password requirements, including length, character variety, and regular updates to reduce the risk of unauthorized access.

3. **Limit User Access**: Apply the principle of least privilege by ensuring users have only the access necessary for their roles, and regularly review and adjust permissions as needed.

4. **Regularly Update and Patch Systems**: Keep all software and firmware up to date to protect against vulnerabilities that could be exploited to bypass authentication.

5. **Monitor and Audit Access Logs**: Continuously monitor user access and authentication attempts, and conduct regular audits to identify any suspicious activity or potential breaches.

6. **Educate and Train Personnel**: Provide training for employees on the importance of secure authentication practices and how to recognize phishing attempts or other security threats.

7. **Implement Role-Based Access Control (RBAC)**: Define roles within the organization and assign permissions based on those roles to streamline access management and enhance security.

8. **Utilize Secure Communication Protocols**: Ensure that all communications within the ICS environment are encrypted to protect against interception and unauthorized access.

9. **Conduct Regular Security Assessments**: Perform vulnerability assessments and penetration testing to identify weaknesses in authentication mechanisms and address them proactively.

10. **Establish Incident Response Plans**: Develop and maintain a response plan for authentication-related incidents to ensure quick and effective action in the event of a security breach. 

By following these steps, organizations can significantly enhance the security of their authentication mechanisms in ICS environments."
How can ICS environments better secure their supply chains to prevent third-party risks?,inferential,"<b>To better secure their supply chains and prevent third-party risks, ICS environments can implement several strategies:

1. **Conduct Thorough Risk Assessments**: Regularly evaluate the security posture of third-party vendors and partners to identify potential vulnerabilities.

2. **Establish Strong Vendor Management Policies**: Develop and enforce policies that require vendors to adhere to specific security standards and practices.

3. **Implement Access Controls**: Limit access to critical systems and data for third parties, ensuring that only authorized personnel can interact with sensitive information.

4. **Monitor Third-Party Activities**: Continuously monitor the activities of third-party vendors to detect any unusual behavior or potential security breaches.

5. **Enhance Incident Response Plans**: Create and regularly update incident response plans that include protocols for dealing with third-party security incidents.

6. **Provide Security Training**: Offer training programs for employees and third-party vendors to raise awareness about security best practices and potential threats.

7. **Utilize Technology Solutions**: Invest in security technologies such as intrusion detection systems, firewalls, and encryption to protect sensitive data shared with third parties.

8. **Foster Open Communication**: Maintain clear lines of communication with third-party vendors to ensure that security concerns are promptly addressed and resolved.

By adopting these measures, ICS environments can strengthen their supply chain security and mitigate third-party risks effectively.</b>","To better secure their supply chains and prevent third-party risks, ICS environments can implement several strategies:

1. **Conduct Thorough Risk Assessments**: Regularly evaluate the security posture of third-party vendors and partners to identify potential vulnerabilities.

2. **Establish Strong Vendor Management Policies**: Develop and enforce policies that require vendors to adhere to specific security standards and practices.

3. **Implement Access Controls**: Limit access to critical systems and data for third parties, ensuring that only authorized personnel can interact with sensitive information.

4. **Monitor Third-Party Activities**: Continuously monitor the activities of third-party vendors to detect any unusual behavior or potential security breaches.

5. **Enhance Incident Response Plans**: Create and regularly update incident response plans that include protocols for dealing with third-party security incidents.

6. **Provide Security Training**: Offer training programs for employees and third-party vendors to raise awareness about security best practices and potential threats.

7. **Utilize Technology Solutions**: Invest in security technologies such as intrusion detection systems, firewalls, and encryption to protect sensitive data shared with third parties.

8. **Foster Open Communication**: Maintain clear lines of communication with third-party vendors to ensure that security concerns are promptly addressed and resolved.

By adopting these measures, ICS environments can strengthen their supply chain security and mitigate third-party risks effectively."
What security practices can prevent unauthorized remote access to control systems in ICS?,factual,"<b>To prevent unauthorized remote access to control systems in Industrial Control Systems (ICS), several security practices can be implemented:

1. **Network Segmentation**: Isolate control systems from other networks to limit access and reduce the attack surface.

2. **Access Control**: Implement strict access controls, ensuring that only authorized personnel have access to control systems. Use role-based access controls and regularly review permissions.

3. **Strong Authentication**: Utilize multi-factor authentication (MFA) for remote access to enhance security and verify user identities.

4. **Regular Updates and Patching**: Keep all software and firmware up to date to protect against known vulnerabilities.

5. **Intrusion Detection Systems (IDS)**: Deploy IDS to monitor network traffic for suspicious activities and potential breaches.

6. **Firewalls**: Use firewalls to filter incoming and outgoing traffic, allowing only necessary communications to and from control systems.

7. **Encryption**: Encrypt data in transit to protect sensitive information from interception during remote access.

8. **Security Awareness Training**: Provide training for employees on security best practices and the importance of safeguarding control systems.

9. **Incident Response Plan**: Develop and maintain an incident response plan to quickly address any security breaches or unauthorized access attempts.

10. **Regular Security Audits**: Conduct regular security assessments and audits to identify vulnerabilities and ensure compliance with security policies. 

Implementing these practices can significantly enhance the security posture of ICS against unauthorized remote access.</b>","To prevent unauthorized remote access to control systems in Industrial Control Systems (ICS), several security practices can be implemented:

1. **Network Segmentation**: Isolate control systems from other networks to limit access and reduce the attack surface.

2. **Access Control**: Implement strict access controls, ensuring that only authorized personnel have access to control systems. Use role-based access controls and regularly review permissions.

3. **Strong Authentication**: Utilize multi-factor authentication (MFA) for remote access to enhance security and verify user identities.

4. **Regular Updates and Patching**: Keep all software and firmware up to date to protect against known vulnerabilities.

5. **Intrusion Detection Systems (IDS)**: Deploy IDS to monitor network traffic for suspicious activities and potential breaches.

6. **Firewalls**: Use firewalls to filter incoming and outgoing traffic, allowing only necessary communications to and from control systems.

7. **Encryption**: Encrypt data in transit to protect sensitive information from interception during remote access.

8. **Security Awareness Training**: Provide training for employees on security best practices and the importance of safeguarding control systems.

9. **Incident Response Plan**: Develop and maintain an incident response plan to quickly address any security breaches or unauthorized access attempts.

10. **Regular Security Audits**: Conduct regular security assessments and audits to identify vulnerabilities and ensure compliance with security policies. 

Implementing these practices can significantly enhance the security posture of ICS against unauthorized remote access."
How can ICS environments protect against malware spread through removable media?,inferential,"<b>To protect ICS environments against malware spread through removable media, several strategies can be implemented:

1. **Access Control**: Limit the use of removable media by enforcing strict access controls. Only authorized personnel should be allowed to use such devices.

2. **Device Whitelisting**: Implement a whitelisting approach for removable media, allowing only pre-approved devices to connect to the ICS network.

3. **Antivirus and Malware Scanning**: Use robust antivirus solutions to scan all removable media before they are connected to the ICS environment. Regularly update these solutions to ensure they can detect the latest threats.

4. **Data Transfer Policies**: Establish clear policies regarding data transfers. This includes guidelines on what types of data can be transferred and the procedures for doing so safely.

5. **Network Segmentation**: Segment the ICS network from other networks to limit the potential spread of malware. This can help contain any infections that may occur.

6. **User Training**: Provide training for employees on the risks associated with removable media and best practices for safe usage.

7. **Regular Audits**: Conduct regular audits of removable media usage and compliance with security policies to identify and address any vulnerabilities.

8. **Incident Response Plan**: Develop and maintain an incident response plan specifically for malware incidents involving removable media, ensuring quick and effective action can be taken if an infection is detected. 

By implementing these measures, ICS environments can significantly reduce the risk of malware spread through removable media.</b>","To protect ICS environments against malware spread through removable media, several strategies can be implemented:

1. **Access Control**: Limit the use of removable media by enforcing strict access controls. Only authorized personnel should be allowed to use such devices.

2. **Device Whitelisting**: Implement a whitelisting approach for removable media, allowing only pre-approved devices to connect to the ICS network.

3. **Antivirus and Malware Scanning**: Use robust antivirus solutions to scan all removable media before they are connected to the ICS environment. Regularly update these solutions to ensure they can detect the latest threats.

4. **Data Transfer Policies**: Establish clear policies regarding data transfers. This includes guidelines on what types of data can be transferred and the procedures for doing so safely.

5. **Network Segmentation**: Segment the ICS network from other networks to limit the potential spread of malware. This can help contain any infections that may occur.

6. **User Training**: Provide training for employees on the risks associated with removable media and best practices for safe usage.

7. **Regular Audits**: Conduct regular audits of removable media usage and compliance with security policies to identify and address any vulnerabilities.

8. **Incident Response Plan**: Develop and maintain an incident response plan specifically for malware incidents involving removable media, ensuring quick and effective action can be taken if an infection is detected. 

By implementing these measures, ICS environments can significantly reduce the risk of malware spread through removable media."
What strategies can mitigate the risk of insider threats in ICS environments?,factual,"<b>To mitigate the risk of insider threats in Industrial Control Systems (ICS) environments, several strategies can be implemented:

1. **Access Control**: Implement strict access controls to ensure that only authorized personnel have access to critical systems and data. This includes role-based access controls and the principle of least privilege.

2. **Monitoring and Auditing**: Regularly monitor user activities and conduct audits to detect any unusual behavior or unauthorized access attempts. This can help identify potential insider threats early.

3. **Employee Training**: Provide comprehensive training for employees on security best practices, the importance of safeguarding sensitive information, and recognizing potential insider threats.

4. **Incident Response Plan**: Develop and maintain an incident response plan specifically for insider threats. This plan should outline procedures for identifying, reporting, and responding to suspected insider incidents.

5. **Behavioral Analytics**: Utilize behavioral analytics tools to establish baselines for normal user behavior and detect anomalies that may indicate insider threats.

6. **Segmentation of Networks**: Segment networks to limit the potential impact of an insider threat. This can help contain any malicious activity to a specific area of the network.

7. **Regular Security Assessments**: Conduct regular security assessments and penetration testing to identify vulnerabilities within the ICS environment that could be exploited by insiders.

8. **Clear Policies and Procedures**: Establish clear policies and procedures regarding acceptable use, data handling, and reporting suspicious activities. Ensure that all employees are aware of these policies.

By implementing these strategies, organizations can enhance their defenses against insider threats in ICS environments.</b>","To mitigate the risk of insider threats in Industrial Control Systems (ICS) environments, several strategies can be implemented:

1. **Access Control**: Implement strict access controls to ensure that only authorized personnel have access to critical systems and data. This includes role-based access controls and the principle of least privilege.

2. **Monitoring and Auditing**: Regularly monitor user activities and conduct audits to detect any unusual behavior or unauthorized access attempts. This can help identify potential insider threats early.

3. **Employee Training**: Provide comprehensive training for employees on security best practices, the importance of safeguarding sensitive information, and recognizing potential insider threats.

4. **Incident Response Plan**: Develop and maintain an incident response plan specifically for insider threats. This plan should outline procedures for identifying, reporting, and responding to suspected insider incidents.

5. **Behavioral Analytics**: Utilize behavioral analytics tools to establish baselines for normal user behavior and detect anomalies that may indicate insider threats.

6. **Segmentation of Networks**: Segment networks to limit the potential impact of an insider threat. This can help contain any malicious activity to a specific area of the network.

7. **Regular Security Assessments**: Conduct regular security assessments and penetration testing to identify vulnerabilities within the ICS environment that could be exploited by insiders.

8. **Clear Policies and Procedures**: Establish clear policies and procedures regarding acceptable use, data handling, and reporting suspicious activities. Ensure that all employees are aware of these policies.

By implementing these strategies, organizations can enhance their defenses against insider threats in ICS environments."
How can oil refineries ensure their control systems are protected from exploitation?,inferential,"<b>Oil refineries can ensure their control systems are protected from exploitation by implementing a multi-layered security approach. This includes conducting regular risk assessments to identify vulnerabilities, employing robust access controls to limit who can interact with the systems, and utilizing firewalls and intrusion detection systems to monitor and defend against unauthorized access. Additionally, regular software updates and patch management are essential to address known vulnerabilities. Training staff on cybersecurity best practices and incident response can further enhance the overall security posture. Finally, establishing a comprehensive incident response plan will help in quickly addressing any potential breaches.</b>","Oil refineries can ensure their control systems are protected from exploitation by implementing a multi-layered security approach. This includes conducting regular risk assessments to identify vulnerabilities, employing robust access controls to limit who can interact with the systems, and utilizing firewalls and intrusion detection systems to monitor and defend against unauthorized access. Additionally, regular software updates and patch management are essential to address known vulnerabilities. Training staff on cybersecurity best practices and incident response can further enhance the overall security posture. Finally, establishing a comprehensive incident response plan will help in quickly addressing any potential breaches."
What measures can be taken to defend against social engineering attacks in ICS environments?,factual,"<b>To defend against social engineering attacks in ICS (Industrial Control Systems) environments, several measures can be implemented:

1. **Employee Training and Awareness**: Regular training sessions should be conducted to educate employees about the types of social engineering attacks and how to recognize them. This includes phishing, pretexting, and baiting tactics.

2. **Access Control**: Implement strict access control measures to limit who can access sensitive information and systems. This includes using role-based access controls and ensuring that only authorized personnel have access to critical systems.

3. **Incident Response Plan**: Develop and maintain an incident response plan that includes procedures for responding to social engineering attempts. This should involve clear reporting channels for employees to report suspicious activities.

4. **Verification Procedures**: Establish verification procedures for any requests for sensitive information or access to systems. This can include confirming the identity of the requester through a separate communication channel.

5. **Regular Security Audits**: Conduct regular security audits and assessments to identify vulnerabilities within the ICS environment and address them promptly.

6. **Multi-Factor Authentication**: Implement multi-factor authentication for accessing critical systems to add an additional layer of security against unauthorized access.

7. **Physical Security Measures**: Enhance physical security measures to prevent unauthorized access to facilities where ICS systems are located. This can include surveillance cameras, security personnel, and controlled entry points.

8. **Information Sharing**: Participate in information sharing with other organizations and industry groups to stay informed about the latest social engineering tactics and threats.

By adopting these measures, organizations can significantly reduce the risk of falling victim to social engineering attacks in their ICS environments.</b>","To defend against social engineering attacks in ICS (Industrial Control Systems) environments, several measures can be implemented:

1. **Employee Training and Awareness**: Regular training sessions should be conducted to educate employees about the types of social engineering attacks and how to recognize them. This includes phishing, pretexting, and baiting tactics.

2. **Access Control**: Implement strict access control measures to limit who can access sensitive information and systems. This includes using role-based access controls and ensuring that only authorized personnel have access to critical systems.

3. **Incident Response Plan**: Develop and maintain an incident response plan that includes procedures for responding to social engineering attempts. This should involve clear reporting channels for employees to report suspicious activities.

4. **Verification Procedures**: Establish verification procedures for any requests for sensitive information or access to systems. This can include confirming the identity of the requester through a separate communication channel.

5. **Regular Security Audits**: Conduct regular security audits and assessments to identify vulnerabilities within the ICS environment and address them promptly.

6. **Multi-Factor Authentication**: Implement multi-factor authentication for accessing critical systems to add an additional layer of security against unauthorized access.

7. **Physical Security Measures**: Enhance physical security measures to prevent unauthorized access to facilities where ICS systems are located. This can include surveillance cameras, security personnel, and controlled entry points.

8. **Information Sharing**: Participate in information sharing with other organizations and industry groups to stay informed about the latest social engineering tactics and threats.

By adopting these measures, organizations can significantly reduce the risk of falling victim to social engineering attacks in their ICS environments."
How can ICS environments improve network segmentation to enhance security?,inferential,"<b>To improve network segmentation in ICS environments and enhance security, organizations can implement several strategies:

1. **Define Clear Zones**: Establish distinct zones within the network, such as separating operational technology (OT) from information technology (IT) systems. This helps to limit access and reduce the attack surface.

2. **Use Firewalls and Access Controls**: Deploy firewalls between different network segments to control traffic flow. Implement strict access controls to ensure that only authorized personnel and devices can communicate across segments.

3. **Implement Virtual Local Area Networks (VLANs)**: Utilize VLANs to create logical separations within the network. This can help isolate sensitive systems and reduce the risk of lateral movement by attackers.

4. **Regularly Update and Patch Systems**: Ensure that all systems within each segment are regularly updated and patched to protect against vulnerabilities that could be exploited.

5. **Monitor Network Traffic**: Continuously monitor traffic between segments to detect any unusual activity or potential breaches. This can help in identifying and responding to threats in real-time.

6. **Conduct Risk Assessments**: Regularly assess the security posture of each segment to identify vulnerabilities and implement necessary improvements.

7. **Implement Intrusion Detection Systems (IDS)**: Use IDS to monitor and analyze traffic for signs of malicious activity, providing an additional layer of security.

8. **Educate Employees**: Provide training for employees on security best practices and the importance of maintaining segmentation to prevent accidental breaches.

By adopting these measures, ICS environments can significantly enhance their network segmentation and overall security posture.</b>","To improve network segmentation in ICS environments and enhance security, organizations can implement several strategies:

1. **Define Clear Zones**: Establish distinct zones within the network, such as separating operational technology (OT) from information technology (IT) systems. This helps to limit access and reduce the attack surface.

2. **Use Firewalls and Access Controls**: Deploy firewalls between different network segments to control traffic flow. Implement strict access controls to ensure that only authorized personnel and devices can communicate across segments.

3. **Implement Virtual Local Area Networks (VLANs)**: Utilize VLANs to create logical separations within the network. This can help isolate sensitive systems and reduce the risk of lateral movement by attackers.

4. **Regularly Update and Patch Systems**: Ensure that all systems within each segment are regularly updated and patched to protect against vulnerabilities that could be exploited.

5. **Monitor Network Traffic**: Continuously monitor traffic between segments to detect any unusual activity or potential breaches. This can help in identifying and responding to threats in real-time.

6. **Conduct Risk Assessments**: Regularly assess the security posture of each segment to identify vulnerabilities and implement necessary improvements.

7. **Implement Intrusion Detection Systems (IDS)**: Use IDS to monitor and analyze traffic for signs of malicious activity, providing an additional layer of security.

8. **Educate Employees**: Provide training for employees on security best practices and the importance of maintaining segmentation to prevent accidental breaches.

By adopting these measures, ICS environments can significantly enhance their network segmentation and overall security posture."
What security practices can ensure the safe use of VPNs in ICS environments?,factual,"<b>To ensure the safe use of VPNs in Industrial Control System (ICS) environments, consider implementing the following security practices:

1. **Strong Authentication**: Use multi-factor authentication (MFA) to verify the identity of users accessing the VPN.

2. **Encryption**: Ensure that all data transmitted over the VPN is encrypted using strong encryption protocols to protect against eavesdropping.

3. **Access Control**: Implement strict access controls to limit VPN access to authorized personnel only, and regularly review access permissions.

4. **Network Segmentation**: Segment the network to isolate ICS components from other networks, reducing the risk of lateral movement in case of a breach.

5. **Regular Updates and Patching**: Keep VPN software and related systems up to date with the latest security patches to protect against vulnerabilities.

6. **Monitoring and Logging**: Continuously monitor VPN usage and maintain logs to detect any unauthorized access or anomalies in network traffic.

7. **Incident Response Plan**: Develop and maintain an incident response plan specifically for VPN-related security incidents to ensure quick and effective responses.

8. **User Training**: Provide training for users on safe VPN practices and the importance of cybersecurity in ICS environments.

9. **Limit VPN Usage**: Restrict VPN access to only those systems and applications that require it, minimizing potential attack surfaces.

10. **Regular Security Assessments**: Conduct regular security assessments and penetration testing to identify and address vulnerabilities in the VPN setup. 

Implementing these practices can significantly enhance the security of VPNs in ICS environments.</b>","To ensure the safe use of VPNs in Industrial Control System (ICS) environments, consider implementing the following security practices:

1. **Strong Authentication**: Use multi-factor authentication (MFA) to verify the identity of users accessing the VPN.

2. **Encryption**: Ensure that all data transmitted over the VPN is encrypted using strong encryption protocols to protect against eavesdropping.

3. **Access Control**: Implement strict access controls to limit VPN access to authorized personnel only, and regularly review access permissions.

4. **Network Segmentation**: Segment the network to isolate ICS components from other networks, reducing the risk of lateral movement in case of a breach.

5. **Regular Updates and Patching**: Keep VPN software and related systems up to date with the latest security patches to protect against vulnerabilities.

6. **Monitoring and Logging**: Continuously monitor VPN usage and maintain logs to detect any unauthorized access or anomalies in network traffic.

7. **Incident Response Plan**: Develop and maintain an incident response plan specifically for VPN-related security incidents to ensure quick and effective responses.

8. **User Training**: Provide training for users on safe VPN practices and the importance of cybersecurity in ICS environments.

9. **Limit VPN Usage**: Restrict VPN access to only those systems and applications that require it, minimizing potential attack surfaces.

10. **Regular Security Assessments**: Conduct regular security assessments and penetration testing to identify and address vulnerabilities in the VPN setup. 

Implementing these practices can significantly enhance the security of VPNs in ICS environments."
How can ICS environments enhance endpoint security to prevent breaches?,inferential,"<b>To enhance endpoint security in ICS environments and prevent breaches, several strategies can be implemented:

1. **Network Segmentation**: Isolate critical systems and endpoints from less secure networks to limit access and reduce the attack surface.

2. **Access Control**: Implement strict access controls to ensure that only authorized personnel can access sensitive systems and data.

3. **Regular Updates and Patching**: Keep all software and firmware up to date to protect against known vulnerabilities.

4. **Intrusion Detection Systems (IDS)**: Deploy IDS to monitor network traffic for suspicious activities and potential threats.

5. **Endpoint Protection Solutions**: Utilize advanced endpoint protection tools that include antivirus, anti-malware, and behavior-based detection to identify and mitigate threats.

6. **Security Awareness Training**: Educate employees about security best practices and the importance of recognizing potential threats.

7. **Incident Response Planning**: Develop and regularly update an incident response plan to ensure quick and effective action in the event of a security breach.

8. **Data Encryption**: Use encryption for sensitive data both at rest and in transit to protect it from unauthorized access.

By implementing these measures, ICS environments can significantly enhance their endpoint security and reduce the risk of breaches.</b>","To enhance endpoint security in ICS environments and prevent breaches, several strategies can be implemented:

1. **Network Segmentation**: Isolate critical systems and endpoints from less secure networks to limit access and reduce the attack surface.

2. **Access Control**: Implement strict access controls to ensure that only authorized personnel can access sensitive systems and data.

3. **Regular Updates and Patching**: Keep all software and firmware up to date to protect against known vulnerabilities.

4. **Intrusion Detection Systems (IDS)**: Deploy IDS to monitor network traffic for suspicious activities and potential threats.

5. **Endpoint Protection Solutions**: Utilize advanced endpoint protection tools that include antivirus, anti-malware, and behavior-based detection to identify and mitigate threats.

6. **Security Awareness Training**: Educate employees about security best practices and the importance of recognizing potential threats.

7. **Incident Response Planning**: Develop and regularly update an incident response plan to ensure quick and effective action in the event of a security breach.

8. **Data Encryption**: Use encryption for sensitive data both at rest and in transit to protect it from unauthorized access.

By implementing these measures, ICS environments can significantly enhance their endpoint security and reduce the risk of breaches."
What steps can be taken to secure legacy protocols in ICS environments?,factual,"<b>To secure legacy protocols in Industrial Control System (ICS) environments, consider the following steps:

1. **Network Segmentation**: Isolate legacy systems from the main network to limit exposure to potential threats.

2. **Access Control**: Implement strict access controls to ensure that only authorized personnel can interact with legacy systems.

3. **Monitoring and Logging**: Establish continuous monitoring and logging of network traffic and system activities to detect any unusual behavior.

4. **Patch Management**: Regularly apply patches and updates to any components that support legacy protocols, if possible.

5. **Use of Firewalls**: Deploy firewalls to filter traffic and block unauthorized access to legacy systems.

6. **Intrusion Detection Systems (IDS)**: Utilize IDS to identify and respond to potential intrusions targeting legacy protocols.

7. **Encryption**: Where feasible, implement encryption for data transmitted over legacy protocols to protect against eavesdropping.

8. **Regular Security Audits**: Conduct periodic security assessments to identify vulnerabilities and ensure compliance with security policies.

9. **Training and Awareness**: Provide training for staff on the risks associated with legacy protocols and best practices for securing them.

10. **Incident Response Plan**: Develop and maintain an incident response plan specifically tailored for legacy systems to quickly address any security breaches. 

By following these steps, organizations can enhance the security of legacy protocols within their ICS environments.</b>","To secure legacy protocols in Industrial Control System (ICS) environments, consider the following steps:

1. **Network Segmentation**: Isolate legacy systems from the main network to limit exposure to potential threats.

2. **Access Control**: Implement strict access controls to ensure that only authorized personnel can interact with legacy systems.

3. **Monitoring and Logging**: Establish continuous monitoring and logging of network traffic and system activities to detect any unusual behavior.

4. **Patch Management**: Regularly apply patches and updates to any components that support legacy protocols, if possible.

5. **Use of Firewalls**: Deploy firewalls to filter traffic and block unauthorized access to legacy systems.

6. **Intrusion Detection Systems (IDS)**: Utilize IDS to identify and respond to potential intrusions targeting legacy protocols.

7. **Encryption**: Where feasible, implement encryption for data transmitted over legacy protocols to protect against eavesdropping.

8. **Regular Security Audits**: Conduct periodic security assessments to identify vulnerabilities and ensure compliance with security policies.

9. **Training and Awareness**: Provide training for staff on the risks associated with legacy protocols and best practices for securing them.

10. **Incident Response Plan**: Develop and maintain an incident response plan specifically tailored for legacy systems to quickly address any security breaches. 

By following these steps, organizations can enhance the security of legacy protocols within their ICS environments."
How can organizations defend against supply chain attacks on ICS components?,inferential,"<b>Organizations can defend against supply chain attacks on Industrial Control System (ICS) components by implementing several key strategies:

1. **Vendor Assessment**: Conduct thorough assessments of suppliers and vendors to ensure they adhere to security best practices and standards.

2. **Supply Chain Visibility**: Maintain visibility into the entire supply chain, including all components and their origins, to identify potential vulnerabilities.

3. **Risk Management**: Develop a risk management framework that includes regular risk assessments specific to supply chain threats.

4. **Security Standards**: Adopt and enforce security standards and protocols for all ICS components, ensuring that they are regularly updated.

5. **Incident Response Plan**: Establish a robust incident response plan that includes procedures for addressing supply chain attacks.

6. **Employee Training**: Provide training for employees on recognizing and responding to supply chain threats, including phishing and social engineering tactics.

7. **Regular Audits**: Conduct regular audits and assessments of both internal processes and external suppliers to identify and mitigate risks.

8. **Patch Management**: Implement a rigorous patch management process to ensure that all ICS components are up to date with the latest security patches.

9. **Collaboration**: Collaborate with industry peers and government agencies to share information about threats and best practices for supply chain security.

10. **Multi-Factor Authentication**: Use multi-factor authentication for access to critical systems to reduce the risk of unauthorized access.

By integrating these strategies, organizations can enhance their defenses against potential supply chain attacks targeting ICS components.</b>","Organizations can defend against supply chain attacks on Industrial Control System (ICS) components by implementing several key strategies:

1. **Vendor Assessment**: Conduct thorough assessments of suppliers and vendors to ensure they adhere to security best practices and standards.

2. **Supply Chain Visibility**: Maintain visibility into the entire supply chain, including all components and their origins, to identify potential vulnerabilities.

3. **Risk Management**: Develop a risk management framework that includes regular risk assessments specific to supply chain threats.

4. **Security Standards**: Adopt and enforce security standards and protocols for all ICS components, ensuring that they are regularly updated.

5. **Incident Response Plan**: Establish a robust incident response plan that includes procedures for addressing supply chain attacks.

6. **Employee Training**: Provide training for employees on recognizing and responding to supply chain threats, including phishing and social engineering tactics.

7. **Regular Audits**: Conduct regular audits and assessments of both internal processes and external suppliers to identify and mitigate risks.

8. **Patch Management**: Implement a rigorous patch management process to ensure that all ICS components are up to date with the latest security patches.

9. **Collaboration**: Collaborate with industry peers and government agencies to share information about threats and best practices for supply chain security.

10. **Multi-Factor Authentication**: Use multi-factor authentication for access to critical systems to reduce the risk of unauthorized access.

By integrating these strategies, organizations can enhance their defenses against potential supply chain attacks targeting ICS components."
How can ICS environments prevent configuration errors that lead to security breaches?,inferential,"<b>To prevent configuration errors that can lead to security breaches in ICS environments, organizations can implement several best practices:

1. **Standardized Configuration Management**: Establish and maintain standardized configurations for all devices and systems. This includes using templates and baselines to ensure consistency across the environment.

2. **Regular Audits and Reviews**: Conduct regular audits and reviews of configurations to identify and rectify any discrepancies or deviations from the established standards.

3. **Change Management Processes**: Implement a robust change management process that includes thorough testing and validation of configuration changes before they are applied to production systems.

4. **Access Controls**: Enforce strict access controls to limit who can make configuration changes. This includes using role-based access controls and ensuring that only authorized personnel can modify configurations.

5. **Training and Awareness**: Provide ongoing training for staff on the importance of proper configuration management and the potential security implications of errors.

6. **Automated Tools**: Utilize automated configuration management tools that can help detect and correct configuration errors in real-time, reducing the likelihood of human error.

7. **Incident Response Planning**: Develop and maintain an incident response plan that includes procedures for addressing configuration errors and their potential impact on security.

By following these practices, ICS environments can significantly reduce the risk of configuration errors leading to security breaches.</b>","To prevent configuration errors that can lead to security breaches in ICS environments, organizations can implement several best practices:

1. **Standardized Configuration Management**: Establish and maintain standardized configurations for all devices and systems. This includes using templates and baselines to ensure consistency across the environment.

2. **Regular Audits and Reviews**: Conduct regular audits and reviews of configurations to identify and rectify any discrepancies or deviations from the established standards.

3. **Change Management Processes**: Implement a robust change management process that includes thorough testing and validation of configuration changes before they are applied to production systems.

4. **Access Controls**: Enforce strict access controls to limit who can make configuration changes. This includes using role-based access controls and ensuring that only authorized personnel can modify configurations.

5. **Training and Awareness**: Provide ongoing training for staff on the importance of proper configuration management and the potential security implications of errors.

6. **Automated Tools**: Utilize automated configuration management tools that can help detect and correct configuration errors in real-time, reducing the likelihood of human error.

7. **Incident Response Planning**: Develop and maintain an incident response plan that includes procedures for addressing configuration errors and their potential impact on security.

By following these practices, ICS environments can significantly reduce the risk of configuration errors leading to security breaches."
What controls can be implemented to mitigate the risk of privileged access abuse in ICS environments?,factual,"<b>To mitigate the risk of privileged access abuse in Industrial Control Systems (ICS) environments, several controls can be implemented:

1. **Access Control Policies**: Establish strict access control policies that define who can access what resources and under what conditions. Implement the principle of least privilege to ensure users have only the access necessary for their roles.

2. **Multi-Factor Authentication (MFA)**: Require multi-factor authentication for all privileged accounts to add an additional layer of security beyond just passwords.

3. **Regular Audits and Monitoring**: Conduct regular audits of user access and activities. Implement continuous monitoring to detect and respond to any unauthorized access or anomalies in real-time.

4. **Segmentation of Networks**: Use network segmentation to isolate critical ICS components from other parts of the network, limiting access to sensitive areas.

5. **User Training and Awareness**: Provide training for users on the importance of security practices and the risks associated with privileged access. Promote awareness of social engineering tactics that could lead to access abuse.

6. **Session Management**: Implement session management controls, such as time-limited access and automatic session termination after periods of inactivity.

7. **Incident Response Plan**: Develop and maintain an incident response plan specifically for privileged access abuse, ensuring that there are clear procedures for responding to and recovering from incidents.

8. **Privileged Access Management (PAM) Solutions**: Utilize PAM solutions to manage and monitor privileged accounts, including password vaulting, session recording, and access request workflows.

By implementing these controls, organizations can significantly reduce the risk of privileged access abuse in their ICS environments.</b>","To mitigate the risk of privileged access abuse in Industrial Control Systems (ICS) environments, several controls can be implemented:

1. **Access Control Policies**: Establish strict access control policies that define who can access what resources and under what conditions. Implement the principle of least privilege to ensure users have only the access necessary for their roles.

2. **Multi-Factor Authentication (MFA)**: Require multi-factor authentication for all privileged accounts to add an additional layer of security beyond just passwords.

3. **Regular Audits and Monitoring**: Conduct regular audits of user access and activities. Implement continuous monitoring to detect and respond to any unauthorized access or anomalies in real-time.

4. **Segmentation of Networks**: Use network segmentation to isolate critical ICS components from other parts of the network, limiting access to sensitive areas.

5. **User Training and Awareness**: Provide training for users on the importance of security practices and the risks associated with privileged access. Promote awareness of social engineering tactics that could lead to access abuse.

6. **Session Management**: Implement session management controls, such as time-limited access and automatic session termination after periods of inactivity.

7. **Incident Response Plan**: Develop and maintain an incident response plan specifically for privileged access abuse, ensuring that there are clear procedures for responding to and recovering from incidents.

8. **Privileged Access Management (PAM) Solutions**: Utilize PAM solutions to manage and monitor privileged accounts, including password vaulting, session recording, and access request workflows.

By implementing these controls, organizations can significantly reduce the risk of privileged access abuse in their ICS environments."
What measures can be taken to improve network traffic monitoring in ICS environments?,factual,"<b>To improve network traffic monitoring in Industrial Control System (ICS) environments, several measures can be implemented:

1. **Implement Intrusion Detection Systems (IDS)**: Utilize IDS specifically designed for ICS to detect anomalies and potential threats in real-time.

2. **Network Segmentation**: Divide the network into smaller, manageable segments to limit the spread of potential attacks and enhance monitoring capabilities.

3. **Regular Traffic Analysis**: Conduct routine analysis of network traffic to identify patterns and detect unusual behavior that may indicate security issues.

4. **Use of Protocol Analyzers**: Employ protocol analyzers to monitor and analyze the specific communication protocols used in ICS, ensuring that any deviations from normal operations are quickly identified.

5. **Establish Baselines**: Create baseline profiles of normal network behavior to facilitate the detection of anomalies and unusual traffic patterns.

6. **Continuous Monitoring**: Implement continuous monitoring solutions that provide real-time visibility into network traffic and alert administrators to suspicious activities.

7. **Integration with Security Information and Event Management (SIEM)**: Integrate network monitoring tools with SIEM systems to correlate data from various sources and enhance threat detection capabilities.

8. **Regular Updates and Patching**: Ensure that all monitoring tools and systems are regularly updated and patched to protect against vulnerabilities.

9. **Training and Awareness**: Provide training for personnel on the importance of network monitoring and how to recognize potential security threats.

10. **Collaboration with IT Security Teams**: Foster collaboration between ICS and IT security teams to share insights and improve overall security posture.

By implementing these measures, organizations can enhance their ability to monitor network traffic effectively within ICS environments.</b>","To improve network traffic monitoring in Industrial Control System (ICS) environments, several measures can be implemented:

1. **Implement Intrusion Detection Systems (IDS)**: Utilize IDS specifically designed for ICS to detect anomalies and potential threats in real-time.

2. **Network Segmentation**: Divide the network into smaller, manageable segments to limit the spread of potential attacks and enhance monitoring capabilities.

3. **Regular Traffic Analysis**: Conduct routine analysis of network traffic to identify patterns and detect unusual behavior that may indicate security issues.

4. **Use of Protocol Analyzers**: Employ protocol analyzers to monitor and analyze the specific communication protocols used in ICS, ensuring that any deviations from normal operations are quickly identified.

5. **Establish Baselines**: Create baseline profiles of normal network behavior to facilitate the detection of anomalies and unusual traffic patterns.

6. **Continuous Monitoring**: Implement continuous monitoring solutions that provide real-time visibility into network traffic and alert administrators to suspicious activities.

7. **Integration with Security Information and Event Management (SIEM)**: Integrate network monitoring tools with SIEM systems to correlate data from various sources and enhance threat detection capabilities.

8. **Regular Updates and Patching**: Ensure that all monitoring tools and systems are regularly updated and patched to protect against vulnerabilities.

9. **Training and Awareness**: Provide training for personnel on the importance of network monitoring and how to recognize potential security threats.

10. **Collaboration with IT Security Teams**: Foster collaboration between ICS and IT security teams to share insights and improve overall security posture.

By implementing these measures, organizations can enhance their ability to monitor network traffic effectively within ICS environments."
How can ICS environments ensure that device firmware is kept up to date to prevent attacks?,inferential,"<b>To ensure that device firmware in ICS environments is kept up to date and to prevent attacks, organizations can implement the following strategies:

1. **Regular Monitoring**: Establish a routine for monitoring firmware updates from device manufacturers. This includes subscribing to security bulletins and alerts.

2. **Automated Update Management**: Utilize automated tools that can check for and apply firmware updates across devices in the ICS environment, ensuring timely application of patches.

3. **Testing Updates**: Before deploying firmware updates, conduct thorough testing in a controlled environment to ensure compatibility and stability, minimizing the risk of disruptions.

4. **Access Control**: Implement strict access controls to limit who can apply firmware updates, ensuring that only authorized personnel can make changes.

5. **Backup and Recovery Plans**: Maintain backup copies of current firmware versions and establish recovery procedures in case an update causes issues.

6. **Documentation and Change Management**: Keep detailed records of firmware versions and changes made, along with a change management process to track updates and their impacts.

7. **Training and Awareness**: Provide training for staff on the importance of firmware updates and the procedures for applying them, fostering a culture of security awareness.

By following these practices, ICS environments can enhance their security posture and reduce the risk of attacks related to outdated firmware.</b>","To ensure that device firmware in ICS environments is kept up to date and to prevent attacks, organizations can implement the following strategies:

1. **Regular Monitoring**: Establish a routine for monitoring firmware updates from device manufacturers. This includes subscribing to security bulletins and alerts.

2. **Automated Update Management**: Utilize automated tools that can check for and apply firmware updates across devices in the ICS environment, ensuring timely application of patches.

3. **Testing Updates**: Before deploying firmware updates, conduct thorough testing in a controlled environment to ensure compatibility and stability, minimizing the risk of disruptions.

4. **Access Control**: Implement strict access controls to limit who can apply firmware updates, ensuring that only authorized personnel can make changes.

5. **Backup and Recovery Plans**: Maintain backup copies of current firmware versions and establish recovery procedures in case an update causes issues.

6. **Documentation and Change Management**: Keep detailed records of firmware versions and changes made, along with a change management process to track updates and their impacts.

7. **Training and Awareness**: Provide training for staff on the importance of firmware updates and the procedures for applying them, fostering a culture of security awareness.

By following these practices, ICS environments can enhance their security posture and reduce the risk of attacks related to outdated firmware."
What security practices can prevent lateral movement of ransomware in ICS environments?,factual,"<b>To prevent lateral movement of ransomware in Industrial Control System (ICS) environments, several security practices can be implemented:

1. **Network Segmentation**: Isolate critical systems and networks to limit the spread of ransomware. Use firewalls and virtual local area networks (VLANs) to create boundaries between different segments.

2. **Access Controls**: Implement strict access controls and least privilege principles. Ensure that users have only the permissions necessary for their roles, and regularly review access rights.

3. **Regular Updates and Patching**: Keep all systems, software, and firmware up to date with the latest security patches to mitigate vulnerabilities that could be exploited by ransomware.

4. **Intrusion Detection and Prevention Systems (IDPS)**: Deploy IDPS to monitor network traffic for suspicious activities and potential threats, allowing for quick response to incidents.

5. **Endpoint Protection**: Utilize advanced endpoint protection solutions that can detect and respond to ransomware behavior on devices within the ICS environment.

6. **User Training and Awareness**: Conduct regular training sessions for employees to recognize phishing attempts and other social engineering tactics that could lead to ransomware infections.

7. **Backup and Recovery Plans**: Maintain regular backups of critical data and systems, ensuring that they are stored securely and are not directly accessible from the ICS network. Test recovery plans to ensure quick restoration in case of an attack.

8. **Monitoring and Logging**: Implement comprehensive monitoring and logging of all activities within the ICS environment to detect anomalies and respond to incidents promptly.

9. **Incident Response Plan**: Develop and regularly update an incident response plan specifically tailored for ransomware attacks, ensuring that all personnel are familiar with their roles in the event of an incident.

By adopting these practices, organizations can significantly reduce the risk of ransomware lateral movement within their ICS environments.</b>","To prevent lateral movement of ransomware in Industrial Control System (ICS) environments, several security practices can be implemented:

1. **Network Segmentation**: Isolate critical systems and networks to limit the spread of ransomware. Use firewalls and virtual local area networks (VLANs) to create boundaries between different segments.

2. **Access Controls**: Implement strict access controls and least privilege principles. Ensure that users have only the permissions necessary for their roles, and regularly review access rights.

3. **Regular Updates and Patching**: Keep all systems, software, and firmware up to date with the latest security patches to mitigate vulnerabilities that could be exploited by ransomware.

4. **Intrusion Detection and Prevention Systems (IDPS)**: Deploy IDPS to monitor network traffic for suspicious activities and potential threats, allowing for quick response to incidents.

5. **Endpoint Protection**: Utilize advanced endpoint protection solutions that can detect and respond to ransomware behavior on devices within the ICS environment.

6. **User Training and Awareness**: Conduct regular training sessions for employees to recognize phishing attempts and other social engineering tactics that could lead to ransomware infections.

7. **Backup and Recovery Plans**: Maintain regular backups of critical data and systems, ensuring that they are stored securely and are not directly accessible from the ICS network. Test recovery plans to ensure quick restoration in case of an attack.

8. **Monitoring and Logging**: Implement comprehensive monitoring and logging of all activities within the ICS environment to detect anomalies and respond to incidents promptly.

9. **Incident Response Plan**: Develop and regularly update an incident response plan specifically tailored for ransomware attacks, ensuring that all personnel are familiar with their roles in the event of an incident.

By adopting these practices, organizations can significantly reduce the risk of ransomware lateral movement within their ICS environments."
How can ICS environments secure remote maintenance services to prevent cyberattacks?,inferential,"<b>To secure remote maintenance services in ICS environments and prevent cyberattacks, several strategies can be implemented:

1. **Access Control**: Implement strict access controls to ensure that only authorized personnel can access remote maintenance services. This includes using multi-factor authentication and role-based access.

2. **Network Segmentation**: Isolate remote maintenance services from critical ICS components by using network segmentation. This limits the potential impact of a cyberattack.

3. **Encryption**: Use strong encryption protocols for data transmission to protect sensitive information from being intercepted during remote maintenance sessions.

4. **Regular Updates and Patching**: Ensure that all software and systems are regularly updated and patched to protect against known vulnerabilities.

5. **Monitoring and Logging**: Continuously monitor remote access activities and maintain logs to detect any unauthorized access attempts or anomalies in real-time.

6. **Incident Response Plan**: Develop and maintain an incident response plan specifically for remote maintenance services to quickly address any security breaches.

7. **Training and Awareness**: Provide training for personnel on cybersecurity best practices and the specific risks associated with remote maintenance.

8. **Use of VPNs**: Implement Virtual Private Networks (VPNs) to create secure connections for remote access, ensuring that data is encrypted and secure.

By employing these measures, ICS environments can enhance their security posture against potential cyber threats associated with remote maintenance services.</b>","To secure remote maintenance services in ICS environments and prevent cyberattacks, several strategies can be implemented:

1. **Access Control**: Implement strict access controls to ensure that only authorized personnel can access remote maintenance services. This includes using multi-factor authentication and role-based access.

2. **Network Segmentation**: Isolate remote maintenance services from critical ICS components by using network segmentation. This limits the potential impact of a cyberattack.

3. **Encryption**: Use strong encryption protocols for data transmission to protect sensitive information from being intercepted during remote maintenance sessions.

4. **Regular Updates and Patching**: Ensure that all software and systems are regularly updated and patched to protect against known vulnerabilities.

5. **Monitoring and Logging**: Continuously monitor remote access activities and maintain logs to detect any unauthorized access attempts or anomalies in real-time.

6. **Incident Response Plan**: Develop and maintain an incident response plan specifically for remote maintenance services to quickly address any security breaches.

7. **Training and Awareness**: Provide training for personnel on cybersecurity best practices and the specific risks associated with remote maintenance.

8. **Use of VPNs**: Implement Virtual Private Networks (VPNs) to create secure connections for remote access, ensuring that data is encrypted and secure.

By employing these measures, ICS environments can enhance their security posture against potential cyber threats associated with remote maintenance services."
What steps can be taken to strengthen encryption practices in ICS environments?,factual,"<b>To strengthen encryption practices in ICS (Industrial Control Systems) environments, consider the following steps:

1. **Assess Current Encryption Protocols**: Evaluate existing encryption methods and identify any vulnerabilities or outdated protocols that need upgrading.

2. **Implement Strong Encryption Standards**: Adopt industry-standard encryption algorithms, such as AES (Advanced Encryption Standard), to ensure robust data protection.

3. **Encrypt Data at Rest and in Transit**: Ensure that sensitive data is encrypted both when stored and during transmission to protect against unauthorized access.

4. **Regularly Update Encryption Keys**: Establish a policy for regularly rotating encryption keys to minimize the risk of key compromise.

5. **Use Secure Key Management Practices**: Implement secure key management solutions to protect encryption keys from unauthorized access and ensure they are stored securely.

6. **Conduct Regular Security Audits**: Perform periodic audits of encryption practices and configurations to identify and rectify any weaknesses.

7. **Train Personnel on Encryption Best Practices**: Provide training for staff on the importance of encryption and how to implement it effectively within the ICS environment.

8. **Monitor and Respond to Threats**: Continuously monitor the ICS environment for potential threats and have a response plan in place to address any security incidents related to encryption.

9. **Collaborate with Vendors**: Work with technology vendors to ensure that their products support strong encryption practices and are regularly updated to address emerging threats.

10. **Stay Informed on Regulatory Requirements**: Keep up to date with relevant regulations and standards that may impact encryption practices in the ICS sector. 

By following these steps, organizations can enhance the security of their ICS environments through improved encryption practices.</b>","To strengthen encryption practices in ICS (Industrial Control Systems) environments, consider the following steps:

1. **Assess Current Encryption Protocols**: Evaluate existing encryption methods and identify any vulnerabilities or outdated protocols that need upgrading.

2. **Implement Strong Encryption Standards**: Adopt industry-standard encryption algorithms, such as AES (Advanced Encryption Standard), to ensure robust data protection.

3. **Encrypt Data at Rest and in Transit**: Ensure that sensitive data is encrypted both when stored and during transmission to protect against unauthorized access.

4. **Regularly Update Encryption Keys**: Establish a policy for regularly rotating encryption keys to minimize the risk of key compromise.

5. **Use Secure Key Management Practices**: Implement secure key management solutions to protect encryption keys from unauthorized access and ensure they are stored securely.

6. **Conduct Regular Security Audits**: Perform periodic audits of encryption practices and configurations to identify and rectify any weaknesses.

7. **Train Personnel on Encryption Best Practices**: Provide training for staff on the importance of encryption and how to implement it effectively within the ICS environment.

8. **Monitor and Respond to Threats**: Continuously monitor the ICS environment for potential threats and have a response plan in place to address any security incidents related to encryption.

9. **Collaborate with Vendors**: Work with technology vendors to ensure that their products support strong encryption practices and are regularly updated to address emerging threats.

10. **Stay Informed on Regulatory Requirements**: Keep up to date with relevant regulations and standards that may impact encryption practices in the ICS sector. 

By following these steps, organizations can enhance the security of their ICS environments through improved encryption practices."
How can wireless networks in ICS environments be secured against unauthorized access?,inferential,"<b>To secure wireless networks in Industrial Control Systems (ICS) environments against unauthorized access, several strategies can be implemented:

1. **Strong Authentication**: Use robust authentication mechanisms, such as WPA3, to ensure that only authorized devices can connect to the network.

2. **Encryption**: Implement strong encryption protocols to protect data transmitted over the wireless network, making it difficult for unauthorized users to intercept and understand the data.

3. **Network Segmentation**: Isolate the wireless network from critical ICS components and other networks to limit access and reduce the risk of unauthorized entry.

4. **Access Control Lists (ACLs)**: Define and enforce ACLs to restrict access to the network based on device identity and roles, ensuring that only necessary devices can communicate.

5. **Regular Monitoring and Auditing**: Continuously monitor network traffic for unusual activity and conduct regular audits to identify and address potential vulnerabilities.

6. **Intrusion Detection Systems (IDS)**: Deploy IDS to detect and respond to unauthorized access attempts or anomalies in network behavior.

7. **Firmware and Software Updates**: Keep all devices and software up to date with the latest security patches to protect against known vulnerabilities.

8. **User Training and Awareness**: Educate personnel about security best practices and the importance of safeguarding access credentials and devices.

By implementing these measures, the security of wireless networks in ICS environments can be significantly enhanced, reducing the risk of unauthorized access.</b>","To secure wireless networks in Industrial Control Systems (ICS) environments against unauthorized access, several strategies can be implemented:

1. **Strong Authentication**: Use robust authentication mechanisms, such as WPA3, to ensure that only authorized devices can connect to the network.

2. **Encryption**: Implement strong encryption protocols to protect data transmitted over the wireless network, making it difficult for unauthorized users to intercept and understand the data.

3. **Network Segmentation**: Isolate the wireless network from critical ICS components and other networks to limit access and reduce the risk of unauthorized entry.

4. **Access Control Lists (ACLs)**: Define and enforce ACLs to restrict access to the network based on device identity and roles, ensuring that only necessary devices can communicate.

5. **Regular Monitoring and Auditing**: Continuously monitor network traffic for unusual activity and conduct regular audits to identify and address potential vulnerabilities.

6. **Intrusion Detection Systems (IDS)**: Deploy IDS to detect and respond to unauthorized access attempts or anomalies in network behavior.

7. **Firmware and Software Updates**: Keep all devices and software up to date with the latest security patches to protect against known vulnerabilities.

8. **User Training and Awareness**: Educate personnel about security best practices and the importance of safeguarding access credentials and devices.

By implementing these measures, the security of wireless networks in ICS environments can be significantly enhanced, reducing the risk of unauthorized access."
What strategies can minimize downtime in ICS environments following a cyberattack?,factual,"<b>To minimize downtime in Industrial Control Systems (ICS) environments following a cyberattack, several strategies can be implemented:

1. **Incident Response Plan**: Develop and regularly update a comprehensive incident response plan that outlines specific steps to take in the event of a cyberattack. This plan should include roles and responsibilities, communication protocols, and recovery procedures.

2. **Regular Backups**: Maintain regular backups of critical data and system configurations. Ensure that backups are stored securely and can be quickly restored to minimize data loss and downtime.

3. **Network Segmentation**: Implement network segmentation to isolate critical systems from less secure areas of the network. This can help contain the spread of an attack and protect essential operations.

4. **Redundancy**: Design systems with redundancy in mind. This includes having backup systems and failover mechanisms that can take over in case of a primary system failure.

5. **Continuous Monitoring**: Utilize continuous monitoring tools to detect anomalies and potential threats in real-time. Early detection can lead to quicker responses and reduced impact.

6. **Employee Training**: Conduct regular training sessions for employees on cybersecurity best practices and awareness. Well-informed staff can help prevent attacks and respond effectively when incidents occur.

7. **Patch Management**: Establish a robust patch management process to ensure that all systems are up to date with the latest security patches and updates, reducing vulnerabilities that could be exploited.

8. **Collaboration with Experts**: Engage with cybersecurity experts and incident response teams who can provide guidance and support during and after an attack, helping to restore operations more efficiently.

9. **Testing and Drills**: Regularly conduct drills and simulations to test the incident response plan and ensure that all personnel are familiar with their roles during a cyber incident.

10. **Post-Incident Review**: After an incident, conduct a thorough review to identify lessons learned and areas for improvement, which can enhance future resilience and response efforts. 

Implementing these strategies can significantly reduce downtime and enhance the overall resilience of ICS environments against cyber threats.</b>","To minimize downtime in Industrial Control Systems (ICS) environments following a cyberattack, several strategies can be implemented:

1. **Incident Response Plan**: Develop and regularly update a comprehensive incident response plan that outlines specific steps to take in the event of a cyberattack. This plan should include roles and responsibilities, communication protocols, and recovery procedures.

2. **Regular Backups**: Maintain regular backups of critical data and system configurations. Ensure that backups are stored securely and can be quickly restored to minimize data loss and downtime.

3. **Network Segmentation**: Implement network segmentation to isolate critical systems from less secure areas of the network. This can help contain the spread of an attack and protect essential operations.

4. **Redundancy**: Design systems with redundancy in mind. This includes having backup systems and failover mechanisms that can take over in case of a primary system failure.

5. **Continuous Monitoring**: Utilize continuous monitoring tools to detect anomalies and potential threats in real-time. Early detection can lead to quicker responses and reduced impact.

6. **Employee Training**: Conduct regular training sessions for employees on cybersecurity best practices and awareness. Well-informed staff can help prevent attacks and respond effectively when incidents occur.

7. **Patch Management**: Establish a robust patch management process to ensure that all systems are up to date with the latest security patches and updates, reducing vulnerabilities that could be exploited.

8. **Collaboration with Experts**: Engage with cybersecurity experts and incident response teams who can provide guidance and support during and after an attack, helping to restore operations more efficiently.

9. **Testing and Drills**: Regularly conduct drills and simulations to test the incident response plan and ensure that all personnel are familiar with their roles during a cyber incident.

10. **Post-Incident Review**: After an incident, conduct a thorough review to identify lessons learned and areas for improvement, which can enhance future resilience and response efforts. 

Implementing these strategies can significantly reduce downtime and enhance the overall resilience of ICS environments against cyber threats."
How can physical security controls be improved to prevent cyberattacks in ICS environments?,inferential,"<b>Improving physical security controls to prevent cyberattacks in Industrial Control Systems (ICS) environments can involve several strategies:

1. **Access Control**: Implement strict access control measures to limit physical access to critical infrastructure. This can include biometric systems, key card access, and security personnel to monitor entry points.

2. **Surveillance Systems**: Utilize video surveillance and monitoring systems to keep an eye on sensitive areas. This can help deter unauthorized access and provide evidence in case of a security breach.

3. **Environmental Controls**: Ensure that physical environments are secure from environmental threats. This includes fire suppression systems, flood barriers, and climate control to protect equipment.

4. **Regular Audits and Assessments**: Conduct regular security audits and risk assessments to identify vulnerabilities in physical security measures and address them promptly.

5. **Employee Training**: Provide training for employees on the importance of physical security and how to recognize potential threats. This can help create a culture of security awareness.

6. **Incident Response Plans**: Develop and regularly update incident response plans that include physical security breaches. This ensures that all personnel know how to respond effectively in case of an incident.

7. **Integration with Cybersecurity**: Ensure that physical security measures are integrated with cybersecurity protocols. This can include monitoring network access points and ensuring that physical devices are secured against tampering.

By implementing these strategies, organizations can enhance their physical security controls and reduce the risk of cyberattacks in ICS environments.</b>","Improving physical security controls to prevent cyberattacks in Industrial Control Systems (ICS) environments can involve several strategies:

1. **Access Control**: Implement strict access control measures to limit physical access to critical infrastructure. This can include biometric systems, key card access, and security personnel to monitor entry points.

2. **Surveillance Systems**: Utilize video surveillance and monitoring systems to keep an eye on sensitive areas. This can help deter unauthorized access and provide evidence in case of a security breach.

3. **Environmental Controls**: Ensure that physical environments are secure from environmental threats. This includes fire suppression systems, flood barriers, and climate control to protect equipment.

4. **Regular Audits and Assessments**: Conduct regular security audits and risk assessments to identify vulnerabilities in physical security measures and address them promptly.

5. **Employee Training**: Provide training for employees on the importance of physical security and how to recognize potential threats. This can help create a culture of security awareness.

6. **Incident Response Plans**: Develop and regularly update incident response plans that include physical security breaches. This ensures that all personnel know how to respond effectively in case of an incident.

7. **Integration with Cybersecurity**: Ensure that physical security measures are integrated with cybersecurity protocols. This can include monitoring network access points and ensuring that physical devices are secured against tampering.

By implementing these strategies, organizations can enhance their physical security controls and reduce the risk of cyberattacks in ICS environments."
What measures can be taken to secure endpoints and prevent unauthorized access to ICS networks?,factual,"<b>To secure endpoints and prevent unauthorized access to Industrial Control Systems (ICS) networks, several measures can be implemented:

1. **Network Segmentation**: Isolate ICS networks from other networks to limit access and reduce the attack surface.

2. **Access Control**: Implement strict access control policies, ensuring that only authorized personnel have access to critical systems. Use role-based access controls (RBAC) to enforce permissions.

3. **Regular Updates and Patching**: Keep all software and firmware up to date to protect against known vulnerabilities.

4. **Intrusion Detection Systems (IDS)**: Deploy IDS to monitor network traffic for suspicious activities and potential threats.

5. **Endpoint Protection**: Utilize antivirus and anti-malware solutions on all endpoints to detect and mitigate threats.

6. **Strong Authentication**: Use multi-factor authentication (MFA) for accessing ICS systems to enhance security.

7. **Security Awareness Training**: Educate employees about cybersecurity best practices and the importance of securing ICS environments.

8. **Incident Response Plan**: Develop and regularly update an incident response plan to quickly address any security breaches.

9. **Regular Security Audits**: Conduct periodic security assessments and audits to identify vulnerabilities and ensure compliance with security policies.

10. **Data Encryption**: Encrypt sensitive data both in transit and at rest to protect it from unauthorized access.

Implementing these measures can significantly enhance the security of endpoints and ICS networks against unauthorized access.</b>","To secure endpoints and prevent unauthorized access to Industrial Control Systems (ICS) networks, several measures can be implemented:

1. **Network Segmentation**: Isolate ICS networks from other networks to limit access and reduce the attack surface.

2. **Access Control**: Implement strict access control policies, ensuring that only authorized personnel have access to critical systems. Use role-based access controls (RBAC) to enforce permissions.

3. **Regular Updates and Patching**: Keep all software and firmware up to date to protect against known vulnerabilities.

4. **Intrusion Detection Systems (IDS)**: Deploy IDS to monitor network traffic for suspicious activities and potential threats.

5. **Endpoint Protection**: Utilize antivirus and anti-malware solutions on all endpoints to detect and mitigate threats.

6. **Strong Authentication**: Use multi-factor authentication (MFA) for accessing ICS systems to enhance security.

7. **Security Awareness Training**: Educate employees about cybersecurity best practices and the importance of securing ICS environments.

8. **Incident Response Plan**: Develop and regularly update an incident response plan to quickly address any security breaches.

9. **Regular Security Audits**: Conduct periodic security assessments and audits to identify vulnerabilities and ensure compliance with security policies.

10. **Data Encryption**: Encrypt sensitive data both in transit and at rest to protect it from unauthorized access.

Implementing these measures can significantly enhance the security of endpoints and ICS networks against unauthorized access."
What security measures can be implemented to defend against APTs in ICS environments?,factual,"<b>To defend against Advanced Persistent Threats (APTs) in Industrial Control Systems (ICS) environments, several security measures can be implemented:

1. **Network Segmentation**: Isolate ICS networks from corporate networks and the internet to limit access and reduce the attack surface.

2. **Access Control**: Implement strict access controls, ensuring that only authorized personnel have access to critical systems. Use role-based access controls and regularly review permissions.

3. **Intrusion Detection Systems (IDS)**: Deploy IDS specifically designed for ICS environments to monitor for unusual activities and potential threats.

4. **Regular Security Audits**: Conduct frequent security assessments and audits to identify vulnerabilities and ensure compliance with security policies.

5. **Patch Management**: Keep all software and firmware up to date to protect against known vulnerabilities. This includes regular updates for both ICS and IT systems.

6. **Incident Response Plan**: Develop and maintain an incident response plan tailored to ICS environments, ensuring that all personnel are trained and aware of their roles in the event of a security breach.

7. **Employee Training**: Provide ongoing training for employees on cybersecurity best practices and the specific threats facing ICS environments.

8. **Monitoring and Logging**: Implement comprehensive monitoring and logging of all ICS activities to detect anomalies and facilitate forensic analysis in case of an incident.

9. **Physical Security**: Ensure that physical access to ICS components is restricted and monitored to prevent unauthorized access.

10. **Threat Intelligence Sharing**: Engage in information sharing with other organizations and industry groups to stay informed about emerging threats and vulnerabilities.

By implementing these measures, organizations can enhance their defenses against APTs targeting ICS environments.</b>","To defend against Advanced Persistent Threats (APTs) in Industrial Control Systems (ICS) environments, several security measures can be implemented:

1. **Network Segmentation**: Isolate ICS networks from corporate networks and the internet to limit access and reduce the attack surface.

2. **Access Control**: Implement strict access controls, ensuring that only authorized personnel have access to critical systems. Use role-based access controls and regularly review permissions.

3. **Intrusion Detection Systems (IDS)**: Deploy IDS specifically designed for ICS environments to monitor for unusual activities and potential threats.

4. **Regular Security Audits**: Conduct frequent security assessments and audits to identify vulnerabilities and ensure compliance with security policies.

5. **Patch Management**: Keep all software and firmware up to date to protect against known vulnerabilities. This includes regular updates for both ICS and IT systems.

6. **Incident Response Plan**: Develop and maintain an incident response plan tailored to ICS environments, ensuring that all personnel are trained and aware of their roles in the event of a security breach.

7. **Employee Training**: Provide ongoing training for employees on cybersecurity best practices and the specific threats facing ICS environments.

8. **Monitoring and Logging**: Implement comprehensive monitoring and logging of all ICS activities to detect anomalies and facilitate forensic analysis in case of an incident.

9. **Physical Security**: Ensure that physical access to ICS components is restricted and monitored to prevent unauthorized access.

10. **Threat Intelligence Sharing**: Engage in information sharing with other organizations and industry groups to stay informed about emerging threats and vulnerabilities.

By implementing these measures, organizations can enhance their defenses against APTs targeting ICS environments."
How can ICS environments protect against supply chain vulnerabilities that could lead to cyberattacks?,inferential,"<b>To protect against supply chain vulnerabilities that could lead to cyberattacks in ICS environments, organizations can implement several strategies:

1. **Vendor Risk Assessment**: Conduct thorough assessments of suppliers and third-party vendors to evaluate their security practices and potential risks.

2. **Supply Chain Monitoring**: Continuously monitor the supply chain for any changes or anomalies that could indicate a security threat.

3. **Access Controls**: Implement strict access controls to limit who can interact with the ICS environment and ensure that only authorized personnel have access to critical systems.

4. **Regular Audits**: Perform regular security audits and assessments of both internal systems and those of third-party vendors to identify and mitigate vulnerabilities.

5. **Incident Response Planning**: Develop and maintain an incident response plan specifically tailored to address supply chain-related cyber incidents.

6. **Security Training**: Provide ongoing security training for employees to raise awareness about supply chain risks and best practices for mitigating them.

7. **Patch Management**: Ensure timely updates and patches for all software and hardware components within the ICS environment to protect against known vulnerabilities.

8. **Collaboration with Industry Peers**: Engage in information sharing and collaboration with other organizations in the industry to stay informed about emerging threats and best practices.

By implementing these measures, ICS environments can enhance their resilience against potential supply chain vulnerabilities and associated cyberattacks.</b>","To protect against supply chain vulnerabilities that could lead to cyberattacks in ICS environments, organizations can implement several strategies:

1. **Vendor Risk Assessment**: Conduct thorough assessments of suppliers and third-party vendors to evaluate their security practices and potential risks.

2. **Supply Chain Monitoring**: Continuously monitor the supply chain for any changes or anomalies that could indicate a security threat.

3. **Access Controls**: Implement strict access controls to limit who can interact with the ICS environment and ensure that only authorized personnel have access to critical systems.

4. **Regular Audits**: Perform regular security audits and assessments of both internal systems and those of third-party vendors to identify and mitigate vulnerabilities.

5. **Incident Response Planning**: Develop and maintain an incident response plan specifically tailored to address supply chain-related cyber incidents.

6. **Security Training**: Provide ongoing security training for employees to raise awareness about supply chain risks and best practices for mitigating them.

7. **Patch Management**: Ensure timely updates and patches for all software and hardware components within the ICS environment to protect against known vulnerabilities.

8. **Collaboration with Industry Peers**: Engage in information sharing and collaboration with other organizations in the industry to stay informed about emerging threats and best practices.

By implementing these measures, ICS environments can enhance their resilience against potential supply chain vulnerabilities and associated cyberattacks."
What steps can be taken to enhance network access controls in ICS environments?,factual,"<b>To enhance network access controls in ICS environments, consider implementing the following steps:

1. **Conduct a Risk Assessment**: Identify critical assets and evaluate potential vulnerabilities within the network.

2. **Implement Role-Based Access Control (RBAC)**: Assign permissions based on user roles to limit access to sensitive systems and data.

3. **Use Strong Authentication Mechanisms**: Employ multi-factor authentication (MFA) to ensure that only authorized personnel can access the network.

4. **Segment the Network**: Create separate zones for different types of traffic and systems to minimize the risk of unauthorized access.

5. **Regularly Update and Patch Systems**: Ensure that all devices and software are up-to-date to protect against known vulnerabilities.

6. **Monitor Network Traffic**: Utilize intrusion detection systems (IDS) and continuous monitoring to detect and respond to suspicious activities.

7. **Establish Access Control Policies**: Develop and enforce policies that define who can access what resources and under what conditions.

8. **Conduct Regular Audits and Reviews**: Periodically review access logs and permissions to ensure compliance with access control policies.

9. **Provide Security Training**: Educate employees about security best practices and the importance of adhering to access control measures.

10. **Implement Incident Response Plans**: Prepare for potential breaches by having a clear plan in place for responding to security incidents. 

By following these steps, organizations can significantly improve their network access controls in ICS environments.</b>","To enhance network access controls in ICS environments, consider implementing the following steps:

1. **Conduct a Risk Assessment**: Identify critical assets and evaluate potential vulnerabilities within the network.

2. **Implement Role-Based Access Control (RBAC)**: Assign permissions based on user roles to limit access to sensitive systems and data.

3. **Use Strong Authentication Mechanisms**: Employ multi-factor authentication (MFA) to ensure that only authorized personnel can access the network.

4. **Segment the Network**: Create separate zones for different types of traffic and systems to minimize the risk of unauthorized access.

5. **Regularly Update and Patch Systems**: Ensure that all devices and software are up-to-date to protect against known vulnerabilities.

6. **Monitor Network Traffic**: Utilize intrusion detection systems (IDS) and continuous monitoring to detect and respond to suspicious activities.

7. **Establish Access Control Policies**: Develop and enforce policies that define who can access what resources and under what conditions.

8. **Conduct Regular Audits and Reviews**: Periodically review access logs and permissions to ensure compliance with access control policies.

9. **Provide Security Training**: Educate employees about security best practices and the importance of adhering to access control measures.

10. **Implement Incident Response Plans**: Prepare for potential breaches by having a clear plan in place for responding to security incidents. 

By following these steps, organizations can significantly improve their network access controls in ICS environments."
How can ICS environments ensure timely application of security patches to prevent cyberattacks?,inferential,"<b>To ensure timely application of security patches in ICS environments and prevent cyberattacks, organizations can implement several strategies:

1. **Regular Patch Management Schedule**: Establish a routine schedule for reviewing and applying patches, ensuring that updates are not overlooked.

2. **Automated Patch Deployment**: Utilize automated tools to deploy patches across systems, reducing the time between patch release and application.

3. **Risk Assessment**: Prioritize patches based on the criticality of the vulnerabilities they address and the potential impact on the ICS environment.

4. **Testing Environment**: Create a testing environment to evaluate patches before deployment, ensuring they do not disrupt operations.

5. **Monitoring and Alerts**: Implement monitoring systems that can alert teams to new vulnerabilities and available patches, facilitating quicker responses.

6. **Training and Awareness**: Educate staff on the importance of patch management and the potential risks of unpatched systems.

7. **Collaboration with Vendors**: Maintain close communication with software and hardware vendors to stay informed about the latest patches and updates.

8. **Documentation and Compliance**: Keep thorough records of patch management activities to ensure compliance with industry standards and regulations.

By integrating these practices, ICS environments can enhance their resilience against cyber threats through timely patch application.</b>","To ensure timely application of security patches in ICS environments and prevent cyberattacks, organizations can implement several strategies:

1. **Regular Patch Management Schedule**: Establish a routine schedule for reviewing and applying patches, ensuring that updates are not overlooked.

2. **Automated Patch Deployment**: Utilize automated tools to deploy patches across systems, reducing the time between patch release and application.

3. **Risk Assessment**: Prioritize patches based on the criticality of the vulnerabilities they address and the potential impact on the ICS environment.

4. **Testing Environment**: Create a testing environment to evaluate patches before deployment, ensuring they do not disrupt operations.

5. **Monitoring and Alerts**: Implement monitoring systems that can alert teams to new vulnerabilities and available patches, facilitating quicker responses.

6. **Training and Awareness**: Educate staff on the importance of patch management and the potential risks of unpatched systems.

7. **Collaboration with Vendors**: Maintain close communication with software and hardware vendors to stay informed about the latest patches and updates.

8. **Documentation and Compliance**: Keep thorough records of patch management activities to ensure compliance with industry standards and regulations.

By integrating these practices, ICS environments can enhance their resilience against cyber threats through timely patch application."
What measures can be implemented to reduce the risk of phishing attacks in ICS environments?,factual,"<b>To reduce the risk of phishing attacks in ICS environments, several measures can be implemented:

1. **Employee Training and Awareness**: Regular training sessions should be conducted to educate employees about phishing tactics, how to recognize suspicious emails, and the importance of reporting potential threats.

2. **Email Filtering Solutions**: Implement advanced email filtering systems that can detect and block phishing attempts before they reach users' inboxes.

3. **Multi-Factor Authentication (MFA)**: Enforce MFA for accessing critical systems to add an extra layer of security, making it more difficult for attackers to gain unauthorized access.

4. **Regular Software Updates**: Ensure that all software, including email clients and security tools, is kept up to date to protect against known vulnerabilities that could be exploited in phishing attacks.

5. **Incident Response Plan**: Develop and maintain an incident response plan specifically for phishing attacks, outlining steps to take when a phishing attempt is detected.

6. **Access Controls**: Implement strict access controls to limit user permissions based on their roles, reducing the potential impact of a successful phishing attack.

7. **Phishing Simulations**: Conduct regular phishing simulation exercises to test employees' responses and reinforce training on identifying phishing attempts.

8. **Monitoring and Reporting**: Establish a system for monitoring and reporting suspicious activities, allowing for quick action to mitigate potential threats.

By implementing these measures, organizations can significantly enhance their defenses against phishing attacks in ICS environments.</b>","To reduce the risk of phishing attacks in ICS environments, several measures can be implemented:

1. **Employee Training and Awareness**: Regular training sessions should be conducted to educate employees about phishing tactics, how to recognize suspicious emails, and the importance of reporting potential threats.

2. **Email Filtering Solutions**: Implement advanced email filtering systems that can detect and block phishing attempts before they reach users' inboxes.

3. **Multi-Factor Authentication (MFA)**: Enforce MFA for accessing critical systems to add an extra layer of security, making it more difficult for attackers to gain unauthorized access.

4. **Regular Software Updates**: Ensure that all software, including email clients and security tools, is kept up to date to protect against known vulnerabilities that could be exploited in phishing attacks.

5. **Incident Response Plan**: Develop and maintain an incident response plan specifically for phishing attacks, outlining steps to take when a phishing attempt is detected.

6. **Access Controls**: Implement strict access controls to limit user permissions based on their roles, reducing the potential impact of a successful phishing attack.

7. **Phishing Simulations**: Conduct regular phishing simulation exercises to test employees' responses and reinforce training on identifying phishing attempts.

8. **Monitoring and Reporting**: Establish a system for monitoring and reporting suspicious activities, allowing for quick action to mitigate potential threats.

By implementing these measures, organizations can significantly enhance their defenses against phishing attacks in ICS environments."
How can ICS environments protect against the use of compromised credentials in cyberattacks?,inferential,"<b>To protect against the use of compromised credentials in cyberattacks within ICS environments, several strategies can be implemented:

1. **Multi-Factor Authentication (MFA)**: Implementing MFA adds an additional layer of security, requiring users to provide multiple forms of verification before gaining access.

2. **Regular Credential Audits**: Conducting frequent audits of user accounts and permissions can help identify and revoke access for any compromised or unnecessary accounts.

3. **User Behavior Analytics**: Utilizing tools that monitor user behavior can help detect anomalies that may indicate compromised credentials, allowing for timely intervention.

4. **Access Controls**: Enforcing strict access controls and the principle of least privilege ensures that users only have access to the resources necessary for their roles.

5. **Incident Response Plans**: Developing and regularly updating incident response plans can prepare organizations to quickly respond to potential breaches involving compromised credentials.

6. **Security Awareness Training**: Educating employees about the risks of phishing and other tactics used to compromise credentials can help reduce the likelihood of successful attacks.

7. **Network Segmentation**: Isolating critical systems and networks can limit the impact of compromised credentials, preventing attackers from easily moving laterally within the environment.

8. **Regular Software Updates and Patching**: Keeping systems up to date can mitigate vulnerabilities that attackers might exploit to gain access using compromised credentials.

By implementing these measures, ICS environments can enhance their defenses against cyberattacks that leverage compromised credentials.</b>","To protect against the use of compromised credentials in cyberattacks within ICS environments, several strategies can be implemented:

1. **Multi-Factor Authentication (MFA)**: Implementing MFA adds an additional layer of security, requiring users to provide multiple forms of verification before gaining access.

2. **Regular Credential Audits**: Conducting frequent audits of user accounts and permissions can help identify and revoke access for any compromised or unnecessary accounts.

3. **User Behavior Analytics**: Utilizing tools that monitor user behavior can help detect anomalies that may indicate compromised credentials, allowing for timely intervention.

4. **Access Controls**: Enforcing strict access controls and the principle of least privilege ensures that users only have access to the resources necessary for their roles.

5. **Incident Response Plans**: Developing and regularly updating incident response plans can prepare organizations to quickly respond to potential breaches involving compromised credentials.

6. **Security Awareness Training**: Educating employees about the risks of phishing and other tactics used to compromise credentials can help reduce the likelihood of successful attacks.

7. **Network Segmentation**: Isolating critical systems and networks can limit the impact of compromised credentials, preventing attackers from easily moving laterally within the environment.

8. **Regular Software Updates and Patching**: Keeping systems up to date can mitigate vulnerabilities that attackers might exploit to gain access using compromised credentials.

By implementing these measures, ICS environments can enhance their defenses against cyberattacks that leverage compromised credentials."
What steps can be taken to strengthen firewall configurations in ICS environments?,factual,"<b>To strengthen firewall configurations in ICS environments, consider the following steps:

1. **Define Security Zones**: Segment the network into different security zones to control traffic flow and limit access to critical systems.

2. **Implement Least Privilege Access**: Ensure that only necessary traffic is allowed through the firewall by applying the principle of least privilege. This includes restricting access to specific IP addresses and ports.

3. **Regularly Update Firewall Rules**: Review and update firewall rules regularly to adapt to changes in the network and emerging threats.

4. **Use Stateful Inspection**: Configure firewalls to use stateful inspection, which tracks the state of active connections and makes decisions based on the context of the traffic.

5. **Monitor and Log Traffic**: Enable logging and monitoring of firewall traffic to detect anomalies and potential security incidents.

6. **Conduct Regular Audits**: Perform regular audits of firewall configurations and rules to ensure compliance with security policies and best practices.

7. **Implement Intrusion Detection/Prevention Systems (IDS/IPS)**: Integrate IDS/IPS with firewalls to enhance threat detection and response capabilities.

8. **Restrict Remote Access**: Limit remote access to ICS systems and ensure that any remote connections are secured with strong authentication methods.

9. **Educate Staff**: Provide training for staff on the importance of firewall security and best practices for maintaining secure configurations.

10. **Test Firewall Configurations**: Regularly test firewall configurations through penetration testing and vulnerability assessments to identify and address weaknesses. 

By following these steps, organizations can enhance the security of their ICS environments against potential threats.</b>","To strengthen firewall configurations in ICS environments, consider the following steps:

1. **Define Security Zones**: Segment the network into different security zones to control traffic flow and limit access to critical systems.

2. **Implement Least Privilege Access**: Ensure that only necessary traffic is allowed through the firewall by applying the principle of least privilege. This includes restricting access to specific IP addresses and ports.

3. **Regularly Update Firewall Rules**: Review and update firewall rules regularly to adapt to changes in the network and emerging threats.

4. **Use Stateful Inspection**: Configure firewalls to use stateful inspection, which tracks the state of active connections and makes decisions based on the context of the traffic.

5. **Monitor and Log Traffic**: Enable logging and monitoring of firewall traffic to detect anomalies and potential security incidents.

6. **Conduct Regular Audits**: Perform regular audits of firewall configurations and rules to ensure compliance with security policies and best practices.

7. **Implement Intrusion Detection/Prevention Systems (IDS/IPS)**: Integrate IDS/IPS with firewalls to enhance threat detection and response capabilities.

8. **Restrict Remote Access**: Limit remote access to ICS systems and ensure that any remote connections are secured with strong authentication methods.

9. **Educate Staff**: Provide training for staff on the importance of firewall security and best practices for maintaining secure configurations.

10. **Test Firewall Configurations**: Regularly test firewall configurations through penetration testing and vulnerability assessments to identify and address weaknesses. 

By following these steps, organizations can enhance the security of their ICS environments against potential threats."
How can ICS environments prevent the spread of malware within their networks?,inferential,"<b>To prevent the spread of malware within ICS environments, several strategies can be implemented:

1. **Network Segmentation**: Isolate different parts of the network to limit the movement of malware. This can be achieved through firewalls and virtual local area networks (VLANs).

2. **Access Controls**: Implement strict access controls to ensure that only authorized personnel and devices can connect to critical systems. This includes using strong authentication methods.

3. **Regular Updates and Patching**: Keep all software and firmware up to date to protect against known vulnerabilities that malware could exploit.

4. **Intrusion Detection Systems (IDS)**: Deploy IDS to monitor network traffic for suspicious activities and potential threats, allowing for quick response to incidents.

5. **Endpoint Protection**: Utilize antivirus and anti-malware solutions on all endpoints within the ICS environment to detect and mitigate threats.

6. **User Training and Awareness**: Educate employees about cybersecurity best practices, including recognizing phishing attempts and safe browsing habits.

7. **Incident Response Plan**: Develop and regularly update an incident response plan to ensure a swift and effective response to any malware incidents.

8. **Backup and Recovery Solutions**: Implement regular data backups and ensure that recovery solutions are in place to restore systems in case of a malware attack.

By employing these measures, ICS environments can significantly reduce the risk of malware spreading within their networks.</b>","To prevent the spread of malware within ICS environments, several strategies can be implemented:

1. **Network Segmentation**: Isolate different parts of the network to limit the movement of malware. This can be achieved through firewalls and virtual local area networks (VLANs).

2. **Access Controls**: Implement strict access controls to ensure that only authorized personnel and devices can connect to critical systems. This includes using strong authentication methods.

3. **Regular Updates and Patching**: Keep all software and firmware up to date to protect against known vulnerabilities that malware could exploit.

4. **Intrusion Detection Systems (IDS)**: Deploy IDS to monitor network traffic for suspicious activities and potential threats, allowing for quick response to incidents.

5. **Endpoint Protection**: Utilize antivirus and anti-malware solutions on all endpoints within the ICS environment to detect and mitigate threats.

6. **User Training and Awareness**: Educate employees about cybersecurity best practices, including recognizing phishing attempts and safe browsing habits.

7. **Incident Response Plan**: Develop and regularly update an incident response plan to ensure a swift and effective response to any malware incidents.

8. **Backup and Recovery Solutions**: Implement regular data backups and ensure that recovery solutions are in place to restore systems in case of a malware attack.

By employing these measures, ICS environments can significantly reduce the risk of malware spreading within their networks."
How can ICS environments secure remote access points to prevent cyberattacks?,inferential,"<b>To secure remote access points in ICS environments and prevent cyberattacks, several strategies can be implemented:

1. **Strong Authentication**: Utilize multi-factor authentication (MFA) to ensure that only authorized users can access the system.

2. **Network Segmentation**: Isolate remote access points from critical systems to limit potential attack vectors and reduce the impact of a breach.

3. **Encryption**: Implement strong encryption protocols for data in transit to protect sensitive information from interception.

4. **Access Controls**: Establish strict access controls and permissions to ensure that users only have access to the resources necessary for their roles.

5. **Regular Updates and Patching**: Keep all systems and software up to date with the latest security patches to mitigate vulnerabilities.

6. **Monitoring and Logging**: Continuously monitor remote access points and maintain logs to detect and respond to suspicious activities promptly.

7. **Intrusion Detection Systems (IDS)**: Deploy IDS to identify and alert on potential threats in real-time.

8. **User Training**: Provide training for users on security best practices and the importance of safeguarding access credentials.

9. **Incident Response Plan**: Develop and regularly update an incident response plan to quickly address any security breaches that may occur.

By implementing these measures, ICS environments can enhance their security posture against potential cyber threats targeting remote access points.</b>","To secure remote access points in ICS environments and prevent cyberattacks, several strategies can be implemented:

1. **Strong Authentication**: Utilize multi-factor authentication (MFA) to ensure that only authorized users can access the system.

2. **Network Segmentation**: Isolate remote access points from critical systems to limit potential attack vectors and reduce the impact of a breach.

3. **Encryption**: Implement strong encryption protocols for data in transit to protect sensitive information from interception.

4. **Access Controls**: Establish strict access controls and permissions to ensure that users only have access to the resources necessary for their roles.

5. **Regular Updates and Patching**: Keep all systems and software up to date with the latest security patches to mitigate vulnerabilities.

6. **Monitoring and Logging**: Continuously monitor remote access points and maintain logs to detect and respond to suspicious activities promptly.

7. **Intrusion Detection Systems (IDS)**: Deploy IDS to identify and alert on potential threats in real-time.

8. **User Training**: Provide training for users on security best practices and the importance of safeguarding access credentials.

9. **Incident Response Plan**: Develop and regularly update an incident response plan to quickly address any security breaches that may occur.

By implementing these measures, ICS environments can enhance their security posture against potential cyber threats targeting remote access points."
What security practices can be implemented to defend against MITM attacks in ICS environments?,factual,"<b>To defend against Man-in-the-Middle (MITM) attacks in Industrial Control System (ICS) environments, several security practices can be implemented:

1. **Encryption**: Use strong encryption protocols for data in transit to protect against eavesdropping and tampering.

2. **Authentication**: Implement robust authentication mechanisms to ensure that only authorized devices and users can access the ICS network.

3. **Network Segmentation**: Isolate ICS networks from other networks to limit exposure and reduce the attack surface.

4. **Intrusion Detection Systems (IDS)**: Deploy IDS to monitor network traffic for suspicious activities that may indicate a MITM attack.

5. **Regular Software Updates**: Keep all software and firmware up to date to protect against known vulnerabilities that could be exploited in MITM attacks.

6. **Secure Configuration**: Ensure that all devices and systems are securely configured to minimize vulnerabilities.

7. **Use of VPNs**: Implement Virtual Private Networks (VPNs) for remote access to encrypt communications and protect against interception.

8. **User Education and Training**: Provide training for personnel on recognizing potential security threats and best practices for maintaining security.

9. **Certificate Management**: Use digital certificates to authenticate devices and establish secure connections, ensuring that only trusted entities can communicate.

10. **Monitoring and Logging**: Continuously monitor and log network activity to detect and respond to anomalies that may indicate a MITM attack.

By implementing these practices, organizations can enhance their defenses against MITM attacks in ICS environments.</b>","To defend against Man-in-the-Middle (MITM) attacks in Industrial Control System (ICS) environments, several security practices can be implemented:

1. **Encryption**: Use strong encryption protocols for data in transit to protect against eavesdropping and tampering.

2. **Authentication**: Implement robust authentication mechanisms to ensure that only authorized devices and users can access the ICS network.

3. **Network Segmentation**: Isolate ICS networks from other networks to limit exposure and reduce the attack surface.

4. **Intrusion Detection Systems (IDS)**: Deploy IDS to monitor network traffic for suspicious activities that may indicate a MITM attack.

5. **Regular Software Updates**: Keep all software and firmware up to date to protect against known vulnerabilities that could be exploited in MITM attacks.

6. **Secure Configuration**: Ensure that all devices and systems are securely configured to minimize vulnerabilities.

7. **Use of VPNs**: Implement Virtual Private Networks (VPNs) for remote access to encrypt communications and protect against interception.

8. **User Education and Training**: Provide training for personnel on recognizing potential security threats and best practices for maintaining security.

9. **Certificate Management**: Use digital certificates to authenticate devices and establish secure connections, ensuring that only trusted entities can communicate.

10. **Monitoring and Logging**: Continuously monitor and log network activity to detect and respond to anomalies that may indicate a MITM attack.

By implementing these practices, organizations can enhance their defenses against MITM attacks in ICS environments."
What steps can be taken to ensure effective antivirus protection in ICS environments?,inferential,"<b>To ensure effective antivirus protection in ICS (Industrial Control Systems) environments, the following steps can be taken:

1. **Conduct a Risk Assessment**: Identify potential threats and vulnerabilities specific to the ICS environment to understand the level of risk.

2. **Implement Network Segmentation**: Isolate ICS networks from corporate and external networks to limit exposure to potential threats.

3. **Regularly Update Antivirus Software**: Ensure that antivirus solutions are kept up to date with the latest virus definitions and patches to protect against new threats.

4. **Establish a Whitelisting Policy**: Use application whitelisting to allow only approved software to run on ICS systems, reducing the risk of malware execution.

5. **Monitor and Audit Systems**: Continuously monitor ICS environments for unusual activity and conduct regular audits to ensure compliance with security policies.

6. **Train Personnel**: Provide training for staff on cybersecurity best practices and the importance of antivirus protection in ICS environments.

7. **Develop an Incident Response Plan**: Create and regularly update an incident response plan to quickly address any security breaches or malware infections.

8. **Backup Critical Data**: Regularly back up important data and system configurations to ensure recovery in case of a malware attack.

9. **Limit User Privileges**: Implement the principle of least privilege by restricting user access to only what is necessary for their role.

10. **Engage with Security Experts**: Consult with cybersecurity professionals who specialize in ICS to enhance the security posture and stay informed about emerging threats. 

By following these steps, organizations can strengthen their antivirus protection and overall cybersecurity in ICS environments.</b>","To ensure effective antivirus protection in ICS (Industrial Control Systems) environments, the following steps can be taken:

1. **Conduct a Risk Assessment**: Identify potential threats and vulnerabilities specific to the ICS environment to understand the level of risk.

2. **Implement Network Segmentation**: Isolate ICS networks from corporate and external networks to limit exposure to potential threats.

3. **Regularly Update Antivirus Software**: Ensure that antivirus solutions are kept up to date with the latest virus definitions and patches to protect against new threats.

4. **Establish a Whitelisting Policy**: Use application whitelisting to allow only approved software to run on ICS systems, reducing the risk of malware execution.

5. **Monitor and Audit Systems**: Continuously monitor ICS environments for unusual activity and conduct regular audits to ensure compliance with security policies.

6. **Train Personnel**: Provide training for staff on cybersecurity best practices and the importance of antivirus protection in ICS environments.

7. **Develop an Incident Response Plan**: Create and regularly update an incident response plan to quickly address any security breaches or malware infections.

8. **Backup Critical Data**: Regularly back up important data and system configurations to ensure recovery in case of a malware attack.

9. **Limit User Privileges**: Implement the principle of least privilege by restricting user access to only what is necessary for their role.

10. **Engage with Security Experts**: Consult with cybersecurity professionals who specialize in ICS to enhance the security posture and stay informed about emerging threats. 

By following these steps, organizations can strengthen their antivirus protection and overall cybersecurity in ICS environments."
How can facilities secure remote access to prevent unauthorized entry?,inferential,"<b>Facilities can secure remote access to prevent unauthorized entry by implementing several key measures. These include using strong authentication methods, such as multi-factor authentication, to ensure that only authorized users can access the system. Additionally, employing secure VPNs (Virtual Private Networks) can encrypt data transmitted over the internet, making it more difficult for unauthorized individuals to intercept communications.

Regularly updating and patching software and systems is crucial to protect against vulnerabilities that could be exploited. Implementing strict access controls, such as role-based access, ensures that users only have access to the information necessary for their roles. Monitoring and logging access attempts can help identify and respond to suspicious activities promptly.

Finally, conducting regular security audits and training employees on security best practices can further enhance the overall security posture of remote access systems.</b>","Facilities can secure remote access to prevent unauthorized entry by implementing several key measures. These include using strong authentication methods, such as multi-factor authentication, to ensure that only authorized users can access the system. Additionally, employing secure VPNs (Virtual Private Networks) can encrypt data transmitted over the internet, making it more difficult for unauthorized individuals to intercept communications.

Regularly updating and patching software and systems is crucial to protect against vulnerabilities that could be exploited. Implementing strict access controls, such as role-based access, ensures that users only have access to the information necessary for their roles. Monitoring and logging access attempts can help identify and respond to suspicious activities promptly.

Finally, conducting regular security audits and training employees on security best practices can further enhance the overall security posture of remote access systems."
What immediate steps should be taken after a zero-day vulnerability is exploited?,factual,"<b>After a zero-day vulnerability is exploited, the immediate steps that should be taken include:

1. **Containment**: Isolate affected systems to prevent further exploitation and limit damage.
2. **Assessment**: Identify the extent of the breach and determine which systems and data have been compromised.
3. **Communication**: Notify relevant stakeholders, including IT teams, management, and potentially affected users, about the incident.
4. **Investigation**: Conduct a thorough investigation to understand how the exploit occurred and gather evidence for analysis.
5. **Patch and Update**: Apply patches or updates to vulnerable systems as soon as they are available to mitigate the risk of further exploitation.
6. **Monitoring**: Increase monitoring of network traffic and system logs to detect any unusual activity that may indicate ongoing exploitation.
7. **Review and Strengthen Security Policies**: Evaluate existing security measures and policies to identify weaknesses and improve defenses against future attacks.</b>","After a zero-day vulnerability is exploited, the immediate steps that should be taken include:

1. **Containment**: Isolate affected systems to prevent further exploitation and limit damage.
2. **Assessment**: Identify the extent of the breach and determine which systems and data have been compromised.
3. **Communication**: Notify relevant stakeholders, including IT teams, management, and potentially affected users, about the incident.
4. **Investigation**: Conduct a thorough investigation to understand how the exploit occurred and gather evidence for analysis.
5. **Patch and Update**: Apply patches or updates to vulnerable systems as soon as they are available to mitigate the risk of further exploitation.
6. **Monitoring**: Increase monitoring of network traffic and system logs to detect any unusual activity that may indicate ongoing exploitation.
7. **Review and Strengthen Security Policies**: Evaluate existing security measures and policies to identify weaknesses and improve defenses against future attacks."
How can malware designed for OT environments be effectively mitigated?,inferential,"<b>Effective mitigation of malware designed for operational technology (OT) environments can be achieved through several strategies:

1. **Network Segmentation**: Isolate OT networks from IT networks to limit the spread of malware and reduce exposure to potential threats.

2. **Access Controls**: Implement strict access controls to ensure that only authorized personnel can access OT systems. This includes using multi-factor authentication and role-based access.

3. **Regular Updates and Patching**: Keep all software and systems up to date with the latest security patches to close vulnerabilities that malware could exploit.

4. **Intrusion Detection Systems**: Deploy intrusion detection and prevention systems specifically designed for OT environments to monitor for unusual activity and potential threats.

5. **Employee Training**: Conduct regular training for employees on cybersecurity best practices, including recognizing phishing attempts and other social engineering tactics.

6. **Incident Response Plan**: Develop and maintain an incident response plan tailored to OT environments, ensuring that all personnel know their roles in the event of a malware attack.

7. **Backup and Recovery**: Regularly back up critical data and systems, and ensure that recovery procedures are in place to restore operations quickly after an incident.

8. **Threat Intelligence**: Stay informed about the latest threats and vulnerabilities specific to OT environments, and adjust security measures accordingly.

By implementing these strategies, organizations can enhance their resilience against malware targeting OT systems.</b>","Effective mitigation of malware designed for operational technology (OT) environments can be achieved through several strategies:

1. **Network Segmentation**: Isolate OT networks from IT networks to limit the spread of malware and reduce exposure to potential threats.

2. **Access Controls**: Implement strict access controls to ensure that only authorized personnel can access OT systems. This includes using multi-factor authentication and role-based access.

3. **Regular Updates and Patching**: Keep all software and systems up to date with the latest security patches to close vulnerabilities that malware could exploit.

4. **Intrusion Detection Systems**: Deploy intrusion detection and prevention systems specifically designed for OT environments to monitor for unusual activity and potential threats.

5. **Employee Training**: Conduct regular training for employees on cybersecurity best practices, including recognizing phishing attempts and other social engineering tactics.

6. **Incident Response Plan**: Develop and maintain an incident response plan tailored to OT environments, ensuring that all personnel know their roles in the event of a malware attack.

7. **Backup and Recovery**: Regularly back up critical data and systems, and ensure that recovery procedures are in place to restore operations quickly after an incident.

8. **Threat Intelligence**: Stay informed about the latest threats and vulnerabilities specific to OT environments, and adjust security measures accordingly.

By implementing these strategies, organizations can enhance their resilience against malware targeting OT systems."
What safeguards can be implemented to protect against unauthorized PLC reprogramming?,factual,"<b>To protect against unauthorized PLC reprogramming, several safeguards can be implemented:

1. **Access Control**: Implement strict access controls to ensure that only authorized personnel can access the PLC programming environment. This can include user authentication mechanisms such as passwords, biometric scans, or smart cards.

2. **Network Security**: Use firewalls and intrusion detection systems to monitor and control network traffic to and from the PLCs. This helps prevent unauthorized access from external sources.

3. **Encryption**: Encrypt communication between the PLC and programming devices to protect against interception and unauthorized modifications.

4. **Audit Trails**: Maintain detailed logs of all access and changes made to the PLC programming. Regularly review these logs to detect any unauthorized attempts or anomalies.

5. **Physical Security**: Ensure that physical access to PLCs and programming devices is restricted. This can include locked cabinets, surveillance cameras, and security personnel.

6. **Regular Updates and Patching**: Keep PLC firmware and software up to date to protect against known vulnerabilities that could be exploited for unauthorized access.

7. **Backup and Recovery Procedures**: Implement regular backup procedures for PLC programs and configurations. This ensures that in the event of unauthorized changes, the system can be restored to a known good state.

8. **Training and Awareness**: Provide training for personnel on the importance of security measures and the potential risks associated with unauthorized access to PLCs.

By implementing these safeguards, organizations can significantly reduce the risk of unauthorized PLC reprogramming.</b>","To protect against unauthorized PLC reprogramming, several safeguards can be implemented:

1. **Access Control**: Implement strict access controls to ensure that only authorized personnel can access the PLC programming environment. This can include user authentication mechanisms such as passwords, biometric scans, or smart cards.

2. **Network Security**: Use firewalls and intrusion detection systems to monitor and control network traffic to and from the PLCs. This helps prevent unauthorized access from external sources.

3. **Encryption**: Encrypt communication between the PLC and programming devices to protect against interception and unauthorized modifications.

4. **Audit Trails**: Maintain detailed logs of all access and changes made to the PLC programming. Regularly review these logs to detect any unauthorized attempts or anomalies.

5. **Physical Security**: Ensure that physical access to PLCs and programming devices is restricted. This can include locked cabinets, surveillance cameras, and security personnel.

6. **Regular Updates and Patching**: Keep PLC firmware and software up to date to protect against known vulnerabilities that could be exploited for unauthorized access.

7. **Backup and Recovery Procedures**: Implement regular backup procedures for PLC programs and configurations. This ensures that in the event of unauthorized changes, the system can be restored to a known good state.

8. **Training and Awareness**: Provide training for personnel on the importance of security measures and the potential risks associated with unauthorized access to PLCs.

By implementing these safeguards, organizations can significantly reduce the risk of unauthorized PLC reprogramming."
What are effective countermeasures against social engineering attacks in ICS environments?,inferential,"<b>Effective countermeasures against social engineering attacks in ICS environments include implementing robust security awareness training for employees to recognize and respond to social engineering tactics. Regularly updating and enforcing access controls can help limit the potential for unauthorized access. Additionally, establishing clear communication protocols and incident response plans ensures that suspicious activities are reported and addressed promptly. Conducting regular security audits and assessments can also identify vulnerabilities that may be exploited by social engineers. Finally, fostering a culture of security within the organization encourages vigilance and proactive behavior among all staff members.</b>","Effective countermeasures against social engineering attacks in ICS environments include implementing robust security awareness training for employees to recognize and respond to social engineering tactics. Regularly updating and enforcing access controls can help limit the potential for unauthorized access. Additionally, establishing clear communication protocols and incident response plans ensures that suspicious activities are reported and addressed promptly. Conducting regular security audits and assessments can also identify vulnerabilities that may be exploited by social engineers. Finally, fostering a culture of security within the organization encourages vigilance and proactive behavior among all staff members."
What strategies can be employed to mitigate DDoS attacks in ICS environments?,factual,"<b>To mitigate DDoS attacks in Industrial Control System (ICS) environments, several strategies can be employed:

1. **Network Segmentation**: Isolate ICS networks from corporate networks and the internet to limit exposure and control traffic flow.

2. **Traffic Filtering**: Implement firewalls and intrusion detection systems to filter out malicious traffic before it reaches critical systems.

3. **Rate Limiting**: Set thresholds for incoming traffic to prevent overwhelming the system, allowing only legitimate requests to pass through.

4. **Redundancy and Load Balancing**: Use redundant systems and load balancers to distribute traffic evenly, ensuring that no single point becomes a target.

5. **Anomaly Detection**: Deploy monitoring tools that can identify unusual traffic patterns indicative of a DDoS attack, enabling quicker response.

6. **Incident Response Plan**: Develop and regularly update an incident response plan specifically for DDoS attacks, ensuring that all personnel are trained and aware of their roles.

7. **Collaboration with ISPs**: Work with Internet Service Providers to implement upstream filtering and mitigation strategies that can help absorb or deflect attack traffic.

8. **Regular Security Audits**: Conduct frequent assessments of the ICS environment to identify vulnerabilities and improve defenses against potential DDoS attacks.

By implementing these strategies, organizations can enhance their resilience against DDoS attacks in ICS environments.</b>","To mitigate DDoS attacks in Industrial Control System (ICS) environments, several strategies can be employed:

1. **Network Segmentation**: Isolate ICS networks from corporate networks and the internet to limit exposure and control traffic flow.

2. **Traffic Filtering**: Implement firewalls and intrusion detection systems to filter out malicious traffic before it reaches critical systems.

3. **Rate Limiting**: Set thresholds for incoming traffic to prevent overwhelming the system, allowing only legitimate requests to pass through.

4. **Redundancy and Load Balancing**: Use redundant systems and load balancers to distribute traffic evenly, ensuring that no single point becomes a target.

5. **Anomaly Detection**: Deploy monitoring tools that can identify unusual traffic patterns indicative of a DDoS attack, enabling quicker response.

6. **Incident Response Plan**: Develop and regularly update an incident response plan specifically for DDoS attacks, ensuring that all personnel are trained and aware of their roles.

7. **Collaboration with ISPs**: Work with Internet Service Providers to implement upstream filtering and mitigation strategies that can help absorb or deflect attack traffic.

8. **Regular Security Audits**: Conduct frequent assessments of the ICS environment to identify vulnerabilities and improve defenses against potential DDoS attacks.

By implementing these strategies, organizations can enhance their resilience against DDoS attacks in ICS environments."
How should a facility respond to detected reconnaissance activities?,inferential,"<b>A facility should respond to detected reconnaissance activities by implementing the following measures:

1. **Increase Surveillance**: Enhance monitoring of the area to gather more information about the reconnaissance activities and identify the individuals or groups involved.

2. **Alert Security Personnel**: Notify security staff to be on high alert and prepared to respond to any potential threats.

3. **Document Activities**: Record details of the reconnaissance, including times, locations, and descriptions of the individuals or vehicles involved, to aid in further investigation.

4. **Review Security Protocols**: Assess current security measures and protocols to identify any vulnerabilities that may have been exploited during the reconnaissance.

5. **Engage Law Enforcement**: If necessary, contact local law enforcement to report the activities and seek assistance in monitoring or investigating the situation.

6. **Conduct a Risk Assessment**: Evaluate the potential risks associated with the reconnaissance activities and adjust security measures accordingly.

7. **Communicate Internally**: Inform relevant personnel within the facility about the situation to ensure everyone is aware and can contribute to heightened security.

8. **Plan for Contingencies**: Develop or update response plans for potential security breaches or incidents that may arise from the reconnaissance activities. 

By taking these steps, a facility can effectively address and mitigate the risks associated with reconnaissance activities.</b>","A facility should respond to detected reconnaissance activities by implementing the following measures:

1. **Increase Surveillance**: Enhance monitoring of the area to gather more information about the reconnaissance activities and identify the individuals or groups involved.

2. **Alert Security Personnel**: Notify security staff to be on high alert and prepared to respond to any potential threats.

3. **Document Activities**: Record details of the reconnaissance, including times, locations, and descriptions of the individuals or vehicles involved, to aid in further investigation.

4. **Review Security Protocols**: Assess current security measures and protocols to identify any vulnerabilities that may have been exploited during the reconnaissance.

5. **Engage Law Enforcement**: If necessary, contact local law enforcement to report the activities and seek assistance in monitoring or investigating the situation.

6. **Conduct a Risk Assessment**: Evaluate the potential risks associated with the reconnaissance activities and adjust security measures accordingly.

7. **Communicate Internally**: Inform relevant personnel within the facility about the situation to ensure everyone is aware and can contribute to heightened security.

8. **Plan for Contingencies**: Develop or update response plans for potential security breaches or incidents that may arise from the reconnaissance activities. 

By taking these steps, a facility can effectively address and mitigate the risks associated with reconnaissance activities."
What measures can prevent unauthorized changes to ICS configuration files?,factual,"<b>To prevent unauthorized changes to ICS configuration files, several measures can be implemented:

1. **Access Control**: Implement strict access controls to ensure that only authorized personnel can modify configuration files. This includes using role-based access controls and regularly reviewing access permissions.

2. **Authentication and Authorization**: Use strong authentication methods, such as multi-factor authentication, to verify the identity of users accessing the ICS.

3. **Change Management Procedures**: Establish formal change management processes that require documentation and approval for any changes to configuration files.

4. **Regular Audits and Monitoring**: Conduct regular audits of configuration files and monitor for any unauthorized changes. This can include logging access and modifications to the files.

5. **Backup and Recovery**: Maintain regular backups of configuration files to allow for quick recovery in case of unauthorized changes or corruption.

6. **Encryption**: Use encryption to protect configuration files both at rest and in transit, making it more difficult for unauthorized users to access or alter them.

7. **Network Segmentation**: Isolate ICS networks from other networks to reduce the risk of unauthorized access and changes.

8. **Security Policies and Training**: Develop and enforce security policies regarding the handling of configuration files and provide training to staff on best practices for security.

Implementing these measures can significantly enhance the security of ICS configuration files against unauthorized changes.</b>","To prevent unauthorized changes to ICS configuration files, several measures can be implemented:

1. **Access Control**: Implement strict access controls to ensure that only authorized personnel can modify configuration files. This includes using role-based access controls and regularly reviewing access permissions.

2. **Authentication and Authorization**: Use strong authentication methods, such as multi-factor authentication, to verify the identity of users accessing the ICS.

3. **Change Management Procedures**: Establish formal change management processes that require documentation and approval for any changes to configuration files.

4. **Regular Audits and Monitoring**: Conduct regular audits of configuration files and monitor for any unauthorized changes. This can include logging access and modifications to the files.

5. **Backup and Recovery**: Maintain regular backups of configuration files to allow for quick recovery in case of unauthorized changes or corruption.

6. **Encryption**: Use encryption to protect configuration files both at rest and in transit, making it more difficult for unauthorized users to access or alter them.

7. **Network Segmentation**: Isolate ICS networks from other networks to reduce the risk of unauthorized access and changes.

8. **Security Policies and Training**: Develop and enforce security policies regarding the handling of configuration files and provide training to staff on best practices for security.

Implementing these measures can significantly enhance the security of ICS configuration files against unauthorized changes."
How can weak password practices in ICS environments be strengthened?,inferential,"<b>Weak password practices in ICS environments can be strengthened by implementing the following measures:

1. **Enforce Strong Password Policies**: Require the use of complex passwords that include a mix of uppercase and lowercase letters, numbers, and special characters. Set minimum length requirements.

2. **Regular Password Changes**: Mandate regular password updates to reduce the risk of compromised credentials being used over time.

3. **Multi-Factor Authentication (MFA)**: Implement MFA to add an additional layer of security beyond just passwords, making it more difficult for unauthorized users to gain access.

4. **User Education and Training**: Provide training for users on the importance of strong passwords and the risks associated with weak password practices.

5. **Account Lockout Mechanisms**: Establish account lockout policies after a certain number of failed login attempts to prevent brute-force attacks.

6. **Password Management Tools**: Encourage the use of password managers to help users create and store complex passwords securely.

7. **Audit and Monitoring**: Regularly audit password practices and monitor for any suspicious login attempts or access patterns.

8. **Limit Access**: Restrict access to critical systems and data to only those who need it, reducing the number of accounts that require strong passwords.

By implementing these strategies, organizations can significantly enhance the security of their ICS environments against password-related vulnerabilities.</b>","Weak password practices in ICS environments can be strengthened by implementing the following measures:

1. **Enforce Strong Password Policies**: Require the use of complex passwords that include a mix of uppercase and lowercase letters, numbers, and special characters. Set minimum length requirements.

2. **Regular Password Changes**: Mandate regular password updates to reduce the risk of compromised credentials being used over time.

3. **Multi-Factor Authentication (MFA)**: Implement MFA to add an additional layer of security beyond just passwords, making it more difficult for unauthorized users to gain access.

4. **User Education and Training**: Provide training for users on the importance of strong passwords and the risks associated with weak password practices.

5. **Account Lockout Mechanisms**: Establish account lockout policies after a certain number of failed login attempts to prevent brute-force attacks.

6. **Password Management Tools**: Encourage the use of password managers to help users create and store complex passwords securely.

7. **Audit and Monitoring**: Regularly audit password practices and monitor for any suspicious login attempts or access patterns.

8. **Limit Access**: Restrict access to critical systems and data to only those who need it, reducing the number of accounts that require strong passwords.

By implementing these strategies, organizations can significantly enhance the security of their ICS environments against password-related vulnerabilities."
What controls can mitigate the threat of rogue insiders in ICS environments?,factual,"<b>To mitigate the threat of rogue insiders in Industrial Control Systems (ICS) environments, several controls can be implemented:

1. **Access Control**: Implement strict access controls to ensure that only authorized personnel have access to critical systems and data. This includes role-based access controls and the principle of least privilege.

2. **Monitoring and Auditing**: Regularly monitor user activities and conduct audits to detect any unusual behavior or unauthorized access attempts. This can help identify potential insider threats early.

3. **User Training and Awareness**: Provide training for employees on security best practices and the importance of reporting suspicious activities. Awareness programs can help create a security-conscious culture.

4. **Incident Response Plan**: Develop and maintain an incident response plan specifically for insider threats. This plan should outline procedures for identifying, responding to, and recovering from incidents involving rogue insiders.

5. **Behavioral Analytics**: Utilize behavioral analytics tools to establish baselines for normal user behavior and detect anomalies that may indicate malicious intent.

6. **Segmentation of Networks**: Segment networks to limit the access of insiders to only the systems necessary for their job functions. This can help contain potential damage from rogue actions.

7. **Background Checks**: Conduct thorough background checks during the hiring process to identify any potential red flags that could indicate a risk of insider threats.

8. **Data Loss Prevention (DLP)**: Implement DLP solutions to monitor and protect sensitive data from unauthorized access or exfiltration by insiders.

By combining these controls, organizations can create a robust defense against the risks posed by rogue insiders in ICS environments.</b>","To mitigate the threat of rogue insiders in Industrial Control Systems (ICS) environments, several controls can be implemented:

1. **Access Control**: Implement strict access controls to ensure that only authorized personnel have access to critical systems and data. This includes role-based access controls and the principle of least privilege.

2. **Monitoring and Auditing**: Regularly monitor user activities and conduct audits to detect any unusual behavior or unauthorized access attempts. This can help identify potential insider threats early.

3. **User Training and Awareness**: Provide training for employees on security best practices and the importance of reporting suspicious activities. Awareness programs can help create a security-conscious culture.

4. **Incident Response Plan**: Develop and maintain an incident response plan specifically for insider threats. This plan should outline procedures for identifying, responding to, and recovering from incidents involving rogue insiders.

5. **Behavioral Analytics**: Utilize behavioral analytics tools to establish baselines for normal user behavior and detect anomalies that may indicate malicious intent.

6. **Segmentation of Networks**: Segment networks to limit the access of insiders to only the systems necessary for their job functions. This can help contain potential damage from rogue actions.

7. **Background Checks**: Conduct thorough background checks during the hiring process to identify any potential red flags that could indicate a risk of insider threats.

8. **Data Loss Prevention (DLP)**: Implement DLP solutions to monitor and protect sensitive data from unauthorized access or exfiltration by insiders.

By combining these controls, organizations can create a robust defense against the risks posed by rogue insiders in ICS environments."
What steps should be taken to prevent data exfiltration in ICS networks?,factual,"<b>To prevent data exfiltration in Industrial Control System (ICS) networks, the following steps should be taken:

1. **Network Segmentation**: Isolate ICS networks from corporate and external networks to limit access and reduce the attack surface.

2. **Access Control**: Implement strict access controls, ensuring that only authorized personnel have access to sensitive data and systems.

3. **Monitoring and Logging**: Continuously monitor network traffic and maintain logs to detect any unusual activities that may indicate data exfiltration attempts.

4. **Data Encryption**: Use encryption for data at rest and in transit to protect sensitive information from unauthorized access.

5. **Regular Security Audits**: Conduct regular security assessments and audits to identify vulnerabilities and ensure compliance with security policies.

6. **Incident Response Plan**: Develop and maintain an incident response plan to quickly address any data breaches or security incidents.

7. **Employee Training**: Provide training for employees on security best practices and the importance of protecting sensitive data.

8. **Patch Management**: Keep all systems and software up to date with the latest security patches to mitigate vulnerabilities.

9. **Intrusion Detection Systems (IDS)**: Deploy IDS to detect and respond to potential threats in real-time.

10. **Physical Security**: Ensure physical security measures are in place to protect critical infrastructure and prevent unauthorized access to facilities. 

Implementing these measures can significantly reduce the risk of data exfiltration in ICS environments.</b>","To prevent data exfiltration in Industrial Control System (ICS) networks, the following steps should be taken:

1. **Network Segmentation**: Isolate ICS networks from corporate and external networks to limit access and reduce the attack surface.

2. **Access Control**: Implement strict access controls, ensuring that only authorized personnel have access to sensitive data and systems.

3. **Monitoring and Logging**: Continuously monitor network traffic and maintain logs to detect any unusual activities that may indicate data exfiltration attempts.

4. **Data Encryption**: Use encryption for data at rest and in transit to protect sensitive information from unauthorized access.

5. **Regular Security Audits**: Conduct regular security assessments and audits to identify vulnerabilities and ensure compliance with security policies.

6. **Incident Response Plan**: Develop and maintain an incident response plan to quickly address any data breaches or security incidents.

7. **Employee Training**: Provide training for employees on security best practices and the importance of protecting sensitive data.

8. **Patch Management**: Keep all systems and software up to date with the latest security patches to mitigate vulnerabilities.

9. **Intrusion Detection Systems (IDS)**: Deploy IDS to detect and respond to potential threats in real-time.

10. **Physical Security**: Ensure physical security measures are in place to protect critical infrastructure and prevent unauthorized access to facilities. 

Implementing these measures can significantly reduce the risk of data exfiltration in ICS environments."
What preventive measures can protect ICS from ransomware attacks?,factual,"<b>To protect Industrial Control Systems (ICS) from ransomware attacks, several preventive measures can be implemented:

1. **Network Segmentation**: Isolate ICS networks from other networks to limit the spread of ransomware.

2. **Access Controls**: Implement strict access controls and authentication measures to ensure that only authorized personnel can access critical systems.

3. **Regular Software Updates**: Keep all software and firmware up to date to patch vulnerabilities that could be exploited by ransomware.

4. **Backup Data**: Regularly back up critical data and ensure that backups are stored securely and are not directly accessible from the ICS network.

5. **Employee Training**: Conduct regular training sessions for employees to recognize phishing attempts and other social engineering tactics that could lead to ransomware infections.

6. **Intrusion Detection Systems**: Utilize intrusion detection and prevention systems to monitor network traffic for suspicious activities.

7. **Incident Response Plan**: Develop and maintain an incident response plan specifically for ransomware attacks, ensuring that all personnel are familiar with their roles in the event of an attack.

8. **Endpoint Protection**: Deploy robust endpoint protection solutions that can detect and block ransomware before it can execute.

9. **Limit Remote Access**: Restrict remote access to ICS systems and use secure methods for any necessary remote connections.

10. **Regular Security Audits**: Conduct regular security assessments and audits to identify and mitigate potential vulnerabilities in the ICS environment. 

Implementing these measures can significantly enhance the resilience of ICS against ransomware threats.</b>","To protect Industrial Control Systems (ICS) from ransomware attacks, several preventive measures can be implemented:

1. **Network Segmentation**: Isolate ICS networks from other networks to limit the spread of ransomware.

2. **Access Controls**: Implement strict access controls and authentication measures to ensure that only authorized personnel can access critical systems.

3. **Regular Software Updates**: Keep all software and firmware up to date to patch vulnerabilities that could be exploited by ransomware.

4. **Backup Data**: Regularly back up critical data and ensure that backups are stored securely and are not directly accessible from the ICS network.

5. **Employee Training**: Conduct regular training sessions for employees to recognize phishing attempts and other social engineering tactics that could lead to ransomware infections.

6. **Intrusion Detection Systems**: Utilize intrusion detection and prevention systems to monitor network traffic for suspicious activities.

7. **Incident Response Plan**: Develop and maintain an incident response plan specifically for ransomware attacks, ensuring that all personnel are familiar with their roles in the event of an attack.

8. **Endpoint Protection**: Deploy robust endpoint protection solutions that can detect and block ransomware before it can execute.

9. **Limit Remote Access**: Restrict remote access to ICS systems and use secure methods for any necessary remote connections.

10. **Regular Security Audits**: Conduct regular security assessments and audits to identify and mitigate potential vulnerabilities in the ICS environment. 

Implementing these measures can significantly enhance the resilience of ICS against ransomware threats."
What is the best approach to securing legacy systems in ICS?,factual,"<b>The best approach to securing legacy systems in Industrial Control Systems (ICS) involves several key strategies:

1. **Network Segmentation**: Isolate legacy systems from the main network to limit exposure to potential threats. This can be achieved through firewalls and virtual local area networks (VLANs).

2. **Access Control**: Implement strict access controls to ensure that only authorized personnel can interact with legacy systems. This includes using strong authentication methods and regularly reviewing access permissions.

3. **Regular Updates and Patching**: While legacy systems may not support the latest updates, it's important to apply any available patches and updates to mitigate known vulnerabilities.

4. **Monitoring and Logging**: Establish continuous monitoring and logging of activities on legacy systems to detect any unusual behavior or potential security incidents.

5. **Incident Response Plan**: Develop and maintain an incident response plan specifically tailored for legacy systems to ensure quick and effective action in the event of a security breach.

6. **Risk Assessment**: Conduct regular risk assessments to identify vulnerabilities and prioritize security measures based on the potential impact on operations.

7. **Employee Training**: Provide training for employees on security best practices and the specific risks associated with legacy systems.

By implementing these strategies, organizations can enhance the security posture of their legacy systems within ICS environments.</b>","The best approach to securing legacy systems in Industrial Control Systems (ICS) involves several key strategies:

1. **Network Segmentation**: Isolate legacy systems from the main network to limit exposure to potential threats. This can be achieved through firewalls and virtual local area networks (VLANs).

2. **Access Control**: Implement strict access controls to ensure that only authorized personnel can interact with legacy systems. This includes using strong authentication methods and regularly reviewing access permissions.

3. **Regular Updates and Patching**: While legacy systems may not support the latest updates, it's important to apply any available patches and updates to mitigate known vulnerabilities.

4. **Monitoring and Logging**: Establish continuous monitoring and logging of activities on legacy systems to detect any unusual behavior or potential security incidents.

5. **Incident Response Plan**: Develop and maintain an incident response plan specifically tailored for legacy systems to ensure quick and effective action in the event of a security breach.

6. **Risk Assessment**: Conduct regular risk assessments to identify vulnerabilities and prioritize security measures based on the potential impact on operations.

7. **Employee Training**: Provide training for employees on security best practices and the specific risks associated with legacy systems.

By implementing these strategies, organizations can enhance the security posture of their legacy systems within ICS environments."
How can phishing attacks be mitigated in ICS environments?,inferential,"<b>Phishing attacks in Industrial Control Systems (ICS) environments can be mitigated through several strategies:

1. **Employee Training and Awareness**: Regular training sessions should be conducted to educate employees about the risks of phishing and how to recognize suspicious emails and links.

2. **Email Filtering**: Implement advanced email filtering solutions to detect and block phishing attempts before they reach users' inboxes.

3. **Multi-Factor Authentication (MFA)**: Enforce MFA for accessing critical systems to add an extra layer of security, making it harder for attackers to gain unauthorized access.

4. **Regular Software Updates**: Keep all software and systems updated to protect against vulnerabilities that could be exploited by phishing attacks.

5. **Incident Response Plan**: Develop and maintain an incident response plan specifically for phishing attacks, ensuring that employees know how to report suspicious activities.

6. **Access Controls**: Limit access to sensitive systems and data based on the principle of least privilege, reducing the potential impact of a successful phishing attack.

7. **Simulated Phishing Exercises**: Conduct regular simulated phishing exercises to test employees' responses and reinforce training.

By implementing these measures, organizations can significantly reduce the risk of phishing attacks in their ICS environments.</b>","Phishing attacks in Industrial Control Systems (ICS) environments can be mitigated through several strategies:

1. **Employee Training and Awareness**: Regular training sessions should be conducted to educate employees about the risks of phishing and how to recognize suspicious emails and links.

2. **Email Filtering**: Implement advanced email filtering solutions to detect and block phishing attempts before they reach users' inboxes.

3. **Multi-Factor Authentication (MFA)**: Enforce MFA for accessing critical systems to add an extra layer of security, making it harder for attackers to gain unauthorized access.

4. **Regular Software Updates**: Keep all software and systems updated to protect against vulnerabilities that could be exploited by phishing attacks.

5. **Incident Response Plan**: Develop and maintain an incident response plan specifically for phishing attacks, ensuring that employees know how to report suspicious activities.

6. **Access Controls**: Limit access to sensitive systems and data based on the principle of least privilege, reducing the potential impact of a successful phishing attack.

7. **Simulated Phishing Exercises**: Conduct regular simulated phishing exercises to test employees' responses and reinforce training.

By implementing these measures, organizations can significantly reduce the risk of phishing attacks in their ICS environments."
How can facilities protect against supply chain attacks on ICS hardware?,inferential,"<b>Facilities can protect against supply chain attacks on ICS hardware by implementing several key strategies. These include:

1. **Vendor Assessment**: Conduct thorough assessments of suppliers and vendors to ensure they adhere to security best practices and standards.

2. **Supply Chain Transparency**: Maintain visibility into the supply chain to identify potential vulnerabilities and ensure that all components are sourced from trusted suppliers.

3. **Regular Audits**: Perform regular audits and inspections of hardware and software to detect any unauthorized changes or tampering.

4. **Secure Configuration**: Ensure that all ICS hardware is securely configured upon installation, following best practices to minimize vulnerabilities.

5. **Access Controls**: Implement strict access controls to limit who can interact with ICS hardware and software, reducing the risk of insider threats.

6. **Monitoring and Detection**: Utilize monitoring tools to detect unusual activity or anomalies in the ICS environment that may indicate a supply chain compromise.

7. **Incident Response Plan**: Develop and maintain an incident response plan specifically for supply chain attacks, ensuring that the facility can quickly respond to any detected threats.

8. **Training and Awareness**: Provide training for staff on the importance of supply chain security and how to recognize potential threats.

By adopting these measures, facilities can enhance their resilience against supply chain attacks targeting ICS hardware.</b>","Facilities can protect against supply chain attacks on ICS hardware by implementing several key strategies. These include:

1. **Vendor Assessment**: Conduct thorough assessments of suppliers and vendors to ensure they adhere to security best practices and standards.

2. **Supply Chain Transparency**: Maintain visibility into the supply chain to identify potential vulnerabilities and ensure that all components are sourced from trusted suppliers.

3. **Regular Audits**: Perform regular audits and inspections of hardware and software to detect any unauthorized changes or tampering.

4. **Secure Configuration**: Ensure that all ICS hardware is securely configured upon installation, following best practices to minimize vulnerabilities.

5. **Access Controls**: Implement strict access controls to limit who can interact with ICS hardware and software, reducing the risk of insider threats.

6. **Monitoring and Detection**: Utilize monitoring tools to detect unusual activity or anomalies in the ICS environment that may indicate a supply chain compromise.

7. **Incident Response Plan**: Develop and maintain an incident response plan specifically for supply chain attacks, ensuring that the facility can quickly respond to any detected threats.

8. **Training and Awareness**: Provide training for staff on the importance of supply chain security and how to recognize potential threats.

By adopting these measures, facilities can enhance their resilience against supply chain attacks targeting ICS hardware."
What strategies can detect and respond to advanced persistent threats (APTs) in ICS?,factual,"<b>To detect and respond to advanced persistent threats (APTs) in industrial control systems (ICS), several strategies can be employed:

1. **Network Segmentation**: Isolate ICS networks from corporate networks to limit the spread of threats and enhance monitoring capabilities.

2. **Intrusion Detection Systems (IDS)**: Implement specialized IDS that are tailored for ICS environments to monitor for unusual activities and potential intrusions.

3. **Behavioral Analysis**: Utilize machine learning and behavioral analytics to establish baselines for normal operations and detect anomalies that may indicate APT activity.

4. **Regular Vulnerability Assessments**: Conduct frequent assessments to identify and remediate vulnerabilities within the ICS infrastructure.

5. **Threat Intelligence Sharing**: Engage in information sharing with other organizations and industry groups to stay informed about emerging threats and vulnerabilities.

6. **Incident Response Planning**: Develop and regularly update an incident response plan specifically for ICS, ensuring that all stakeholders are trained and aware of their roles.

7. **Continuous Monitoring**: Implement continuous monitoring solutions to track system performance and security events in real-time.

8. **Access Control and Authentication**: Enforce strict access controls and multi-factor authentication to limit unauthorized access to critical systems.

9. **Patch Management**: Maintain a robust patch management process to ensure that all systems are up-to-date with the latest security patches.

10. **Employee Training and Awareness**: Provide regular training for employees on cybersecurity best practices and the specific threats facing ICS environments.

By integrating these strategies, organizations can enhance their ability to detect and respond to APTs effectively.</b>","To detect and respond to advanced persistent threats (APTs) in industrial control systems (ICS), several strategies can be employed:

1. **Network Segmentation**: Isolate ICS networks from corporate networks to limit the spread of threats and enhance monitoring capabilities.

2. **Intrusion Detection Systems (IDS)**: Implement specialized IDS that are tailored for ICS environments to monitor for unusual activities and potential intrusions.

3. **Behavioral Analysis**: Utilize machine learning and behavioral analytics to establish baselines for normal operations and detect anomalies that may indicate APT activity.

4. **Regular Vulnerability Assessments**: Conduct frequent assessments to identify and remediate vulnerabilities within the ICS infrastructure.

5. **Threat Intelligence Sharing**: Engage in information sharing with other organizations and industry groups to stay informed about emerging threats and vulnerabilities.

6. **Incident Response Planning**: Develop and regularly update an incident response plan specifically for ICS, ensuring that all stakeholders are trained and aware of their roles.

7. **Continuous Monitoring**: Implement continuous monitoring solutions to track system performance and security events in real-time.

8. **Access Control and Authentication**: Enforce strict access controls and multi-factor authentication to limit unauthorized access to critical systems.

9. **Patch Management**: Maintain a robust patch management process to ensure that all systems are up-to-date with the latest security patches.

10. **Employee Training and Awareness**: Provide regular training for employees on cybersecurity best practices and the specific threats facing ICS environments.

By integrating these strategies, organizations can enhance their ability to detect and respond to APTs effectively."
What protections can be put in place to safeguard safety instrumented systems?,factual,"<b>To safeguard safety instrumented systems, several protections can be implemented, including:

1. **Redundancy**: Employing redundant components or systems to ensure that if one fails, another can take over, thus maintaining safety functions.

2. **Regular Testing and Maintenance**: Conducting routine checks and maintenance to ensure that all components are functioning correctly and to identify potential issues before they lead to failures.

3. **Fail-Safe Design**: Designing systems to default to a safe state in the event of a failure, minimizing the risk of hazardous situations.

4. **Robustness Against External Factors**: Implementing measures to protect against environmental factors, such as electromagnetic interference, temperature extremes, and physical damage.

5. **Access Control and Security Measures**: Establishing strict access controls and cybersecurity measures to prevent unauthorized access or tampering with the safety systems.

6. **Training and Procedures**: Ensuring that personnel are adequately trained in the operation and maintenance of safety systems, along with clear procedures for responding to system alerts or failures.

7. **Documentation and Compliance**: Maintaining thorough documentation of system design, operation, and maintenance, and ensuring compliance with relevant safety standards and regulations.

8. **Continuous Monitoring**: Utilizing real-time monitoring systems to detect anomalies or failures promptly, allowing for quick response to potential safety issues.

Implementing these protections can significantly enhance the reliability and safety of safety instrumented systems.</b>","To safeguard safety instrumented systems, several protections can be implemented, including:

1. **Redundancy**: Employing redundant components or systems to ensure that if one fails, another can take over, thus maintaining safety functions.

2. **Regular Testing and Maintenance**: Conducting routine checks and maintenance to ensure that all components are functioning correctly and to identify potential issues before they lead to failures.

3. **Fail-Safe Design**: Designing systems to default to a safe state in the event of a failure, minimizing the risk of hazardous situations.

4. **Robustness Against External Factors**: Implementing measures to protect against environmental factors, such as electromagnetic interference, temperature extremes, and physical damage.

5. **Access Control and Security Measures**: Establishing strict access controls and cybersecurity measures to prevent unauthorized access or tampering with the safety systems.

6. **Training and Procedures**: Ensuring that personnel are adequately trained in the operation and maintenance of safety systems, along with clear procedures for responding to system alerts or failures.

7. **Documentation and Compliance**: Maintaining thorough documentation of system design, operation, and maintenance, and ensuring compliance with relevant safety standards and regulations.

8. **Continuous Monitoring**: Utilizing real-time monitoring systems to detect anomalies or failures promptly, allowing for quick response to potential safety issues.

Implementing these protections can significantly enhance the reliability and safety of safety instrumented systems."
What are effective countermeasures against watering hole attacks in ICS?,inferential,"<b>Effective countermeasures against watering hole attacks in Industrial Control Systems (ICS) include:

1. **Network Segmentation**: Isolate ICS networks from other networks to limit exposure and reduce the risk of compromise.

2. **Access Controls**: Implement strict access controls to ensure that only authorized personnel can access critical systems and data.

3. **Regular Software Updates**: Keep all software and systems up to date with the latest security patches to mitigate vulnerabilities.

4. **User Education and Training**: Provide training for employees to recognize suspicious activities and understand the risks associated with watering hole attacks.

5. **Threat Intelligence**: Utilize threat intelligence to stay informed about potential threats and vulnerabilities that could be exploited in watering hole attacks.

6. **Monitoring and Detection**: Employ continuous monitoring and intrusion detection systems to identify unusual behavior or access patterns that may indicate an attack.

7. **Incident Response Plan**: Develop and regularly update an incident response plan to quickly address any security breaches that may occur.

8. **Web Filtering**: Use web filtering solutions to block access to known malicious websites that could be used in watering hole attacks.

By implementing these measures, organizations can enhance their defenses against potential watering hole attacks targeting their ICS environments.</b>","Effective countermeasures against watering hole attacks in Industrial Control Systems (ICS) include:

1. **Network Segmentation**: Isolate ICS networks from other networks to limit exposure and reduce the risk of compromise.

2. **Access Controls**: Implement strict access controls to ensure that only authorized personnel can access critical systems and data.

3. **Regular Software Updates**: Keep all software and systems up to date with the latest security patches to mitigate vulnerabilities.

4. **User Education and Training**: Provide training for employees to recognize suspicious activities and understand the risks associated with watering hole attacks.

5. **Threat Intelligence**: Utilize threat intelligence to stay informed about potential threats and vulnerabilities that could be exploited in watering hole attacks.

6. **Monitoring and Detection**: Employ continuous monitoring and intrusion detection systems to identify unusual behavior or access patterns that may indicate an attack.

7. **Incident Response Plan**: Develop and regularly update an incident response plan to quickly address any security breaches that may occur.

8. **Web Filtering**: Use web filtering solutions to block access to known malicious websites that could be used in watering hole attacks.

By implementing these measures, organizations can enhance their defenses against potential watering hole attacks targeting their ICS environments."
How can network segmentation be reinforced to prevent lateral movement?,inferential,"<b>Network segmentation can be reinforced to prevent lateral movement by implementing several strategies. First, establish strict access controls to limit user permissions and ensure that only authorized personnel can access specific segments. Second, utilize firewalls and virtual LANs (VLANs) to create distinct network zones, isolating sensitive data and systems from less secure areas. Third, regularly monitor and analyze network traffic to detect any unusual patterns that may indicate lateral movement attempts. Additionally, employing intrusion detection and prevention systems can help identify and block unauthorized access between segments. Finally, ensure that all devices within the network are regularly updated and patched to mitigate vulnerabilities that could be exploited for lateral movement.</b>","Network segmentation can be reinforced to prevent lateral movement by implementing several strategies. First, establish strict access controls to limit user permissions and ensure that only authorized personnel can access specific segments. Second, utilize firewalls and virtual LANs (VLANs) to create distinct network zones, isolating sensitive data and systems from less secure areas. Third, regularly monitor and analyze network traffic to detect any unusual patterns that may indicate lateral movement attempts. Additionally, employing intrusion detection and prevention systems can help identify and block unauthorized access between segments. Finally, ensure that all devices within the network are regularly updated and patched to mitigate vulnerabilities that could be exploited for lateral movement."
How can physical security breaches be mitigated in relation to ICS cybersecurity?,inferential,"<b>To mitigate physical security breaches in relation to ICS cybersecurity, several strategies can be implemented:

1. **Access Control**: Implement strict access control measures to limit physical access to critical infrastructure. This includes using key cards, biometric scanners, and security personnel to monitor entry points.

2. **Surveillance Systems**: Install surveillance cameras and monitoring systems to deter unauthorized access and to record activities around sensitive areas.

3. **Environmental Controls**: Ensure that physical environments are secure by using barriers, fencing, and secure locks to protect facilities from unauthorized entry.

4. **Employee Training**: Conduct regular training for employees on security protocols and the importance of reporting suspicious activities or breaches.

5. **Incident Response Plans**: Develop and regularly update incident response plans that include procedures for addressing physical security breaches.

6. **Regular Audits and Assessments**: Perform regular security audits and risk assessments to identify vulnerabilities and improve security measures accordingly.

7. **Integration of Physical and Cybersecurity**: Ensure that physical security measures are integrated with cybersecurity protocols to create a comprehensive security strategy.

By implementing these measures, organizations can enhance their defenses against physical security breaches that could impact ICS cybersecurity.</b>","To mitigate physical security breaches in relation to ICS cybersecurity, several strategies can be implemented:

1. **Access Control**: Implement strict access control measures to limit physical access to critical infrastructure. This includes using key cards, biometric scanners, and security personnel to monitor entry points.

2. **Surveillance Systems**: Install surveillance cameras and monitoring systems to deter unauthorized access and to record activities around sensitive areas.

3. **Environmental Controls**: Ensure that physical environments are secure by using barriers, fencing, and secure locks to protect facilities from unauthorized entry.

4. **Employee Training**: Conduct regular training for employees on security protocols and the importance of reporting suspicious activities or breaches.

5. **Incident Response Plans**: Develop and regularly update incident response plans that include procedures for addressing physical security breaches.

6. **Regular Audits and Assessments**: Perform regular security audits and risk assessments to identify vulnerabilities and improve security measures accordingly.

7. **Integration of Physical and Cybersecurity**: Ensure that physical security measures are integrated with cybersecurity protocols to create a comprehensive security strategy.

By implementing these measures, organizations can enhance their defenses against physical security breaches that could impact ICS cybersecurity."
What measures can prevent man-in-the-middle attacks in ICS networks?,factual,"<b>To prevent man-in-the-middle attacks in Industrial Control Systems (ICS) networks, several measures can be implemented:

1. **Encryption**: Use strong encryption protocols for data transmission to ensure that intercepted data cannot be easily read or altered.

2. **Authentication**: Implement robust authentication mechanisms to verify the identities of devices and users before allowing access to the network.

3. **Network Segmentation**: Divide the ICS network into smaller, isolated segments to limit the potential impact of an attack and reduce the attack surface.

4. **Intrusion Detection Systems (IDS)**: Deploy IDS to monitor network traffic for suspicious activities and potential threats, allowing for quick response to anomalies.

5. **Regular Software Updates**: Keep all software and firmware up to date to protect against known vulnerabilities that could be exploited in an attack.

6. **Access Controls**: Enforce strict access controls to limit who can access the network and what actions they can perform.

7. **Secure Communication Protocols**: Utilize secure communication protocols specifically designed for ICS environments to enhance security.

8. **Physical Security**: Ensure physical security measures are in place to protect network infrastructure from unauthorized access.

9. **User Training**: Educate users about the risks of man-in-the-middle attacks and best practices for maintaining security.

10. **Monitoring and Logging**: Continuously monitor and log network activity to detect and respond to potential threats in real-time. 

Implementing these measures can significantly enhance the security of ICS networks against man-in-the-middle attacks.</b>","To prevent man-in-the-middle attacks in Industrial Control Systems (ICS) networks, several measures can be implemented:

1. **Encryption**: Use strong encryption protocols for data transmission to ensure that intercepted data cannot be easily read or altered.

2. **Authentication**: Implement robust authentication mechanisms to verify the identities of devices and users before allowing access to the network.

3. **Network Segmentation**: Divide the ICS network into smaller, isolated segments to limit the potential impact of an attack and reduce the attack surface.

4. **Intrusion Detection Systems (IDS)**: Deploy IDS to monitor network traffic for suspicious activities and potential threats, allowing for quick response to anomalies.

5. **Regular Software Updates**: Keep all software and firmware up to date to protect against known vulnerabilities that could be exploited in an attack.

6. **Access Controls**: Enforce strict access controls to limit who can access the network and what actions they can perform.

7. **Secure Communication Protocols**: Utilize secure communication protocols specifically designed for ICS environments to enhance security.

8. **Physical Security**: Ensure physical security measures are in place to protect network infrastructure from unauthorized access.

9. **User Training**: Educate users about the risks of man-in-the-middle attacks and best practices for maintaining security.

10. **Monitoring and Logging**: Continuously monitor and log network activity to detect and respond to potential threats in real-time. 

Implementing these measures can significantly enhance the security of ICS networks against man-in-the-middle attacks."
How can the integrity of firmware updates be ensured in ICS?,inferential,"<b>To ensure the integrity of firmware updates in Industrial Control Systems (ICS), several best practices can be implemented:

1. **Digital Signatures**: Use cryptographic digital signatures to verify the authenticity and integrity of firmware updates. This ensures that only authorized updates are applied.

2. **Secure Update Mechanisms**: Implement secure channels for firmware updates, such as using HTTPS or VPNs, to protect against interception and tampering during the update process.

3. **Validation Checks**: Perform integrity checks, such as hash verification, on the firmware before and after the update to confirm that it has not been altered.

4. **Access Control**: Restrict access to firmware update processes to authorized personnel only, minimizing the risk of unauthorized modifications.

5. **Regular Audits**: Conduct regular audits and assessments of the firmware update process to identify and mitigate potential vulnerabilities.

6. **Backup and Rollback Procedures**: Establish backup and rollback procedures to restore previous firmware versions in case an update fails or is found to be compromised.

7. **Monitoring and Logging**: Implement monitoring and logging of firmware updates to detect any anomalies or unauthorized attempts to modify firmware.

By following these practices, the integrity of firmware updates in ICS can be significantly enhanced.</b>","To ensure the integrity of firmware updates in Industrial Control Systems (ICS), several best practices can be implemented:

1. **Digital Signatures**: Use cryptographic digital signatures to verify the authenticity and integrity of firmware updates. This ensures that only authorized updates are applied.

2. **Secure Update Mechanisms**: Implement secure channels for firmware updates, such as using HTTPS or VPNs, to protect against interception and tampering during the update process.

3. **Validation Checks**: Perform integrity checks, such as hash verification, on the firmware before and after the update to confirm that it has not been altered.

4. **Access Control**: Restrict access to firmware update processes to authorized personnel only, minimizing the risk of unauthorized modifications.

5. **Regular Audits**: Conduct regular audits and assessments of the firmware update process to identify and mitigate potential vulnerabilities.

6. **Backup and Rollback Procedures**: Establish backup and rollback procedures to restore previous firmware versions in case an update fails or is found to be compromised.

7. **Monitoring and Logging**: Implement monitoring and logging of firmware updates to detect any anomalies or unauthorized attempts to modify firmware.

By following these practices, the integrity of firmware updates in ICS can be significantly enhanced."
What logging practices can improve visibility and detection in ICS networks?,factual,"<b>To improve visibility and detection in ICS networks, consider implementing the following logging practices:

1. **Comprehensive Logging**: Ensure that all critical systems and devices within the ICS environment are configured to generate logs. This includes PLCs, SCADA systems, and network devices.

2. **Centralized Log Management**: Use a centralized logging solution to aggregate logs from various sources. This facilitates easier analysis and correlation of events across the network.

3. **Real-Time Monitoring**: Implement real-time log monitoring to detect anomalies and potential security incidents as they occur. This can help in responding quickly to threats.

4. **Log Retention Policies**: Establish clear log retention policies to ensure that logs are kept for an appropriate duration for compliance and forensic analysis.

5. **Regular Log Review**: Conduct regular reviews and audits of logs to identify unusual patterns or unauthorized access attempts.

6. **Alerting Mechanisms**: Set up alerting mechanisms for specific events or thresholds that may indicate a security incident, such as failed login attempts or unexpected changes in system configurations.

7. **Integration with Security Tools**: Integrate logging with security information and event management (SIEM) systems to enhance threat detection capabilities.

8. **User Activity Monitoring**: Log user activities, especially for privileged accounts, to track changes and access to critical systems.

9. **Network Traffic Logging**: Capture and analyze network traffic logs to identify suspicious activities or communications that deviate from normal patterns.

10. **Documentation and Training**: Document logging practices and provide training to staff on the importance of logging and how to interpret log data effectively.

By adopting these practices, organizations can enhance their visibility and detection capabilities within ICS networks, leading to improved security posture.</b>","To improve visibility and detection in ICS networks, consider implementing the following logging practices:

1. **Comprehensive Logging**: Ensure that all critical systems and devices within the ICS environment are configured to generate logs. This includes PLCs, SCADA systems, and network devices.

2. **Centralized Log Management**: Use a centralized logging solution to aggregate logs from various sources. This facilitates easier analysis and correlation of events across the network.

3. **Real-Time Monitoring**: Implement real-time log monitoring to detect anomalies and potential security incidents as they occur. This can help in responding quickly to threats.

4. **Log Retention Policies**: Establish clear log retention policies to ensure that logs are kept for an appropriate duration for compliance and forensic analysis.

5. **Regular Log Review**: Conduct regular reviews and audits of logs to identify unusual patterns or unauthorized access attempts.

6. **Alerting Mechanisms**: Set up alerting mechanisms for specific events or thresholds that may indicate a security incident, such as failed login attempts or unexpected changes in system configurations.

7. **Integration with Security Tools**: Integrate logging with security information and event management (SIEM) systems to enhance threat detection capabilities.

8. **User Activity Monitoring**: Log user activities, especially for privileged accounts, to track changes and access to critical systems.

9. **Network Traffic Logging**: Capture and analyze network traffic logs to identify suspicious activities or communications that deviate from normal patterns.

10. **Documentation and Training**: Document logging practices and provide training to staff on the importance of logging and how to interpret log data effectively.

By adopting these practices, organizations can enhance their visibility and detection capabilities within ICS networks, leading to improved security posture."
What best practices should be followed to secure firewalls in ICS environments?,factual,"<b>To secure firewalls in Industrial Control System (ICS) environments, consider the following best practices:

1. **Network Segmentation**: Implement strict segmentation between different zones within the ICS network to limit access and reduce the attack surface.

2. **Access Control**: Use role-based access control to ensure that only authorized personnel can access specific areas of the network. Regularly review and update access permissions.

3. **Regular Updates and Patching**: Keep firewall firmware and software up to date to protect against known vulnerabilities. Schedule regular maintenance to apply patches.

4. **Intrusion Detection and Prevention**: Deploy intrusion detection and prevention systems (IDPS) to monitor traffic and detect any suspicious activities or anomalies.

5. **Logging and Monitoring**: Enable logging on firewalls to capture traffic data and security events. Regularly review logs for unusual patterns or unauthorized access attempts.

6. **Configuration Management**: Maintain a secure configuration for firewalls, following industry standards and guidelines. Regularly audit configurations to ensure compliance.

7. **Incident Response Plan**: Develop and maintain an incident response plan specifically for ICS environments, ensuring that all personnel are trained and aware of their roles in the event of a security breach.

8. **Backup and Recovery**: Regularly back up firewall configurations and ensure that recovery procedures are in place to restore functionality in case of failure or compromise.

9. **User Training and Awareness**: Provide training for staff on security best practices and the importance of maintaining firewall security, including recognizing phishing attempts and social engineering tactics.

10. **Testing and Assessment**: Conduct regular security assessments, including penetration testing and vulnerability scanning, to identify and address potential weaknesses in the firewall and overall network security. 

Implementing these practices can significantly enhance the security posture of firewalls in ICS environments.</b>","To secure firewalls in Industrial Control System (ICS) environments, consider the following best practices:

1. **Network Segmentation**: Implement strict segmentation between different zones within the ICS network to limit access and reduce the attack surface.

2. **Access Control**: Use role-based access control to ensure that only authorized personnel can access specific areas of the network. Regularly review and update access permissions.

3. **Regular Updates and Patching**: Keep firewall firmware and software up to date to protect against known vulnerabilities. Schedule regular maintenance to apply patches.

4. **Intrusion Detection and Prevention**: Deploy intrusion detection and prevention systems (IDPS) to monitor traffic and detect any suspicious activities or anomalies.

5. **Logging and Monitoring**: Enable logging on firewalls to capture traffic data and security events. Regularly review logs for unusual patterns or unauthorized access attempts.

6. **Configuration Management**: Maintain a secure configuration for firewalls, following industry standards and guidelines. Regularly audit configurations to ensure compliance.

7. **Incident Response Plan**: Develop and maintain an incident response plan specifically for ICS environments, ensuring that all personnel are trained and aware of their roles in the event of a security breach.

8. **Backup and Recovery**: Regularly back up firewall configurations and ensure that recovery procedures are in place to restore functionality in case of failure or compromise.

9. **User Training and Awareness**: Provide training for staff on security best practices and the importance of maintaining firewall security, including recognizing phishing attempts and social engineering tactics.

10. **Testing and Assessment**: Conduct regular security assessments, including penetration testing and vulnerability scanning, to identify and address potential weaknesses in the firewall and overall network security. 

Implementing these practices can significantly enhance the security posture of firewalls in ICS environments."
What steps should be taken to secure communications in ICS environments?,factual,"<b>To secure communications in Industrial Control System (ICS) environments, the following steps should be taken:

1. **Network Segmentation**: Isolate ICS networks from corporate and external networks to limit access and reduce the attack surface.

2. **Access Control**: Implement strict access controls to ensure that only authorized personnel can access ICS systems. Use role-based access controls and regularly review permissions.

3. **Encryption**: Utilize encryption protocols for data in transit to protect sensitive information from interception.

4. **Firewalls and Intrusion Detection Systems**: Deploy firewalls to monitor and control incoming and outgoing network traffic. Use intrusion detection systems to identify and respond to suspicious activities.

5. **Regular Updates and Patch Management**: Keep all software and firmware up to date to protect against known vulnerabilities.

6. **Monitoring and Logging**: Continuously monitor network traffic and maintain logs to detect anomalies and investigate incidents.

7. **Incident Response Plan**: Develop and regularly update an incident response plan to address potential security breaches effectively.

8. **Training and Awareness**: Provide training for employees on security best practices and the importance of securing ICS communications.

9. **Vendor Security Assessments**: Evaluate the security practices of third-party vendors and ensure they comply with security standards.

10. **Physical Security**: Ensure physical security measures are in place to protect ICS infrastructure from unauthorized access. 

Implementing these steps can significantly enhance the security of communications within ICS environments.</b>","To secure communications in Industrial Control System (ICS) environments, the following steps should be taken:

1. **Network Segmentation**: Isolate ICS networks from corporate and external networks to limit access and reduce the attack surface.

2. **Access Control**: Implement strict access controls to ensure that only authorized personnel can access ICS systems. Use role-based access controls and regularly review permissions.

3. **Encryption**: Utilize encryption protocols for data in transit to protect sensitive information from interception.

4. **Firewalls and Intrusion Detection Systems**: Deploy firewalls to monitor and control incoming and outgoing network traffic. Use intrusion detection systems to identify and respond to suspicious activities.

5. **Regular Updates and Patch Management**: Keep all software and firmware up to date to protect against known vulnerabilities.

6. **Monitoring and Logging**: Continuously monitor network traffic and maintain logs to detect anomalies and investigate incidents.

7. **Incident Response Plan**: Develop and regularly update an incident response plan to address potential security breaches effectively.

8. **Training and Awareness**: Provide training for employees on security best practices and the importance of securing ICS communications.

9. **Vendor Security Assessments**: Evaluate the security practices of third-party vendors and ensure they comply with security standards.

10. **Physical Security**: Ensure physical security measures are in place to protect ICS infrastructure from unauthorized access. 

Implementing these steps can significantly enhance the security of communications within ICS environments."
How can incident response be improved in ICS environments?,inferential,"<b>Improving incident response in Industrial Control System (ICS) environments can be achieved through several strategies:

1. **Regular Training and Drills**: Conducting frequent training sessions and simulation drills for the incident response team can enhance their readiness and effectiveness in real situations.

2. **Developing a Comprehensive Incident Response Plan**: Establishing a detailed incident response plan that outlines roles, responsibilities, and procedures can help streamline the response process.

3. **Implementing Advanced Monitoring Tools**: Utilizing advanced monitoring and detection tools can help identify anomalies and potential threats in real-time, allowing for quicker responses.

4. **Establishing Clear Communication Protocols**: Ensuring that there are clear communication channels and protocols in place can facilitate better coordination among team members during an incident.

5. **Conducting Regular Risk Assessments**: Performing regular risk assessments can help identify vulnerabilities within the ICS environment, allowing for proactive measures to be taken.

6. **Collaboration with External Experts**: Engaging with external cybersecurity experts and organizations can provide additional insights and resources for improving incident response capabilities.

7. **Continuous Improvement and Feedback Loops**: After each incident, conducting a thorough review and incorporating lessons learned into the incident response plan can lead to continuous improvement.

By focusing on these areas, organizations can enhance their incident response capabilities in ICS environments.</b>","Improving incident response in Industrial Control System (ICS) environments can be achieved through several strategies:

1. **Regular Training and Drills**: Conducting frequent training sessions and simulation drills for the incident response team can enhance their readiness and effectiveness in real situations.

2. **Developing a Comprehensive Incident Response Plan**: Establishing a detailed incident response plan that outlines roles, responsibilities, and procedures can help streamline the response process.

3. **Implementing Advanced Monitoring Tools**: Utilizing advanced monitoring and detection tools can help identify anomalies and potential threats in real-time, allowing for quicker responses.

4. **Establishing Clear Communication Protocols**: Ensuring that there are clear communication channels and protocols in place can facilitate better coordination among team members during an incident.

5. **Conducting Regular Risk Assessments**: Performing regular risk assessments can help identify vulnerabilities within the ICS environment, allowing for proactive measures to be taken.

6. **Collaboration with External Experts**: Engaging with external cybersecurity experts and organizations can provide additional insights and resources for improving incident response capabilities.

7. **Continuous Improvement and Feedback Loops**: After each incident, conducting a thorough review and incorporating lessons learned into the incident response plan can lead to continuous improvement.

By focusing on these areas, organizations can enhance their incident response capabilities in ICS environments."
What measures can prevent SQL injection attacks in ICS environments?,factual,"<b>To prevent SQL injection attacks in ICS environments, several measures can be implemented:

1. **Input Validation**: Ensure that all user inputs are validated and sanitized. This includes checking for expected data types, lengths, and formats.

2. **Parameterized Queries**: Use parameterized queries or prepared statements to separate SQL code from data, which helps prevent malicious input from being executed as part of the SQL command.

3. **Stored Procedures**: Implement stored procedures that encapsulate SQL logic and limit direct access to the database.

4. **Least Privilege Principle**: Limit database user permissions to only what is necessary for their role, reducing the potential impact of an injection attack.

5. **Web Application Firewalls (WAF)**: Deploy WAFs to monitor and filter incoming traffic for SQL injection patterns.

6. **Regular Security Audits**: Conduct regular security assessments and code reviews to identify and remediate vulnerabilities.

7. **Error Handling**: Implement proper error handling to avoid revealing database structure or error messages that could assist an attacker.

8. **Security Patches**: Keep all software, including database management systems and web applications, up to date with the latest security patches.

9. **Monitoring and Logging**: Continuously monitor and log database access and queries to detect and respond to suspicious activities promptly.

By implementing these measures, organizations can significantly reduce the risk of SQL injection attacks in their ICS environments.</b>","To prevent SQL injection attacks in ICS environments, several measures can be implemented:

1. **Input Validation**: Ensure that all user inputs are validated and sanitized. This includes checking for expected data types, lengths, and formats.

2. **Parameterized Queries**: Use parameterized queries or prepared statements to separate SQL code from data, which helps prevent malicious input from being executed as part of the SQL command.

3. **Stored Procedures**: Implement stored procedures that encapsulate SQL logic and limit direct access to the database.

4. **Least Privilege Principle**: Limit database user permissions to only what is necessary for their role, reducing the potential impact of an injection attack.

5. **Web Application Firewalls (WAF)**: Deploy WAFs to monitor and filter incoming traffic for SQL injection patterns.

6. **Regular Security Audits**: Conduct regular security assessments and code reviews to identify and remediate vulnerabilities.

7. **Error Handling**: Implement proper error handling to avoid revealing database structure or error messages that could assist an attacker.

8. **Security Patches**: Keep all software, including database management systems and web applications, up to date with the latest security patches.

9. **Monitoring and Logging**: Continuously monitor and log database access and queries to detect and respond to suspicious activities promptly.

By implementing these measures, organizations can significantly reduce the risk of SQL injection attacks in their ICS environments."
How can the risks associated with removable media in ICS environments be mitigated?,inferential,"<b>To mitigate the risks associated with removable media in Industrial Control System (ICS) environments, several strategies can be implemented:

1. **Access Control**: Limit the use of removable media to authorized personnel only. Implement strict access controls to ensure that only trusted devices can connect to the ICS network.

2. **Device Whitelisting**: Use whitelisting to allow only specific, pre-approved removable media devices to be used within the ICS environment. This helps prevent unauthorized devices from being connected.

3. **Data Encryption**: Ensure that any data stored on removable media is encrypted. This protects sensitive information in case the media is lost or stolen.

4. **Regular Scanning**: Implement regular scanning of removable media for malware and other security threats before they are connected to the ICS network.

5. **User Training**: Provide training for employees on the risks associated with removable media and best practices for safe usage. This includes recognizing phishing attempts and understanding the importance of data security.

6. **Policy Development**: Establish clear policies regarding the use of removable media, including guidelines for data transfer, storage, and disposal.

7. **Monitoring and Auditing**: Continuously monitor the use of removable media within the ICS environment and conduct regular audits to ensure compliance with security policies.

8. **Incident Response Plan**: Develop and maintain an incident response plan specifically for removable media-related security incidents, ensuring quick action can be taken if a breach occurs.

By implementing these measures, organizations can significantly reduce the risks associated with removable media in ICS environments.</b>","To mitigate the risks associated with removable media in Industrial Control System (ICS) environments, several strategies can be implemented:

1. **Access Control**: Limit the use of removable media to authorized personnel only. Implement strict access controls to ensure that only trusted devices can connect to the ICS network.

2. **Device Whitelisting**: Use whitelisting to allow only specific, pre-approved removable media devices to be used within the ICS environment. This helps prevent unauthorized devices from being connected.

3. **Data Encryption**: Ensure that any data stored on removable media is encrypted. This protects sensitive information in case the media is lost or stolen.

4. **Regular Scanning**: Implement regular scanning of removable media for malware and other security threats before they are connected to the ICS network.

5. **User Training**: Provide training for employees on the risks associated with removable media and best practices for safe usage. This includes recognizing phishing attempts and understanding the importance of data security.

6. **Policy Development**: Establish clear policies regarding the use of removable media, including guidelines for data transfer, storage, and disposal.

7. **Monitoring and Auditing**: Continuously monitor the use of removable media within the ICS environment and conduct regular audits to ensure compliance with security policies.

8. **Incident Response Plan**: Develop and maintain an incident response plan specifically for removable media-related security incidents, ensuring quick action can be taken if a breach occurs.

By implementing these measures, organizations can significantly reduce the risks associated with removable media in ICS environments."
How can the risk of third-party software vulnerabilities be mitigated in ICS?,inferential,"<b>To mitigate the risk of third-party software vulnerabilities in Industrial Control Systems (ICS), organizations can implement several strategies:

1. **Regular Updates and Patching**: Ensure that all third-party software is regularly updated and patched to address known vulnerabilities.

2. **Vendor Assessment**: Conduct thorough assessments of third-party vendors to evaluate their security practices and the robustness of their software.

3. **Access Controls**: Implement strict access controls to limit the use of third-party software to only those who need it, reducing the potential attack surface.

4. **Network Segmentation**: Use network segmentation to isolate ICS from other networks, minimizing the impact of any vulnerabilities in third-party software.

5. **Monitoring and Incident Response**: Establish continuous monitoring for unusual activities and have an incident response plan in place to quickly address any security breaches.

6. **Security Training**: Provide training for staff on the risks associated with third-party software and best practices for maintaining security.

7. **Use of Security Tools**: Employ security tools such as intrusion detection systems (IDS) and firewalls to help identify and block potential threats from third-party software.

8. **Compliance and Standards**: Adhere to industry standards and compliance requirements that mandate security measures for third-party software.

By implementing these strategies, organizations can significantly reduce the risks associated with third-party software vulnerabilities in ICS environments.</b>","To mitigate the risk of third-party software vulnerabilities in Industrial Control Systems (ICS), organizations can implement several strategies:

1. **Regular Updates and Patching**: Ensure that all third-party software is regularly updated and patched to address known vulnerabilities.

2. **Vendor Assessment**: Conduct thorough assessments of third-party vendors to evaluate their security practices and the robustness of their software.

3. **Access Controls**: Implement strict access controls to limit the use of third-party software to only those who need it, reducing the potential attack surface.

4. **Network Segmentation**: Use network segmentation to isolate ICS from other networks, minimizing the impact of any vulnerabilities in third-party software.

5. **Monitoring and Incident Response**: Establish continuous monitoring for unusual activities and have an incident response plan in place to quickly address any security breaches.

6. **Security Training**: Provide training for staff on the risks associated with third-party software and best practices for maintaining security.

7. **Use of Security Tools**: Employ security tools such as intrusion detection systems (IDS) and firewalls to help identify and block potential threats from third-party software.

8. **Compliance and Standards**: Adhere to industry standards and compliance requirements that mandate security measures for third-party software.

By implementing these strategies, organizations can significantly reduce the risks associated with third-party software vulnerabilities in ICS environments."
What protections can be implemented against brute force attacks in ICS environments?,factual,"<b>To protect against brute force attacks in Industrial Control System (ICS) environments, several measures can be implemented:

1. **Account Lockout Policies**: Implement policies that temporarily lock accounts after a certain number of failed login attempts to deter repeated guessing.

2. **Strong Password Policies**: Enforce the use of complex passwords that are difficult to guess, and require regular password changes.

3. **Multi-Factor Authentication (MFA)**: Utilize MFA to add an additional layer of security beyond just passwords.

4. **Network Segmentation**: Isolate ICS networks from other networks to limit access and reduce the attack surface.

5. **Intrusion Detection Systems (IDS)**: Deploy IDS to monitor for unusual login attempts and alert administrators to potential brute force attacks.

6. **Rate Limiting**: Implement rate limiting on login attempts to slow down the speed at which an attacker can try different passwords.

7. **Logging and Monitoring**: Maintain detailed logs of access attempts and regularly review them for suspicious activity.

8. **User Education and Training**: Educate users about the importance of security practices and recognizing potential threats.

9. **Regular Security Audits**: Conduct regular audits and assessments of security measures to identify and address vulnerabilities.

By combining these strategies, ICS environments can significantly enhance their defenses against brute force attacks.</b>","To protect against brute force attacks in Industrial Control System (ICS) environments, several measures can be implemented:

1. **Account Lockout Policies**: Implement policies that temporarily lock accounts after a certain number of failed login attempts to deter repeated guessing.

2. **Strong Password Policies**: Enforce the use of complex passwords that are difficult to guess, and require regular password changes.

3. **Multi-Factor Authentication (MFA)**: Utilize MFA to add an additional layer of security beyond just passwords.

4. **Network Segmentation**: Isolate ICS networks from other networks to limit access and reduce the attack surface.

5. **Intrusion Detection Systems (IDS)**: Deploy IDS to monitor for unusual login attempts and alert administrators to potential brute force attacks.

6. **Rate Limiting**: Implement rate limiting on login attempts to slow down the speed at which an attacker can try different passwords.

7. **Logging and Monitoring**: Maintain detailed logs of access attempts and regularly review them for suspicious activity.

8. **User Education and Training**: Educate users about the importance of security practices and recognizing potential threats.

9. **Regular Security Audits**: Conduct regular audits and assessments of security measures to identify and address vulnerabilities.

By combining these strategies, ICS environments can significantly enhance their defenses against brute force attacks."
What strategies can ensure resilience against power outages in ICS environments?,factual,"<b>To ensure resilience against power outages in Industrial Control Systems (ICS) environments, several strategies can be implemented:

1. **Uninterruptible Power Supplies (UPS)**: Installing UPS systems can provide backup power during outages, allowing critical systems to continue operating temporarily.

2. **Redundant Power Sources**: Utilizing multiple power sources, such as grid power and backup generators, can ensure that there is an alternative available in case one source fails.

3. **Regular Maintenance and Testing**: Conducting routine maintenance and testing of power systems and backup equipment can help identify potential issues before they lead to failures.

4. **Load Shedding**: Implementing load shedding strategies can prioritize power distribution to critical systems during an outage, ensuring that essential operations remain functional.

5. **Energy Storage Solutions**: Incorporating energy storage systems, such as batteries, can provide additional power during outages and help stabilize the power supply.

6. **Monitoring and Alerts**: Utilizing monitoring systems to track power quality and outages can enable quick responses and adjustments to maintain system integrity.

7. **Training and Preparedness**: Ensuring that personnel are trained to respond to power outages and have clear procedures in place can minimize downtime and operational impact.

8. **System Design Considerations**: Designing systems with resilience in mind, such as using fault-tolerant architectures, can enhance the ability to withstand power disruptions.

By implementing these strategies, ICS environments can improve their resilience against power outages and maintain operational continuity.</b>","To ensure resilience against power outages in Industrial Control Systems (ICS) environments, several strategies can be implemented:

1. **Uninterruptible Power Supplies (UPS)**: Installing UPS systems can provide backup power during outages, allowing critical systems to continue operating temporarily.

2. **Redundant Power Sources**: Utilizing multiple power sources, such as grid power and backup generators, can ensure that there is an alternative available in case one source fails.

3. **Regular Maintenance and Testing**: Conducting routine maintenance and testing of power systems and backup equipment can help identify potential issues before they lead to failures.

4. **Load Shedding**: Implementing load shedding strategies can prioritize power distribution to critical systems during an outage, ensuring that essential operations remain functional.

5. **Energy Storage Solutions**: Incorporating energy storage systems, such as batteries, can provide additional power during outages and help stabilize the power supply.

6. **Monitoring and Alerts**: Utilizing monitoring systems to track power quality and outages can enable quick responses and adjustments to maintain system integrity.

7. **Training and Preparedness**: Ensuring that personnel are trained to respond to power outages and have clear procedures in place can minimize downtime and operational impact.

8. **System Design Considerations**: Designing systems with resilience in mind, such as using fault-tolerant architectures, can enhance the ability to withstand power disruptions.

By implementing these strategies, ICS environments can improve their resilience against power outages and maintain operational continuity."
How can backdoors be detected and removed in ICS environments?,inferential,"<b>Detecting and removing backdoors in Industrial Control Systems (ICS) environments involves several key steps:

1. **Network Monitoring**: Implement continuous monitoring of network traffic to identify unusual patterns or unauthorized access attempts. This can help in detecting potential backdoor activities.

2. **System Audits**: Regularly conduct audits of system configurations and software to identify any unauthorized changes or installations that may indicate the presence of a backdoor.

3. **Intrusion Detection Systems (IDS)**: Utilize IDS to monitor for suspicious activities and known signatures of backdoor exploits. This can provide alerts for potential breaches.

4. **Vulnerability Assessments**: Perform regular vulnerability assessments to identify and remediate weaknesses in the ICS infrastructure that could be exploited to install backdoors.

5. **Access Control**: Implement strict access control measures to limit who can access critical systems and data. This includes using multi-factor authentication and role-based access controls.

6. **Incident Response Plan**: Develop and maintain an incident response plan that includes procedures for identifying, isolating, and removing backdoors if they are detected.

7. **Regular Updates and Patching**: Ensure that all software and firmware are regularly updated and patched to protect against known vulnerabilities that could be exploited to install backdoors.

8. **User Education and Training**: Provide training for personnel on recognizing phishing attempts and other social engineering tactics that could lead to backdoor installations.

By following these practices, organizations can enhance their ability to detect and remove backdoors in ICS environments effectively.</b>","Detecting and removing backdoors in Industrial Control Systems (ICS) environments involves several key steps:

1. **Network Monitoring**: Implement continuous monitoring of network traffic to identify unusual patterns or unauthorized access attempts. This can help in detecting potential backdoor activities.

2. **System Audits**: Regularly conduct audits of system configurations and software to identify any unauthorized changes or installations that may indicate the presence of a backdoor.

3. **Intrusion Detection Systems (IDS)**: Utilize IDS to monitor for suspicious activities and known signatures of backdoor exploits. This can provide alerts for potential breaches.

4. **Vulnerability Assessments**: Perform regular vulnerability assessments to identify and remediate weaknesses in the ICS infrastructure that could be exploited to install backdoors.

5. **Access Control**: Implement strict access control measures to limit who can access critical systems and data. This includes using multi-factor authentication and role-based access controls.

6. **Incident Response Plan**: Develop and maintain an incident response plan that includes procedures for identifying, isolating, and removing backdoors if they are detected.

7. **Regular Updates and Patching**: Ensure that all software and firmware are regularly updated and patched to protect against known vulnerabilities that could be exploited to install backdoors.

8. **User Education and Training**: Provide training for personnel on recognizing phishing attempts and other social engineering tactics that could lead to backdoor installations.

By following these practices, organizations can enhance their ability to detect and remove backdoors in ICS environments effectively."
What security measures can protect HMIs in ICS environments?,factual,"<b>To protect Human-Machine Interfaces (HMIs) in Industrial Control Systems (ICS) environments, several security measures can be implemented:

1. **Access Control**: Implement strict access controls to ensure that only authorized personnel can access HMIs. This includes using strong passwords, multi-factor authentication, and role-based access controls.

2. **Network Segmentation**: Isolate HMIs from other networks to limit exposure to potential threats. Use firewalls and virtual local area networks (VLANs) to create secure zones.

3. **Regular Software Updates**: Keep HMI software and firmware up to date to protect against vulnerabilities. Regularly patch systems to address security flaws.

4. **Intrusion Detection Systems (IDS)**: Deploy IDS to monitor network traffic for suspicious activities and potential intrusions targeting HMIs.

5. **Physical Security**: Ensure physical security measures are in place, such as locked cabinets for HMIs and surveillance systems to monitor access to critical areas.

6. **User Training**: Provide training for users on security best practices, including recognizing phishing attempts and understanding the importance of secure operations.

7. **Data Encryption**: Use encryption for data transmitted between HMIs and other components of the ICS to protect sensitive information from interception.

8. **Incident Response Plan**: Develop and maintain an incident response plan to quickly address any security breaches or anomalies involving HMIs.

By implementing these measures, the security of HMIs in ICS environments can be significantly enhanced.</b>","To protect Human-Machine Interfaces (HMIs) in Industrial Control Systems (ICS) environments, several security measures can be implemented:

1. **Access Control**: Implement strict access controls to ensure that only authorized personnel can access HMIs. This includes using strong passwords, multi-factor authentication, and role-based access controls.

2. **Network Segmentation**: Isolate HMIs from other networks to limit exposure to potential threats. Use firewalls and virtual local area networks (VLANs) to create secure zones.

3. **Regular Software Updates**: Keep HMI software and firmware up to date to protect against vulnerabilities. Regularly patch systems to address security flaws.

4. **Intrusion Detection Systems (IDS)**: Deploy IDS to monitor network traffic for suspicious activities and potential intrusions targeting HMIs.

5. **Physical Security**: Ensure physical security measures are in place, such as locked cabinets for HMIs and surveillance systems to monitor access to critical areas.

6. **User Training**: Provide training for users on security best practices, including recognizing phishing attempts and understanding the importance of secure operations.

7. **Data Encryption**: Use encryption for data transmitted between HMIs and other components of the ICS to protect sensitive information from interception.

8. **Incident Response Plan**: Develop and maintain an incident response plan to quickly address any security breaches or anomalies involving HMIs.

By implementing these measures, the security of HMIs in ICS environments can be significantly enhanced."
How can XSS attacks be mitigated in ICS web interfaces?,inferential,"<b>To mitigate XSS attacks in ICS web interfaces, several strategies can be employed:

1. **Input Validation**: Ensure that all user inputs are validated and sanitized to prevent malicious scripts from being executed.

2. **Output Encoding**: Encode data before rendering it in the web interface to ensure that any potentially harmful scripts are treated as data rather than executable code.

3. **Content Security Policy (CSP)**: Implement a strong CSP to restrict the sources from which scripts can be loaded, thereby reducing the risk of executing malicious scripts.

4. **Use of HTTPOnly and Secure Flags**: Set the HTTPOnly flag on cookies to prevent access to them via JavaScript, and use the Secure flag to ensure cookies are only sent over HTTPS.

5. **Regular Security Audits**: Conduct regular security assessments and code reviews to identify and remediate vulnerabilities in the web interface.

6. **User Education**: Educate users about the risks of XSS and encourage safe browsing practices to minimize the chances of falling victim to such attacks.

7. **Framework Security Features**: Utilize security features provided by web development frameworks that help prevent XSS vulnerabilities.

By implementing these measures, the risk of XSS attacks in ICS web interfaces can be significantly reduced.</b>","To mitigate XSS attacks in ICS web interfaces, several strategies can be employed:

1. **Input Validation**: Ensure that all user inputs are validated and sanitized to prevent malicious scripts from being executed.

2. **Output Encoding**: Encode data before rendering it in the web interface to ensure that any potentially harmful scripts are treated as data rather than executable code.

3. **Content Security Policy (CSP)**: Implement a strong CSP to restrict the sources from which scripts can be loaded, thereby reducing the risk of executing malicious scripts.

4. **Use of HTTPOnly and Secure Flags**: Set the HTTPOnly flag on cookies to prevent access to them via JavaScript, and use the Secure flag to ensure cookies are only sent over HTTPS.

5. **Regular Security Audits**: Conduct regular security assessments and code reviews to identify and remediate vulnerabilities in the web interface.

6. **User Education**: Educate users about the risks of XSS and encourage safe browsing practices to minimize the chances of falling victim to such attacks.

7. **Framework Security Features**: Utilize security features provided by web development frameworks that help prevent XSS vulnerabilities.

By implementing these measures, the risk of XSS attacks in ICS web interfaces can be significantly reduced."
What steps should be taken to secure network protocols in ICS environments?,factual,"<b>To secure network protocols in Industrial Control Systems (ICS) environments, the following steps should be taken:

1. **Conduct a Risk Assessment**: Identify and evaluate potential vulnerabilities and threats to the network protocols used in the ICS.

2. **Implement Network Segmentation**: Divide the network into segments to limit access and reduce the attack surface. This helps isolate critical systems from less secure areas.

3. **Use Strong Authentication Mechanisms**: Ensure that robust authentication methods are in place for accessing network devices and systems, such as multi-factor authentication.

4. **Encrypt Data Transmission**: Utilize encryption protocols to protect data in transit, ensuring that sensitive information is not exposed to unauthorized access.

5. **Regularly Update and Patch Systems**: Keep all software and firmware up to date to protect against known vulnerabilities.

6. **Monitor Network Traffic**: Implement continuous monitoring of network traffic to detect anomalies or unauthorized access attempts.

7. **Establish Access Controls**: Define and enforce strict access control policies to limit who can access network resources and protocols.

8. **Conduct Regular Security Audits**: Perform periodic audits and assessments to evaluate the effectiveness of security measures and identify areas for improvement.

9. **Train Personnel**: Provide training for staff on security best practices and the importance of securing network protocols in ICS environments.

10. **Develop an Incident Response Plan**: Prepare a response plan for potential security incidents to ensure a swift and effective reaction to breaches or attacks. 

By following these steps, organizations can enhance the security of their network protocols within ICS environments.</b>","To secure network protocols in Industrial Control Systems (ICS) environments, the following steps should be taken:

1. **Conduct a Risk Assessment**: Identify and evaluate potential vulnerabilities and threats to the network protocols used in the ICS.

2. **Implement Network Segmentation**: Divide the network into segments to limit access and reduce the attack surface. This helps isolate critical systems from less secure areas.

3. **Use Strong Authentication Mechanisms**: Ensure that robust authentication methods are in place for accessing network devices and systems, such as multi-factor authentication.

4. **Encrypt Data Transmission**: Utilize encryption protocols to protect data in transit, ensuring that sensitive information is not exposed to unauthorized access.

5. **Regularly Update and Patch Systems**: Keep all software and firmware up to date to protect against known vulnerabilities.

6. **Monitor Network Traffic**: Implement continuous monitoring of network traffic to detect anomalies or unauthorized access attempts.

7. **Establish Access Controls**: Define and enforce strict access control policies to limit who can access network resources and protocols.

8. **Conduct Regular Security Audits**: Perform periodic audits and assessments to evaluate the effectiveness of security measures and identify areas for improvement.

9. **Train Personnel**: Provide training for staff on security best practices and the importance of securing network protocols in ICS environments.

10. **Develop an Incident Response Plan**: Prepare a response plan for potential security incidents to ensure a swift and effective reaction to breaches or attacks. 

By following these steps, organizations can enhance the security of their network protocols within ICS environments."
How can patch management be improved in ICS environments?,inferential,"<b>Improving patch management in Industrial Control Systems (ICS) environments can be achieved through several strategies:

1. **Risk Assessment**: Conduct regular risk assessments to identify critical systems and prioritize patching based on the potential impact of vulnerabilities.

2. **Inventory Management**: Maintain an up-to-date inventory of all hardware and software components within the ICS to ensure that all systems are accounted for during the patching process.

3. **Testing and Validation**: Implement a rigorous testing and validation process for patches in a controlled environment before deployment to minimize disruptions in production.

4. **Change Management**: Establish a formal change management process that includes patch management as a key component, ensuring that all changes are documented and approved.

5. **Automation Tools**: Utilize automation tools to streamline the patch management process, including automated scanning for vulnerabilities and deployment of patches.

6. **Training and Awareness**: Provide training for staff on the importance of patch management and the specific procedures to follow, fostering a culture of security awareness.

7. **Regular Updates**: Schedule regular updates and maintenance windows to apply patches consistently, reducing the risk of vulnerabilities being exploited.

8. **Collaboration with Vendors**: Work closely with vendors to stay informed about the latest patches and updates, ensuring timely application of critical security fixes.

9. **Incident Response Planning**: Develop and maintain an incident response plan that includes procedures for addressing vulnerabilities and applying patches in the event of a security breach.

10. **Documentation and Reporting**: Keep detailed records of all patch management activities, including applied patches, testing results, and any issues encountered, to facilitate audits and continuous improvement. 

By implementing these strategies, organizations can enhance their patch management processes and better protect their ICS environments from potential threats.</b>","Improving patch management in Industrial Control Systems (ICS) environments can be achieved through several strategies:

1. **Risk Assessment**: Conduct regular risk assessments to identify critical systems and prioritize patching based on the potential impact of vulnerabilities.

2. **Inventory Management**: Maintain an up-to-date inventory of all hardware and software components within the ICS to ensure that all systems are accounted for during the patching process.

3. **Testing and Validation**: Implement a rigorous testing and validation process for patches in a controlled environment before deployment to minimize disruptions in production.

4. **Change Management**: Establish a formal change management process that includes patch management as a key component, ensuring that all changes are documented and approved.

5. **Automation Tools**: Utilize automation tools to streamline the patch management process, including automated scanning for vulnerabilities and deployment of patches.

6. **Training and Awareness**: Provide training for staff on the importance of patch management and the specific procedures to follow, fostering a culture of security awareness.

7. **Regular Updates**: Schedule regular updates and maintenance windows to apply patches consistently, reducing the risk of vulnerabilities being exploited.

8. **Collaboration with Vendors**: Work closely with vendors to stay informed about the latest patches and updates, ensuring timely application of critical security fixes.

9. **Incident Response Planning**: Develop and maintain an incident response plan that includes procedures for addressing vulnerabilities and applying patches in the event of a security breach.

10. **Documentation and Reporting**: Keep detailed records of all patch management activities, including applied patches, testing results, and any issues encountered, to facilitate audits and continuous improvement. 

By implementing these strategies, organizations can enhance their patch management processes and better protect their ICS environments from potential threats."
How can the effectiveness of phishing campaigns be minimized in ICS?,inferential,"<b>To minimize the effectiveness of phishing campaigns in Industrial Control Systems (ICS), several strategies can be implemented:

1. **Employee Training and Awareness**: Regular training sessions should be conducted to educate employees about the risks of phishing and how to recognize suspicious emails and messages.

2. **Email Filtering and Security Tools**: Implement advanced email filtering solutions that can detect and block phishing attempts before they reach users' inboxes.

3. **Multi-Factor Authentication (MFA)**: Enforcing MFA can add an additional layer of security, making it more difficult for attackers to gain access even if credentials are compromised.

4. **Incident Response Plan**: Develop and maintain a robust incident response plan that includes procedures for reporting and responding to phishing attempts.

5. **Regular Security Audits**: Conduct regular security assessments and audits to identify vulnerabilities within the ICS environment that could be exploited through phishing.

6. **User Access Controls**: Limit user access to sensitive systems and data based on the principle of least privilege, reducing the potential impact of a successful phishing attack.

7. **Phishing Simulations**: Conduct simulated phishing attacks to test employee awareness and response, providing feedback and additional training where necessary.

By implementing these measures, organizations can significantly reduce the risk and impact of phishing campaigns targeting their ICS environments.</b>","To minimize the effectiveness of phishing campaigns in Industrial Control Systems (ICS), several strategies can be implemented:

1. **Employee Training and Awareness**: Regular training sessions should be conducted to educate employees about the risks of phishing and how to recognize suspicious emails and messages.

2. **Email Filtering and Security Tools**: Implement advanced email filtering solutions that can detect and block phishing attempts before they reach users' inboxes.

3. **Multi-Factor Authentication (MFA)**: Enforcing MFA can add an additional layer of security, making it more difficult for attackers to gain access even if credentials are compromised.

4. **Incident Response Plan**: Develop and maintain a robust incident response plan that includes procedures for reporting and responding to phishing attempts.

5. **Regular Security Audits**: Conduct regular security assessments and audits to identify vulnerabilities within the ICS environment that could be exploited through phishing.

6. **User Access Controls**: Limit user access to sensitive systems and data based on the principle of least privilege, reducing the potential impact of a successful phishing attack.

7. **Phishing Simulations**: Conduct simulated phishing attacks to test employee awareness and response, providing feedback and additional training where necessary.

By implementing these measures, organizations can significantly reduce the risk and impact of phishing campaigns targeting their ICS environments."
What measures can prevent unauthorized changes to time settings in ICS devices?,factual,"<b>To prevent unauthorized changes to time settings in ICS devices, several measures can be implemented:

1. **Access Control**: Implement strict access controls to ensure that only authorized personnel can modify time settings. This includes using role-based access controls and regularly reviewing user permissions.

2. **Authentication**: Use strong authentication methods, such as multi-factor authentication, to verify the identity of users attempting to access time settings.

3. **Audit Logs**: Maintain detailed audit logs of all changes made to time settings. Regularly review these logs to detect any unauthorized attempts or changes.

4. **Network Segmentation**: Isolate ICS devices from other networks to reduce the risk of unauthorized access. This can help limit exposure to potential threats.

5. **Regular Updates and Patching**: Keep ICS devices and their software up to date with the latest security patches to protect against vulnerabilities that could be exploited to change time settings.

6. **Time Synchronization Protocols**: Use secure time synchronization protocols, such as NTP with authentication, to ensure that time settings are accurate and cannot be easily tampered with.

7. **Physical Security**: Ensure that physical access to ICS devices is restricted to authorized personnel only, as physical access can lead to unauthorized changes.

8. **Training and Awareness**: Provide training for staff on the importance of time settings and the potential risks associated with unauthorized changes, fostering a culture of security awareness.

By implementing these measures, organizations can significantly reduce the risk of unauthorized changes to time settings in ICS devices.</b>","To prevent unauthorized changes to time settings in ICS devices, several measures can be implemented:

1. **Access Control**: Implement strict access controls to ensure that only authorized personnel can modify time settings. This includes using role-based access controls and regularly reviewing user permissions.

2. **Authentication**: Use strong authentication methods, such as multi-factor authentication, to verify the identity of users attempting to access time settings.

3. **Audit Logs**: Maintain detailed audit logs of all changes made to time settings. Regularly review these logs to detect any unauthorized attempts or changes.

4. **Network Segmentation**: Isolate ICS devices from other networks to reduce the risk of unauthorized access. This can help limit exposure to potential threats.

5. **Regular Updates and Patching**: Keep ICS devices and their software up to date with the latest security patches to protect against vulnerabilities that could be exploited to change time settings.

6. **Time Synchronization Protocols**: Use secure time synchronization protocols, such as NTP with authentication, to ensure that time settings are accurate and cannot be easily tampered with.

7. **Physical Security**: Ensure that physical access to ICS devices is restricted to authorized personnel only, as physical access can lead to unauthorized changes.

8. **Training and Awareness**: Provide training for staff on the importance of time settings and the potential risks associated with unauthorized changes, fostering a culture of security awareness.

By implementing these measures, organizations can significantly reduce the risk of unauthorized changes to time settings in ICS devices."
How can spear-phishing attacks be mitigated in ICS environments?,inferential,"<b>To mitigate spear-phishing attacks in Industrial Control System (ICS) environments, organizations can implement several strategies:

1. **Employee Training and Awareness**: Regularly educate employees about the risks of spear-phishing and how to recognize suspicious emails or messages. Conduct simulated phishing exercises to reinforce learning.

2. **Email Filtering and Security Solutions**: Utilize advanced email filtering solutions that can detect and block phishing attempts before they reach users. Implement anti-malware and anti-spam tools to enhance email security.

3. **Multi-Factor Authentication (MFA)**: Require multi-factor authentication for accessing critical systems and sensitive information. This adds an extra layer of security, making it harder for attackers to gain unauthorized access.

4. **Access Controls and Least Privilege**: Implement strict access controls based on the principle of least privilege. Ensure that employees have access only to the information and systems necessary for their roles.

5. **Incident Response Plan**: Develop and maintain an incident response plan specifically for phishing attacks. This should include procedures for reporting suspected phishing attempts and responding to successful breaches.

6. **Regular Software Updates and Patching**: Keep all software and systems up to date with the latest security patches to reduce vulnerabilities that could be exploited by attackers.

7. **Network Segmentation**: Segment the network to limit the spread of an attack. This can help contain any potential breaches and protect critical ICS components.

8. **Monitoring and Threat Intelligence**: Continuously monitor network traffic for unusual activity and leverage threat intelligence to stay informed about emerging phishing tactics and trends.

By implementing these measures, organizations can significantly reduce the risk of spear-phishing attacks in their ICS environments.</b>","To mitigate spear-phishing attacks in Industrial Control System (ICS) environments, organizations can implement several strategies:

1. **Employee Training and Awareness**: Regularly educate employees about the risks of spear-phishing and how to recognize suspicious emails or messages. Conduct simulated phishing exercises to reinforce learning.

2. **Email Filtering and Security Solutions**: Utilize advanced email filtering solutions that can detect and block phishing attempts before they reach users. Implement anti-malware and anti-spam tools to enhance email security.

3. **Multi-Factor Authentication (MFA)**: Require multi-factor authentication for accessing critical systems and sensitive information. This adds an extra layer of security, making it harder for attackers to gain unauthorized access.

4. **Access Controls and Least Privilege**: Implement strict access controls based on the principle of least privilege. Ensure that employees have access only to the information and systems necessary for their roles.

5. **Incident Response Plan**: Develop and maintain an incident response plan specifically for phishing attacks. This should include procedures for reporting suspected phishing attempts and responding to successful breaches.

6. **Regular Software Updates and Patching**: Keep all software and systems up to date with the latest security patches to reduce vulnerabilities that could be exploited by attackers.

7. **Network Segmentation**: Segment the network to limit the spread of an attack. This can help contain any potential breaches and protect critical ICS components.

8. **Monitoring and Threat Intelligence**: Continuously monitor network traffic for unusual activity and leverage threat intelligence to stay informed about emerging phishing tactics and trends.

By implementing these measures, organizations can significantly reduce the risk of spear-phishing attacks in their ICS environments."
What practices should be implemented to address the use of default passwords in ICS?,factual,"<b>To address the use of default passwords in Industrial Control Systems (ICS), the following practices should be implemented:

1. **Change Default Passwords**: Immediately change all default passwords upon installation of any ICS device or software to unique, strong passwords.

2. **Regular Password Audits**: Conduct regular audits of all passwords used within the ICS environment to ensure they are not default or weak.

3. **Password Policy Enforcement**: Establish and enforce a robust password policy that includes requirements for complexity, length, and expiration.

4. **User Training and Awareness**: Provide training for all personnel on the importance of password security and the risks associated with default passwords.

5. **Access Control Measures**: Implement strict access control measures to limit who can change passwords and access critical systems.

6. **Monitoring and Logging**: Set up monitoring and logging to detect any unauthorized access attempts or changes to password settings.

7. **Use of Password Management Tools**: Utilize password management tools to securely store and manage passwords, reducing the likelihood of using default passwords.

8. **Regular Software Updates**: Keep all ICS software and firmware up to date to ensure any vulnerabilities related to default passwords are patched.

By implementing these practices, organizations can significantly reduce the risks associated with default passwords in ICS environments.</b>","To address the use of default passwords in Industrial Control Systems (ICS), the following practices should be implemented:

1. **Change Default Passwords**: Immediately change all default passwords upon installation of any ICS device or software to unique, strong passwords.

2. **Regular Password Audits**: Conduct regular audits of all passwords used within the ICS environment to ensure they are not default or weak.

3. **Password Policy Enforcement**: Establish and enforce a robust password policy that includes requirements for complexity, length, and expiration.

4. **User Training and Awareness**: Provide training for all personnel on the importance of password security and the risks associated with default passwords.

5. **Access Control Measures**: Implement strict access control measures to limit who can change passwords and access critical systems.

6. **Monitoring and Logging**: Set up monitoring and logging to detect any unauthorized access attempts or changes to password settings.

7. **Use of Password Management Tools**: Utilize password management tools to securely store and manage passwords, reducing the likelihood of using default passwords.

8. **Regular Software Updates**: Keep all ICS software and firmware up to date to ensure any vulnerabilities related to default passwords are patched.

By implementing these practices, organizations can significantly reduce the risks associated with default passwords in ICS environments."
How can authentication mechanisms be strengthened in ICS environments?,inferential,"<b>Authentication mechanisms in Industrial Control Systems (ICS) environments can be strengthened through several strategies:

1. **Multi-Factor Authentication (MFA)**: Implementing MFA requires users to provide two or more verification factors to gain access, significantly enhancing security.

2. **Strong Password Policies**: Enforcing complex password requirements and regular password changes can help prevent unauthorized access.

3. **Role-Based Access Control (RBAC)**: Limiting access based on user roles ensures that individuals only have the permissions necessary for their job functions.

4. **Regular Audits and Monitoring**: Conducting frequent audits of user access and monitoring for unusual login attempts can help identify and mitigate potential security breaches.

5. **User Training and Awareness**: Educating users about security best practices and the importance of safeguarding credentials can reduce the risk of human error.

6. **Secure Communication Protocols**: Utilizing secure protocols for authentication processes can protect against interception and unauthorized access.

7. **Device Authentication**: Ensuring that all devices within the ICS environment are authenticated before they can communicate with the network helps prevent unauthorized devices from gaining access.

8. **Patch Management**: Regularly updating and patching systems can close vulnerabilities that could be exploited to bypass authentication mechanisms.

By implementing these strategies, the security of authentication mechanisms in ICS environments can be significantly enhanced.</b>","Authentication mechanisms in Industrial Control Systems (ICS) environments can be strengthened through several strategies:

1. **Multi-Factor Authentication (MFA)**: Implementing MFA requires users to provide two or more verification factors to gain access, significantly enhancing security.

2. **Strong Password Policies**: Enforcing complex password requirements and regular password changes can help prevent unauthorized access.

3. **Role-Based Access Control (RBAC)**: Limiting access based on user roles ensures that individuals only have the permissions necessary for their job functions.

4. **Regular Audits and Monitoring**: Conducting frequent audits of user access and monitoring for unusual login attempts can help identify and mitigate potential security breaches.

5. **User Training and Awareness**: Educating users about security best practices and the importance of safeguarding credentials can reduce the risk of human error.

6. **Secure Communication Protocols**: Utilizing secure protocols for authentication processes can protect against interception and unauthorized access.

7. **Device Authentication**: Ensuring that all devices within the ICS environment are authenticated before they can communicate with the network helps prevent unauthorized devices from gaining access.

8. **Patch Management**: Regularly updating and patching systems can close vulnerabilities that could be exploited to bypass authentication mechanisms.

By implementing these strategies, the security of authentication mechanisms in ICS environments can be significantly enhanced."
How can network segmentation be effectively implemented in ICS environments?,inferential,"<b>Effective implementation of network segmentation in Industrial Control Systems (ICS) environments can be achieved through several key strategies:

1. **Define Security Zones**: Identify and categorize different areas of the ICS network based on their security requirements and functions. This helps in establishing clear boundaries for data flow and access control.

2. **Use Firewalls and Access Controls**: Deploy firewalls to create barriers between different segments of the network. Implement strict access control policies to limit communication between zones based on the principle of least privilege.

3. **Implement Virtual Local Area Networks (VLANs)**: Utilize VLANs to logically separate devices within the same physical network. This can help in isolating critical systems from less secure areas.

4. **Monitor and Manage Traffic**: Continuously monitor traffic between segments to detect any unauthorized access or anomalies. Use intrusion detection systems (IDS) to enhance security.

5. **Regularly Update and Patch Systems**: Ensure that all devices within the segmented network are regularly updated and patched to protect against vulnerabilities that could be exploited to bypass segmentation.

6. **Conduct Risk Assessments**: Regularly assess the risks associated with each segment and adjust segmentation strategies accordingly to address any emerging threats.

7. **Train Personnel**: Provide training for staff on the importance of network segmentation and best practices for maintaining security within the ICS environment.

By following these strategies, organizations can enhance the security and resilience of their ICS networks through effective segmentation.</b>","Effective implementation of network segmentation in Industrial Control Systems (ICS) environments can be achieved through several key strategies:

1. **Define Security Zones**: Identify and categorize different areas of the ICS network based on their security requirements and functions. This helps in establishing clear boundaries for data flow and access control.

2. **Use Firewalls and Access Controls**: Deploy firewalls to create barriers between different segments of the network. Implement strict access control policies to limit communication between zones based on the principle of least privilege.

3. **Implement Virtual Local Area Networks (VLANs)**: Utilize VLANs to logically separate devices within the same physical network. This can help in isolating critical systems from less secure areas.

4. **Monitor and Manage Traffic**: Continuously monitor traffic between segments to detect any unauthorized access or anomalies. Use intrusion detection systems (IDS) to enhance security.

5. **Regularly Update and Patch Systems**: Ensure that all devices within the segmented network are regularly updated and patched to protect against vulnerabilities that could be exploited to bypass segmentation.

6. **Conduct Risk Assessments**: Regularly assess the risks associated with each segment and adjust segmentation strategies accordingly to address any emerging threats.

7. **Train Personnel**: Provide training for staff on the importance of network segmentation and best practices for maintaining security within the ICS environment.

By following these strategies, organizations can enhance the security and resilience of their ICS networks through effective segmentation."
How can backup procedures be improved in ICS environments?,inferential,"<b>To improve backup procedures in ICS (Industrial Control Systems) environments, consider the following strategies:

1. **Regular Backup Schedule**: Establish a consistent schedule for backups to ensure that data is regularly updated and can be restored quickly in case of failure.

2. **Automated Backups**: Implement automated backup solutions to minimize human error and ensure that backups are performed consistently without manual intervention.

3. **Redundancy**: Utilize redundant systems and storage solutions to ensure that backups are available even if one system fails.

4. **Testing and Validation**: Regularly test backup and restore processes to ensure that they work as intended and that data can be recovered quickly and accurately.

5. **Access Control**: Implement strict access controls to backup systems to prevent unauthorized access and potential tampering with backup data.

6. **Documentation**: Maintain thorough documentation of backup procedures, schedules, and configurations to facilitate quick recovery and ensure compliance with regulatory requirements.

7. **Data Encryption**: Use encryption for backup data to protect sensitive information from unauthorized access during storage and transmission.

8. **Offsite Storage**: Store backups in a secure offsite location to protect against physical disasters that could affect the primary site.

9. **Integration with Incident Response Plans**: Ensure that backup procedures are integrated into the overall incident response plan to facilitate quick recovery in the event of a cyber incident or system failure.

10. **Training and Awareness**: Provide training for personnel on backup procedures and the importance of data integrity to foster a culture of security and preparedness. 

By implementing these strategies, backup procedures in ICS environments can be significantly enhanced, ensuring data integrity and availability.</b>","To improve backup procedures in ICS (Industrial Control Systems) environments, consider the following strategies:

1. **Regular Backup Schedule**: Establish a consistent schedule for backups to ensure that data is regularly updated and can be restored quickly in case of failure.

2. **Automated Backups**: Implement automated backup solutions to minimize human error and ensure that backups are performed consistently without manual intervention.

3. **Redundancy**: Utilize redundant systems and storage solutions to ensure that backups are available even if one system fails.

4. **Testing and Validation**: Regularly test backup and restore processes to ensure that they work as intended and that data can be recovered quickly and accurately.

5. **Access Control**: Implement strict access controls to backup systems to prevent unauthorized access and potential tampering with backup data.

6. **Documentation**: Maintain thorough documentation of backup procedures, schedules, and configurations to facilitate quick recovery and ensure compliance with regulatory requirements.

7. **Data Encryption**: Use encryption for backup data to protect sensitive information from unauthorized access during storage and transmission.

8. **Offsite Storage**: Store backups in a secure offsite location to protect against physical disasters that could affect the primary site.

9. **Integration with Incident Response Plans**: Ensure that backup procedures are integrated into the overall incident response plan to facilitate quick recovery in the event of a cyber incident or system failure.

10. **Training and Awareness**: Provide training for personnel on backup procedures and the importance of data integrity to foster a culture of security and preparedness. 

By implementing these strategies, backup procedures in ICS environments can be significantly enhanced, ensuring data integrity and availability."
What strategies can mitigate the risks posed by insider threats in ICS environments?,factual,"<b>To mitigate the risks posed by insider threats in Industrial Control Systems (ICS) environments, several strategies can be implemented:

1. **Access Control**: Implement strict access controls to ensure that only authorized personnel have access to critical systems and data. This includes role-based access controls and the principle of least privilege.

2. **Monitoring and Auditing**: Regularly monitor user activities and conduct audits to detect any unusual behavior or unauthorized access attempts. This can help identify potential insider threats early.

3. **Employee Training**: Provide comprehensive training for employees on security best practices, the importance of safeguarding sensitive information, and recognizing potential insider threats.

4. **Incident Response Plan**: Develop and maintain an incident response plan specifically for insider threats. This plan should outline procedures for identifying, reporting, and responding to suspected insider incidents.

5. **Behavioral Analytics**: Utilize behavioral analytics tools to establish baselines for normal user behavior and detect anomalies that may indicate insider threats.

6. **Segmentation of Networks**: Segment networks to limit the potential impact of an insider threat. This can help contain any malicious activity and protect critical systems.

7. **Regular Security Assessments**: Conduct regular security assessments and penetration testing to identify vulnerabilities within the ICS environment that could be exploited by insiders.

8. **Whistleblower Policies**: Establish clear whistleblower policies that encourage employees to report suspicious behavior without fear of retaliation.

By implementing these strategies, organizations can enhance their defenses against insider threats in ICS environments.</b>","To mitigate the risks posed by insider threats in Industrial Control Systems (ICS) environments, several strategies can be implemented:

1. **Access Control**: Implement strict access controls to ensure that only authorized personnel have access to critical systems and data. This includes role-based access controls and the principle of least privilege.

2. **Monitoring and Auditing**: Regularly monitor user activities and conduct audits to detect any unusual behavior or unauthorized access attempts. This can help identify potential insider threats early.

3. **Employee Training**: Provide comprehensive training for employees on security best practices, the importance of safeguarding sensitive information, and recognizing potential insider threats.

4. **Incident Response Plan**: Develop and maintain an incident response plan specifically for insider threats. This plan should outline procedures for identifying, reporting, and responding to suspected insider incidents.

5. **Behavioral Analytics**: Utilize behavioral analytics tools to establish baselines for normal user behavior and detect anomalies that may indicate insider threats.

6. **Segmentation of Networks**: Segment networks to limit the potential impact of an insider threat. This can help contain any malicious activity and protect critical systems.

7. **Regular Security Assessments**: Conduct regular security assessments and penetration testing to identify vulnerabilities within the ICS environment that could be exploited by insiders.

8. **Whistleblower Policies**: Establish clear whistleblower policies that encourage employees to report suspicious behavior without fear of retaliation.

By implementing these strategies, organizations can enhance their defenses against insider threats in ICS environments."
How can rogue wireless access points be detected and mitigated in ICS?,inferential,"<b>Rogue wireless access points in Industrial Control Systems (ICS) can be detected and mitigated through several strategies:

1. **Network Scanning**: Regularly perform network scans to identify unauthorized devices. This can involve using tools that detect all wireless signals in the vicinity and compare them against a known list of authorized access points.

2. **Signal Strength Analysis**: Monitor the signal strength of wireless devices. Sudden changes in signal strength or the appearance of new signals can indicate the presence of rogue access points.

3. **Intrusion Detection Systems (IDS)**: Implement IDS that are specifically designed to monitor wireless networks. These systems can alert administrators to suspicious activity or unauthorized devices.

4. **Physical Security Measures**: Ensure that physical access to network infrastructure is restricted. This can prevent unauthorized personnel from installing rogue access points.

5. **Network Segmentation**: Segment the network to limit the impact of any rogue devices. By isolating critical ICS components from general network traffic, the risk can be reduced.

6. **Regular Audits**: Conduct regular audits of the network to ensure compliance with security policies and to identify any unauthorized devices.

7. **User Education**: Train staff to recognize the risks associated with rogue access points and encourage them to report any suspicious devices.

8. **Access Control Policies**: Implement strict access control policies that define who can connect to the network and under what circumstances.

By employing these strategies, organizations can enhance their ability to detect and mitigate rogue wireless access points in ICS environments.</b>","Rogue wireless access points in Industrial Control Systems (ICS) can be detected and mitigated through several strategies:

1. **Network Scanning**: Regularly perform network scans to identify unauthorized devices. This can involve using tools that detect all wireless signals in the vicinity and compare them against a known list of authorized access points.

2. **Signal Strength Analysis**: Monitor the signal strength of wireless devices. Sudden changes in signal strength or the appearance of new signals can indicate the presence of rogue access points.

3. **Intrusion Detection Systems (IDS)**: Implement IDS that are specifically designed to monitor wireless networks. These systems can alert administrators to suspicious activity or unauthorized devices.

4. **Physical Security Measures**: Ensure that physical access to network infrastructure is restricted. This can prevent unauthorized personnel from installing rogue access points.

5. **Network Segmentation**: Segment the network to limit the impact of any rogue devices. By isolating critical ICS components from general network traffic, the risk can be reduced.

6. **Regular Audits**: Conduct regular audits of the network to ensure compliance with security policies and to identify any unauthorized devices.

7. **User Education**: Train staff to recognize the risks associated with rogue access points and encourage them to report any suspicious devices.

8. **Access Control Policies**: Implement strict access control policies that define who can connect to the network and under what circumstances.

By employing these strategies, organizations can enhance their ability to detect and mitigate rogue wireless access points in ICS environments."
How can environmental controls be protected in ICS environments?,inferential,"<b>To protect environmental controls in Industrial Control System (ICS) environments, several strategies can be implemented:

1. **Access Control**: Implement strict access controls to ensure that only authorized personnel can interact with environmental control systems. This includes using strong authentication methods and regularly reviewing access permissions.

2. **Network Segmentation**: Isolate environmental control systems from other networks to reduce the risk of unauthorized access and potential cyber threats. This can be achieved through firewalls and virtual local area networks (VLANs).

3. **Regular Monitoring**: Continuously monitor environmental controls for any anomalies or unauthorized changes. This can involve using intrusion detection systems and logging access to critical systems.

4. **Patch Management**: Keep all software and firmware up to date to protect against vulnerabilities. Regularly apply patches and updates to environmental control systems.

5. **Incident Response Plan**: Develop and maintain an incident response plan specifically for environmental controls. This should include procedures for identifying, responding to, and recovering from security incidents.

6. **Training and Awareness**: Provide training for staff on the importance of security in ICS environments and the specific measures in place to protect environmental controls.

7. **Physical Security**: Ensure that physical access to environmental control systems is restricted. This can include using locks, surveillance cameras, and security personnel.

By implementing these measures, the integrity and security of environmental controls in ICS environments can be significantly enhanced.</b>","To protect environmental controls in Industrial Control System (ICS) environments, several strategies can be implemented:

1. **Access Control**: Implement strict access controls to ensure that only authorized personnel can interact with environmental control systems. This includes using strong authentication methods and regularly reviewing access permissions.

2. **Network Segmentation**: Isolate environmental control systems from other networks to reduce the risk of unauthorized access and potential cyber threats. This can be achieved through firewalls and virtual local area networks (VLANs).

3. **Regular Monitoring**: Continuously monitor environmental controls for any anomalies or unauthorized changes. This can involve using intrusion detection systems and logging access to critical systems.

4. **Patch Management**: Keep all software and firmware up to date to protect against vulnerabilities. Regularly apply patches and updates to environmental control systems.

5. **Incident Response Plan**: Develop and maintain an incident response plan specifically for environmental controls. This should include procedures for identifying, responding to, and recovering from security incidents.

6. **Training and Awareness**: Provide training for staff on the importance of security in ICS environments and the specific measures in place to protect environmental controls.

7. **Physical Security**: Ensure that physical access to environmental control systems is restricted. This can include using locks, surveillance cameras, and security personnel.

By implementing these measures, the integrity and security of environmental controls in ICS environments can be significantly enhanced."
How can user access controls be strengthened in ICS environments?,inferential,"<b>User access controls in ICS environments can be strengthened through several measures:

1. **Role-Based Access Control (RBAC)**: Implement RBAC to ensure that users have access only to the information and systems necessary for their roles, minimizing unnecessary permissions.

2. **Multi-Factor Authentication (MFA)**: Require MFA for all users to add an additional layer of security beyond just passwords.

3. **Regular Access Reviews**: Conduct periodic reviews of user access rights to ensure that permissions are up-to-date and appropriate, removing access for users who no longer need it.

4. **Strong Password Policies**: Enforce strong password requirements, including complexity and regular updates, to reduce the risk of unauthorized access.

5. **User Training and Awareness**: Provide training for users on security best practices and the importance of safeguarding access credentials.

6. **Audit Logging**: Implement comprehensive logging of user access and actions within the ICS environment to monitor for suspicious activity and facilitate incident response.

7. **Segmentation of Networks**: Use network segmentation to limit access to critical systems and data, ensuring that users can only access the parts of the network relevant to their roles.

8. **Incident Response Planning**: Develop and maintain an incident response plan that includes procedures for addressing unauthorized access and breaches.

By implementing these strategies, organizations can enhance the security of user access controls in their ICS environments.</b>","User access controls in ICS environments can be strengthened through several measures:

1. **Role-Based Access Control (RBAC)**: Implement RBAC to ensure that users have access only to the information and systems necessary for their roles, minimizing unnecessary permissions.

2. **Multi-Factor Authentication (MFA)**: Require MFA for all users to add an additional layer of security beyond just passwords.

3. **Regular Access Reviews**: Conduct periodic reviews of user access rights to ensure that permissions are up-to-date and appropriate, removing access for users who no longer need it.

4. **Strong Password Policies**: Enforce strong password requirements, including complexity and regular updates, to reduce the risk of unauthorized access.

5. **User Training and Awareness**: Provide training for users on security best practices and the importance of safeguarding access credentials.

6. **Audit Logging**: Implement comprehensive logging of user access and actions within the ICS environment to monitor for suspicious activity and facilitate incident response.

7. **Segmentation of Networks**: Use network segmentation to limit access to critical systems and data, ensuring that users can only access the parts of the network relevant to their roles.

8. **Incident Response Planning**: Develop and maintain an incident response plan that includes procedures for addressing unauthorized access and breaches.

By implementing these strategies, organizations can enhance the security of user access controls in their ICS environments."
How can device identity spoofing be prevented in ICS environments?,inferential,"<b>Preventing device identity spoofing in Industrial Control System (ICS) environments can be achieved through several strategies:

1. **Strong Authentication Mechanisms**: Implement robust authentication protocols that require multiple factors for verification, ensuring that only authorized devices can connect to the network.

2. **Network Segmentation**: Isolate ICS networks from other networks to limit access and reduce the risk of unauthorized devices connecting.

3. **Device Whitelisting**: Maintain a list of approved devices that are allowed to connect to the ICS network, blocking any unrecognized devices.

4. **Regular Monitoring and Auditing**: Continuously monitor network traffic and conduct regular audits to detect any anomalies or unauthorized access attempts.

5. **Encryption**: Use encryption for data transmission to protect against interception and tampering, making it more difficult for attackers to spoof device identities.

6. **Intrusion Detection Systems (IDS)**: Deploy IDS to identify and respond to suspicious activities that may indicate spoofing attempts.

7. **Firmware and Software Updates**: Regularly update device firmware and software to patch vulnerabilities that could be exploited for spoofing.

8. **User Training and Awareness**: Educate personnel about the risks of device identity spoofing and best practices for maintaining security in ICS environments.

By implementing these measures, organizations can significantly reduce the risk of device identity spoofing in their ICS environments.</b>","Preventing device identity spoofing in Industrial Control System (ICS) environments can be achieved through several strategies:

1. **Strong Authentication Mechanisms**: Implement robust authentication protocols that require multiple factors for verification, ensuring that only authorized devices can connect to the network.

2. **Network Segmentation**: Isolate ICS networks from other networks to limit access and reduce the risk of unauthorized devices connecting.

3. **Device Whitelisting**: Maintain a list of approved devices that are allowed to connect to the ICS network, blocking any unrecognized devices.

4. **Regular Monitoring and Auditing**: Continuously monitor network traffic and conduct regular audits to detect any anomalies or unauthorized access attempts.

5. **Encryption**: Use encryption for data transmission to protect against interception and tampering, making it more difficult for attackers to spoof device identities.

6. **Intrusion Detection Systems (IDS)**: Deploy IDS to identify and respond to suspicious activities that may indicate spoofing attempts.

7. **Firmware and Software Updates**: Regularly update device firmware and software to patch vulnerabilities that could be exploited for spoofing.

8. **User Training and Awareness**: Educate personnel about the risks of device identity spoofing and best practices for maintaining security in ICS environments.

By implementing these measures, organizations can significantly reduce the risk of device identity spoofing in their ICS environments."
How can the risk of unpatched custom software vulnerabilities be minimized in ICS?,inferential,"<b>To minimize the risk of unpatched custom software vulnerabilities in Industrial Control Systems (ICS), consider the following strategies:

1. **Regular Vulnerability Assessments**: Conduct frequent assessments to identify and evaluate vulnerabilities in custom software.

2. **Patch Management**: Implement a robust patch management process to ensure timely updates and patches are applied to software.

3. **Access Controls**: Enforce strict access controls to limit who can modify or access the custom software, reducing the risk of exploitation.

4. **Network Segmentation**: Isolate ICS networks from other networks to minimize exposure to potential threats.

5. **Monitoring and Logging**: Establish continuous monitoring and logging of system activities to detect and respond to suspicious behavior promptly.

6. **Incident Response Plan**: Develop and maintain an incident response plan to address vulnerabilities and breaches effectively.

7. **Training and Awareness**: Provide training for personnel on security best practices and the importance of maintaining software security.

8. **Vendor Support**: Engage with vendors for support and updates related to custom software to ensure vulnerabilities are addressed.

By implementing these measures, organizations can significantly reduce the risks associated with unpatched custom software vulnerabilities in ICS environments.</b>","To minimize the risk of unpatched custom software vulnerabilities in Industrial Control Systems (ICS), consider the following strategies:

1. **Regular Vulnerability Assessments**: Conduct frequent assessments to identify and evaluate vulnerabilities in custom software.

2. **Patch Management**: Implement a robust patch management process to ensure timely updates and patches are applied to software.

3. **Access Controls**: Enforce strict access controls to limit who can modify or access the custom software, reducing the risk of exploitation.

4. **Network Segmentation**: Isolate ICS networks from other networks to minimize exposure to potential threats.

5. **Monitoring and Logging**: Establish continuous monitoring and logging of system activities to detect and respond to suspicious behavior promptly.

6. **Incident Response Plan**: Develop and maintain an incident response plan to address vulnerabilities and breaches effectively.

7. **Training and Awareness**: Provide training for personnel on security best practices and the importance of maintaining software security.

8. **Vendor Support**: Engage with vendors for support and updates related to custom software to ensure vulnerabilities are addressed.

By implementing these measures, organizations can significantly reduce the risks associated with unpatched custom software vulnerabilities in ICS environments."
What best practices should be followed to secure VPN connections in ICS?,factual,"<b>To secure VPN connections in Industrial Control Systems (ICS), consider the following best practices:

1. **Strong Authentication**: Implement multi-factor authentication to ensure that only authorized users can access the VPN.

2. **Encryption**: Use strong encryption protocols to protect data in transit, ensuring confidentiality and integrity.

3. **Access Control**: Limit access to the VPN based on the principle of least privilege, allowing only necessary personnel to connect.

4. **Regular Updates**: Keep VPN software and hardware up to date with the latest security patches to protect against vulnerabilities.

5. **Network Segmentation**: Isolate the ICS network from other networks to minimize exposure and potential attack vectors.

6. **Monitoring and Logging**: Continuously monitor VPN connections and maintain logs to detect and respond to suspicious activities.

7. **User Training**: Educate users about security best practices and the importance of maintaining the integrity of the VPN connection.

8. **Incident Response Plan**: Develop and regularly update an incident response plan specifically for VPN-related security incidents.

By following these practices, organizations can enhance the security of their VPN connections in ICS environments.</b>","To secure VPN connections in Industrial Control Systems (ICS), consider the following best practices:

1. **Strong Authentication**: Implement multi-factor authentication to ensure that only authorized users can access the VPN.

2. **Encryption**: Use strong encryption protocols to protect data in transit, ensuring confidentiality and integrity.

3. **Access Control**: Limit access to the VPN based on the principle of least privilege, allowing only necessary personnel to connect.

4. **Regular Updates**: Keep VPN software and hardware up to date with the latest security patches to protect against vulnerabilities.

5. **Network Segmentation**: Isolate the ICS network from other networks to minimize exposure and potential attack vectors.

6. **Monitoring and Logging**: Continuously monitor VPN connections and maintain logs to detect and respond to suspicious activities.

7. **User Training**: Educate users about security best practices and the importance of maintaining the integrity of the VPN connection.

8. **Incident Response Plan**: Develop and regularly update an incident response plan specifically for VPN-related security incidents.

By following these practices, organizations can enhance the security of their VPN connections in ICS environments."
How can internal controls be strengthened to prevent lateral movement in ICS networks?,inferential,"<b>To strengthen internal controls and prevent lateral movement in ICS networks, organizations can implement several strategies:

1. **Network Segmentation**: Divide the network into smaller, isolated segments to limit access and reduce the potential for lateral movement. This can involve creating separate zones for different functions or systems.

2. **Access Controls**: Enforce strict access controls based on the principle of least privilege. Ensure that users and devices only have access to the resources necessary for their roles.

3. **Monitoring and Logging**: Implement comprehensive monitoring and logging of network activity. This helps in detecting unusual behavior that may indicate lateral movement attempts.

4. **Regular Audits and Assessments**: Conduct regular security audits and vulnerability assessments to identify and address weaknesses in the network.

5. **User Training and Awareness**: Provide training for employees on security best practices and the importance of reporting suspicious activities.

6. **Incident Response Planning**: Develop and regularly update an incident response plan to quickly address any detected lateral movement or breaches.

7. **Patch Management**: Ensure that all systems and software are regularly updated and patched to protect against known vulnerabilities.

8. **Multi-Factor Authentication (MFA)**: Implement MFA for accessing critical systems to add an additional layer of security.

By applying these measures, organizations can enhance their internal controls and reduce the risk of lateral movement within their ICS networks.</b>","To strengthen internal controls and prevent lateral movement in ICS networks, organizations can implement several strategies:

1. **Network Segmentation**: Divide the network into smaller, isolated segments to limit access and reduce the potential for lateral movement. This can involve creating separate zones for different functions or systems.

2. **Access Controls**: Enforce strict access controls based on the principle of least privilege. Ensure that users and devices only have access to the resources necessary for their roles.

3. **Monitoring and Logging**: Implement comprehensive monitoring and logging of network activity. This helps in detecting unusual behavior that may indicate lateral movement attempts.

4. **Regular Audits and Assessments**: Conduct regular security audits and vulnerability assessments to identify and address weaknesses in the network.

5. **User Training and Awareness**: Provide training for employees on security best practices and the importance of reporting suspicious activities.

6. **Incident Response Planning**: Develop and regularly update an incident response plan to quickly address any detected lateral movement or breaches.

7. **Patch Management**: Ensure that all systems and software are regularly updated and patched to protect against known vulnerabilities.

8. **Multi-Factor Authentication (MFA)**: Implement MFA for accessing critical systems to add an additional layer of security.

By applying these measures, organizations can enhance their internal controls and reduce the risk of lateral movement within their ICS networks."
How can third-party risks be mitigated in ICS environments?,inferential,"<b>To mitigate third-party risks in Industrial Control Systems (ICS) environments, organizations can implement several strategies:

1. **Vendor Assessment**: Conduct thorough assessments of third-party vendors to evaluate their security practices, compliance with industry standards, and overall risk profile.

2. **Access Controls**: Limit third-party access to ICS networks and systems. Implement strict access controls and ensure that vendors only have access to the information and systems necessary for their work.

3. **Regular Audits**: Perform regular security audits and assessments of third-party vendors to ensure they adhere to security policies and practices.

4. **Incident Response Plans**: Develop and maintain incident response plans that include third-party scenarios. Ensure that all parties understand their roles in the event of a security incident.

5. **Training and Awareness**: Provide training for employees on the risks associated with third-party vendors and the importance of maintaining security protocols.

6. **Contractual Obligations**: Include specific security requirements and responsibilities in contracts with third-party vendors to ensure accountability.

7. **Monitoring and Reporting**: Continuously monitor third-party activities and establish reporting mechanisms to detect any unusual or unauthorized actions.

8. **Segmentation**: Use network segmentation to isolate ICS environments from third-party access, reducing the potential impact of a security breach.

By implementing these strategies, organizations can better manage and mitigate the risks associated with third-party involvement in ICS environments.</b>","To mitigate third-party risks in Industrial Control Systems (ICS) environments, organizations can implement several strategies:

1. **Vendor Assessment**: Conduct thorough assessments of third-party vendors to evaluate their security practices, compliance with industry standards, and overall risk profile.

2. **Access Controls**: Limit third-party access to ICS networks and systems. Implement strict access controls and ensure that vendors only have access to the information and systems necessary for their work.

3. **Regular Audits**: Perform regular security audits and assessments of third-party vendors to ensure they adhere to security policies and practices.

4. **Incident Response Plans**: Develop and maintain incident response plans that include third-party scenarios. Ensure that all parties understand their roles in the event of a security incident.

5. **Training and Awareness**: Provide training for employees on the risks associated with third-party vendors and the importance of maintaining security protocols.

6. **Contractual Obligations**: Include specific security requirements and responsibilities in contracts with third-party vendors to ensure accountability.

7. **Monitoring and Reporting**: Continuously monitor third-party activities and establish reporting mechanisms to detect any unusual or unauthorized actions.

8. **Segmentation**: Use network segmentation to isolate ICS environments from third-party access, reducing the potential impact of a security breach.

By implementing these strategies, organizations can better manage and mitigate the risks associated with third-party involvement in ICS environments."
What strategies can protect against watering hole attacks in ICS environments?,factual,"<b>To protect against watering hole attacks in Industrial Control System (ICS) environments, consider implementing the following strategies:

1. **Network Segmentation**: Isolate ICS networks from corporate networks and the internet to limit exposure to potential threats.

2. **Access Controls**: Enforce strict access controls and authentication measures to ensure that only authorized personnel can access critical systems.

3. **Regular Software Updates**: Keep all software and systems up to date with the latest security patches to mitigate vulnerabilities that attackers may exploit.

4. **Threat Intelligence**: Utilize threat intelligence to stay informed about potential threats and vulnerabilities specific to the ICS environment.

5. **User Training**: Conduct regular training for employees to recognize phishing attempts and other social engineering tactics that could lead to watering hole attacks.

6. **Monitoring and Detection**: Implement continuous monitoring and intrusion detection systems to identify unusual activities that may indicate an attack.

7. **Incident Response Plan**: Develop and regularly update an incident response plan to quickly address any security breaches that may occur.

8. **Web Filtering**: Use web filtering solutions to block access to known malicious websites that could be used in watering hole attacks.

By employing these strategies, organizations can enhance their defenses against potential watering hole attacks in ICS environments.</b>","To protect against watering hole attacks in Industrial Control System (ICS) environments, consider implementing the following strategies:

1. **Network Segmentation**: Isolate ICS networks from corporate networks and the internet to limit exposure to potential threats.

2. **Access Controls**: Enforce strict access controls and authentication measures to ensure that only authorized personnel can access critical systems.

3. **Regular Software Updates**: Keep all software and systems up to date with the latest security patches to mitigate vulnerabilities that attackers may exploit.

4. **Threat Intelligence**: Utilize threat intelligence to stay informed about potential threats and vulnerabilities specific to the ICS environment.

5. **User Training**: Conduct regular training for employees to recognize phishing attempts and other social engineering tactics that could lead to watering hole attacks.

6. **Monitoring and Detection**: Implement continuous monitoring and intrusion detection systems to identify unusual activities that may indicate an attack.

7. **Incident Response Plan**: Develop and regularly update an incident response plan to quickly address any security breaches that may occur.

8. **Web Filtering**: Use web filtering solutions to block access to known malicious websites that could be used in watering hole attacks.

By employing these strategies, organizations can enhance their defenses against potential watering hole attacks in ICS environments."
What measures can be taken to prevent data corruption in ICS environments?,factual,"<b>To prevent data corruption in Industrial Control System (ICS) environments, several measures can be implemented:

1. **Regular Backups**: Ensure that data is regularly backed up to recover from any corruption incidents.

2. **Access Controls**: Implement strict access controls to limit who can modify data and configurations within the ICS.

3. **Data Validation**: Use data validation techniques to check for inconsistencies or anomalies in data before it is processed.

4. **Network Segmentation**: Segment the network to isolate critical systems and reduce the risk of data corruption from external threats.

5. **Intrusion Detection Systems**: Deploy intrusion detection systems to monitor for unauthorized access or anomalies that could indicate data corruption.

6. **Regular Audits**: Conduct regular audits and assessments of data integrity and system configurations to identify potential vulnerabilities.

7. **Patch Management**: Keep all software and firmware up to date to protect against known vulnerabilities that could lead to data corruption.

8. **Training and Awareness**: Provide training for personnel on best practices for data handling and the importance of data integrity.

9. **Incident Response Plan**: Develop and maintain an incident response plan to quickly address any data corruption incidents that may occur.

10. **Redundancy**: Implement redundant systems and data paths to ensure that there is a fallback option in case of data corruption. 

By adopting these measures, organizations can significantly reduce the risk of data corruption in their ICS environments.</b>","To prevent data corruption in Industrial Control System (ICS) environments, several measures can be implemented:

1. **Regular Backups**: Ensure that data is regularly backed up to recover from any corruption incidents.

2. **Access Controls**: Implement strict access controls to limit who can modify data and configurations within the ICS.

3. **Data Validation**: Use data validation techniques to check for inconsistencies or anomalies in data before it is processed.

4. **Network Segmentation**: Segment the network to isolate critical systems and reduce the risk of data corruption from external threats.

5. **Intrusion Detection Systems**: Deploy intrusion detection systems to monitor for unauthorized access or anomalies that could indicate data corruption.

6. **Regular Audits**: Conduct regular audits and assessments of data integrity and system configurations to identify potential vulnerabilities.

7. **Patch Management**: Keep all software and firmware up to date to protect against known vulnerabilities that could lead to data corruption.

8. **Training and Awareness**: Provide training for personnel on best practices for data handling and the importance of data integrity.

9. **Incident Response Plan**: Develop and maintain an incident response plan to quickly address any data corruption incidents that may occur.

10. **Redundancy**: Implement redundant systems and data paths to ensure that there is a fallback option in case of data corruption. 

By adopting these measures, organizations can significantly reduce the risk of data corruption in their ICS environments."
How can detection capabilities be improved in ICS environments?,inferential,"<b>Detection capabilities in ICS environments can be improved by implementing a combination of advanced monitoring tools, regular security assessments, and employee training. Utilizing intrusion detection systems specifically designed for industrial control systems can enhance real-time monitoring. Additionally, establishing baseline behavior for network traffic and system operations can help identify anomalies. Regularly updating and patching software, along with conducting vulnerability assessments, can further strengthen security. Training personnel to recognize potential threats and respond effectively is also crucial for maintaining a robust security posture.</b>","Detection capabilities in ICS environments can be improved by implementing a combination of advanced monitoring tools, regular security assessments, and employee training. Utilizing intrusion detection systems specifically designed for industrial control systems can enhance real-time monitoring. Additionally, establishing baseline behavior for network traffic and system operations can help identify anomalies. Regularly updating and patching software, along with conducting vulnerability assessments, can further strengthen security. Training personnel to recognize potential threats and respond effectively is also crucial for maintaining a robust security posture."
What steps can be taken to protect critical ICS settings from unauthorized changes?,factual,"<b>To protect critical Industrial Control System (ICS) settings from unauthorized changes, the following steps can be taken:

1. **Access Control**: Implement strict access control measures to ensure that only authorized personnel can access critical settings. This includes using role-based access controls and regularly reviewing access permissions.

2. **Authentication**: Use strong authentication methods, such as multi-factor authentication, to verify the identity of users accessing the ICS.

3. **Network Segmentation**: Isolate ICS networks from other networks to limit exposure to potential threats. This can help prevent unauthorized access from external sources.

4. **Monitoring and Logging**: Continuously monitor and log all changes made to ICS settings. This allows for the detection of unauthorized changes and provides a trail for investigation.

5. **Regular Audits**: Conduct regular audits of ICS settings and access logs to identify any unauthorized changes or access attempts.

6. **Change Management Procedures**: Establish formal change management procedures that require approval for any modifications to critical settings. This should include documentation of changes and their justifications.

7. **Backup Configurations**: Regularly back up ICS configurations and settings to ensure that they can be restored in case of unauthorized changes or system failures.

8. **Training and Awareness**: Provide training for personnel on the importance of security in ICS environments and the potential risks associated with unauthorized changes.

9. **Incident Response Plan**: Develop and maintain an incident response plan that outlines the steps to take in the event of unauthorized changes or security breaches.

10. **Patch Management**: Keep all ICS software and hardware up to date with the latest security patches to protect against vulnerabilities that could be exploited for unauthorized access. 

Implementing these measures can significantly enhance the security of critical ICS settings against unauthorized changes.</b>","To protect critical Industrial Control System (ICS) settings from unauthorized changes, the following steps can be taken:

1. **Access Control**: Implement strict access control measures to ensure that only authorized personnel can access critical settings. This includes using role-based access controls and regularly reviewing access permissions.

2. **Authentication**: Use strong authentication methods, such as multi-factor authentication, to verify the identity of users accessing the ICS.

3. **Network Segmentation**: Isolate ICS networks from other networks to limit exposure to potential threats. This can help prevent unauthorized access from external sources.

4. **Monitoring and Logging**: Continuously monitor and log all changes made to ICS settings. This allows for the detection of unauthorized changes and provides a trail for investigation.

5. **Regular Audits**: Conduct regular audits of ICS settings and access logs to identify any unauthorized changes or access attempts.

6. **Change Management Procedures**: Establish formal change management procedures that require approval for any modifications to critical settings. This should include documentation of changes and their justifications.

7. **Backup Configurations**: Regularly back up ICS configurations and settings to ensure that they can be restored in case of unauthorized changes or system failures.

8. **Training and Awareness**: Provide training for personnel on the importance of security in ICS environments and the potential risks associated with unauthorized changes.

9. **Incident Response Plan**: Develop and maintain an incident response plan that outlines the steps to take in the event of unauthorized changes or security breaches.

10. **Patch Management**: Keep all ICS software and hardware up to date with the latest security patches to protect against vulnerabilities that could be exploited for unauthorized access. 

Implementing these measures can significantly enhance the security of critical ICS settings against unauthorized changes."
How can the response capabilities of ICS operators be improved during cyberattacks?,inferential,"<b>To improve the response capabilities of ICS operators during cyberattacks, several strategies can be implemented:

1. **Training and Simulation**: Regular training sessions and simulation exercises can enhance the skills of ICS operators, preparing them for various cyberattack scenarios.

2. **Incident Response Plans**: Developing and regularly updating comprehensive incident response plans ensures that operators know the steps to take during an attack.

3. **Real-time Monitoring**: Implementing advanced monitoring tools can help detect anomalies and potential threats in real-time, allowing for quicker responses.

4. **Collaboration and Communication**: Establishing clear communication channels among team members and with external stakeholders can facilitate coordinated responses during incidents.

5. **Threat Intelligence Sharing**: Engaging in information sharing with other organizations and industry groups can provide insights into emerging threats and effective countermeasures.

6. **Regular System Updates and Patching**: Keeping systems updated with the latest security patches can reduce vulnerabilities that attackers might exploit.

7. **Access Control and Segmentation**: Implementing strict access controls and network segmentation can limit the impact of a cyberattack and help contain threats.

8. **Post-Incident Reviews**: Conducting thorough reviews after incidents can identify weaknesses and areas for improvement, enhancing future response efforts. 

By focusing on these areas, ICS operators can significantly enhance their ability to respond effectively to cyberattacks.</b>","To improve the response capabilities of ICS operators during cyberattacks, several strategies can be implemented:

1. **Training and Simulation**: Regular training sessions and simulation exercises can enhance the skills of ICS operators, preparing them for various cyberattack scenarios.

2. **Incident Response Plans**: Developing and regularly updating comprehensive incident response plans ensures that operators know the steps to take during an attack.

3. **Real-time Monitoring**: Implementing advanced monitoring tools can help detect anomalies and potential threats in real-time, allowing for quicker responses.

4. **Collaboration and Communication**: Establishing clear communication channels among team members and with external stakeholders can facilitate coordinated responses during incidents.

5. **Threat Intelligence Sharing**: Engaging in information sharing with other organizations and industry groups can provide insights into emerging threats and effective countermeasures.

6. **Regular System Updates and Patching**: Keeping systems updated with the latest security patches can reduce vulnerabilities that attackers might exploit.

7. **Access Control and Segmentation**: Implementing strict access controls and network segmentation can limit the impact of a cyberattack and help contain threats.

8. **Post-Incident Reviews**: Conducting thorough reviews after incidents can identify weaknesses and areas for improvement, enhancing future response efforts. 

By focusing on these areas, ICS operators can significantly enhance their ability to respond effectively to cyberattacks."
How can the spread of malware be contained in ICS environments?,inferential,"<b>To contain the spread of malware in Industrial Control Systems (ICS) environments, several strategies can be implemented:

1. **Network Segmentation**: Isolate ICS networks from corporate and external networks to limit access and reduce the risk of malware spreading.

2. **Access Controls**: Implement strict access controls and authentication measures to ensure that only authorized personnel can access critical systems.

3. **Regular Updates and Patching**: Keep all software and firmware up to date to protect against known vulnerabilities that malware could exploit.

4. **Intrusion Detection Systems (IDS)**: Utilize IDS to monitor network traffic for unusual activity that may indicate a malware infection.

5. **Endpoint Protection**: Deploy antivirus and anti-malware solutions on all endpoints within the ICS environment to detect and mitigate threats.

6. **Incident Response Plan**: Develop and regularly update an incident response plan to quickly address any malware incidents that occur.

7. **Employee Training**: Conduct regular training for employees on cybersecurity best practices to reduce the risk of human error leading to malware infections.

8. **Backup and Recovery**: Maintain regular backups of critical data and systems to ensure quick recovery in the event of a malware attack.

By implementing these measures, organizations can significantly reduce the risk of malware spreading within their ICS environments.</b>","To contain the spread of malware in Industrial Control Systems (ICS) environments, several strategies can be implemented:

1. **Network Segmentation**: Isolate ICS networks from corporate and external networks to limit access and reduce the risk of malware spreading.

2. **Access Controls**: Implement strict access controls and authentication measures to ensure that only authorized personnel can access critical systems.

3. **Regular Updates and Patching**: Keep all software and firmware up to date to protect against known vulnerabilities that malware could exploit.

4. **Intrusion Detection Systems (IDS)**: Utilize IDS to monitor network traffic for unusual activity that may indicate a malware infection.

5. **Endpoint Protection**: Deploy antivirus and anti-malware solutions on all endpoints within the ICS environment to detect and mitigate threats.

6. **Incident Response Plan**: Develop and regularly update an incident response plan to quickly address any malware incidents that occur.

7. **Employee Training**: Conduct regular training for employees on cybersecurity best practices to reduce the risk of human error leading to malware infections.

8. **Backup and Recovery**: Maintain regular backups of critical data and systems to ensure quick recovery in the event of a malware attack.

By implementing these measures, organizations can significantly reduce the risk of malware spreading within their ICS environments."
How can continuous monitoring be effectively implemented in ICS environments?,inferential,"<b>Effective implementation of continuous monitoring in Industrial Control Systems (ICS) environments can be achieved through several key strategies:

1. **Establish Clear Objectives**: Define what needs to be monitored, including critical assets, network traffic, and system performance metrics.

2. **Utilize Automated Tools**: Deploy automated monitoring tools that can continuously assess the health and security of ICS components, providing real-time alerts for any anomalies.

3. **Integrate with Existing Systems**: Ensure that monitoring solutions are compatible with existing ICS infrastructure to facilitate seamless data collection and analysis.

4. **Regularly Update Monitoring Protocols**: Keep monitoring protocols up to date to address new vulnerabilities and threats as they emerge.

5. **Implement Data Analytics**: Use advanced data analytics to interpret monitoring data, helping to identify patterns and potential security incidents.

6. **Conduct Regular Audits**: Perform periodic audits of the monitoring processes to ensure effectiveness and compliance with industry standards.

7. **Train Personnel**: Provide training for staff on the importance of continuous monitoring and how to respond to alerts and incidents.

8. **Establish Incident Response Plans**: Develop and maintain incident response plans that can be activated when monitoring detects a potential threat.

By focusing on these strategies, organizations can enhance their ability to monitor ICS environments continuously and respond effectively to any issues that arise.</b>","Effective implementation of continuous monitoring in Industrial Control Systems (ICS) environments can be achieved through several key strategies:

1. **Establish Clear Objectives**: Define what needs to be monitored, including critical assets, network traffic, and system performance metrics.

2. **Utilize Automated Tools**: Deploy automated monitoring tools that can continuously assess the health and security of ICS components, providing real-time alerts for any anomalies.

3. **Integrate with Existing Systems**: Ensure that monitoring solutions are compatible with existing ICS infrastructure to facilitate seamless data collection and analysis.

4. **Regularly Update Monitoring Protocols**: Keep monitoring protocols up to date to address new vulnerabilities and threats as they emerge.

5. **Implement Data Analytics**: Use advanced data analytics to interpret monitoring data, helping to identify patterns and potential security incidents.

6. **Conduct Regular Audits**: Perform periodic audits of the monitoring processes to ensure effectiveness and compliance with industry standards.

7. **Train Personnel**: Provide training for staff on the importance of continuous monitoring and how to respond to alerts and incidents.

8. **Establish Incident Response Plans**: Develop and maintain incident response plans that can be activated when monitoring detects a potential threat.

By focusing on these strategies, organizations can enhance their ability to monitor ICS environments continuously and respond effectively to any issues that arise."
What measures can be taken to secure service accounts in ICS environments?,factual,"<b>To secure service accounts in ICS (Industrial Control Systems) environments, several measures can be implemented:

1. **Least Privilege Principle**: Ensure that service accounts have the minimum permissions necessary to perform their functions. This limits potential damage in case of a compromise.

2. **Strong Authentication**: Use strong, complex passwords and consider implementing multi-factor authentication (MFA) for service accounts to enhance security.

3. **Regular Audits and Monitoring**: Conduct regular audits of service account usage and permissions. Monitor for any unusual activity that could indicate a security breach.

4. **Account Lifecycle Management**: Implement processes for the creation, modification, and deactivation of service accounts. Ensure that accounts are disabled or removed when no longer needed.

5. **Segmentation and Isolation**: Isolate service accounts within the network to limit their access to critical systems and reduce the risk of lateral movement by attackers.

6. **Logging and Incident Response**: Enable logging for service account activities and establish an incident response plan to address any security incidents involving these accounts.

7. **Regular Updates and Patching**: Keep systems and applications up to date with the latest security patches to protect against vulnerabilities that could be exploited through service accounts.

8. **Education and Training**: Provide training for personnel on the importance of securing service accounts and the potential risks associated with their misuse.

By implementing these measures, organizations can significantly enhance the security of service accounts in ICS environments.</b>","To secure service accounts in ICS (Industrial Control Systems) environments, several measures can be implemented:

1. **Least Privilege Principle**: Ensure that service accounts have the minimum permissions necessary to perform their functions. This limits potential damage in case of a compromise.

2. **Strong Authentication**: Use strong, complex passwords and consider implementing multi-factor authentication (MFA) for service accounts to enhance security.

3. **Regular Audits and Monitoring**: Conduct regular audits of service account usage and permissions. Monitor for any unusual activity that could indicate a security breach.

4. **Account Lifecycle Management**: Implement processes for the creation, modification, and deactivation of service accounts. Ensure that accounts are disabled or removed when no longer needed.

5. **Segmentation and Isolation**: Isolate service accounts within the network to limit their access to critical systems and reduce the risk of lateral movement by attackers.

6. **Logging and Incident Response**: Enable logging for service account activities and establish an incident response plan to address any security incidents involving these accounts.

7. **Regular Updates and Patching**: Keep systems and applications up to date with the latest security patches to protect against vulnerabilities that could be exploited through service accounts.

8. **Education and Training**: Provide training for personnel on the importance of securing service accounts and the potential risks associated with their misuse.

By implementing these measures, organizations can significantly enhance the security of service accounts in ICS environments."
